{
    "@context": "\/api\/3\/contexts\/StagingModelMetadata",
    "@id": "\/api\/3\/staging_model_metadatas\/9ce13ccb-dd02-4c8d-b8ed-71c711872261",
    "@type": "StagingModelMetadata",
    "type": "mitre_sub_techniques",
    "parentType": null,
    "tableName": "mitre_sub_techniques",
    "ownable": false,
    "userOwnable": false,
    "trackable": false,
    "taggable": true,
    "peerReplicable": false,
    "defaultSort": [],
    "uniqueConstraint": [],
    "indexable": true,
    "writable": true,
    "attributes": [
        {
            "@id": "\/api\/3\/attribute_metadatas\/2eb5d4d7-40e0-4a94-b5ce-17d35e0cb0ec",
            "@type": "AttributeMetadata",
            "type": "incidents",
            "name": "incidents",
            "length": null,
            "orderIndex": 1,
            "formType": "manyToMany",
            "dataSource": {
                "model": "incidents"
            },
            "searchable": false,
            "peerReplicable": false,
            "system": false,
            "encrypted": false,
            "gridColumn": false,
            "collection": true,
            "inversedField": "mitresubtechniques",
            "ownsRelationship": true,
            "validation": {
                "required": false,
                "minlength": 0,
                "maxlength": 10485761
            },
            "bulkAction": [],
            "dataSourceFilters": null,
            "defaultValue": null,
            "tooltip": null,
            "visibility": true,
            "htmlEscape": null,
            "orphanRemoval": null,
            "readable": null,
            "writeable": true,
            "identifier": null,
            "unique": false,
            "recommend": false,
            "sattrib": "\/api\/3\/staging_model_metadatas\/9ce13ccb-dd02-4c8d-b8ed-71c711872261",
            "uuid": "2eb5d4d7-40e0-4a94-b5ce-17d35e0cb0ec",
            "displayName": "{{ incidents }}",
            "descriptions": {
                "singular": "Incidents"
            }
        },
        {
            "@id": "\/api\/3\/attribute_metadatas\/772f6ced-5230-4765-b59d-2e7b9bdd1d7d",
            "@type": "AttributeMetadata",
            "type": "alerts",
            "name": "alerts",
            "length": null,
            "orderIndex": 2,
            "formType": "manyToMany",
            "dataSource": {
                "model": "alerts"
            },
            "searchable": false,
            "peerReplicable": false,
            "system": false,
            "encrypted": false,
            "gridColumn": false,
            "collection": true,
            "inversedField": "mitre_sub_techniques",
            "ownsRelationship": true,
            "validation": {
                "required": false,
                "minlength": 0,
                "maxlength": 10485761
            },
            "bulkAction": [],
            "dataSourceFilters": null,
            "defaultValue": null,
            "tooltip": null,
            "visibility": true,
            "htmlEscape": null,
            "orphanRemoval": null,
            "readable": null,
            "writeable": true,
            "identifier": null,
            "unique": false,
            "recommend": false,
            "sattrib": "\/api\/3\/staging_model_metadatas\/9ce13ccb-dd02-4c8d-b8ed-71c711872261",
            "uuid": "772f6ced-5230-4765-b59d-2e7b9bdd1d7d",
            "displayName": "{{ alerts }}",
            "descriptions": {
                "singular": "Alerts"
            }
        },
        {
            "@id": "\/api\/3\/attribute_metadatas\/05625c09-c7e5-47bb-9542-136c53727926",
            "@type": "AttributeMetadata",
            "type": "string",
            "name": "mitreId",
            "length": null,
            "orderIndex": 1,
            "formType": "text",
            "dataSource": null,
            "searchable": false,
            "peerReplicable": true,
            "system": false,
            "encrypted": false,
            "gridColumn": false,
            "collection": false,
            "inversedField": null,
            "ownsRelationship": false,
            "validation": {
                "required": false,
                "minlength": 0,
                "maxlength": 10485761
            },
            "bulkAction": {
                "allow": false,
                "buttonText": "",
                "buttonIcon": "",
                "buttonClass": "btn btn-default btn-sm"
            },
            "dataSourceFilters": null,
            "defaultValue": "",
            "tooltip": null,
            "visibility": true,
            "htmlEscape": null,
            "orphanRemoval": null,
            "readable": null,
            "writeable": true,
            "identifier": null,
            "unique": false,
            "recommend": false,
            "sattrib": "\/api\/3\/staging_model_metadatas\/9ce13ccb-dd02-4c8d-b8ed-71c711872261",
            "uuid": "05625c09-c7e5-47bb-9542-136c53727926",
            "displayName": "{{ mitreId }}",
            "descriptions": {
                "singular": "Mitre ID"
            }
        },
        {
            "@id": "\/api\/3\/attribute_metadatas\/b201c6ce-f2b1-4e5d-b46e-0e7c89301f9d",
            "@type": "AttributeMetadata",
            "type": "string",
            "name": "name",
            "length": null,
            "orderIndex": 3,
            "formType": "text",
            "dataSource": null,
            "searchable": false,
            "peerReplicable": true,
            "system": false,
            "encrypted": false,
            "gridColumn": false,
            "collection": false,
            "inversedField": null,
            "ownsRelationship": false,
            "validation": {
                "required": false,
                "minlength": 0,
                "maxlength": 10485761
            },
            "bulkAction": {
                "allow": false,
                "buttonText": "",
                "buttonIcon": "",
                "buttonClass": "btn btn-default btn-sm"
            },
            "dataSourceFilters": null,
            "defaultValue": "",
            "tooltip": null,
            "visibility": true,
            "htmlEscape": null,
            "orphanRemoval": null,
            "readable": null,
            "writeable": true,
            "identifier": null,
            "unique": false,
            "recommend": false,
            "sattrib": "\/api\/3\/staging_model_metadatas\/9ce13ccb-dd02-4c8d-b8ed-71c711872261",
            "uuid": "b201c6ce-f2b1-4e5d-b46e-0e7c89301f9d",
            "displayName": "{{ name }}",
            "descriptions": {
                "singular": "Name"
            }
        },
        {
            "@id": "\/api\/3\/attribute_metadatas\/3854bc6b-667c-4c93-bb55-20d842bc36ca",
            "@type": "AttributeMetadata",
            "type": "string",
            "name": "description",
            "length": null,
            "orderIndex": 4,
            "formType": "richtext",
            "dataSource": null,
            "searchable": true,
            "peerReplicable": true,
            "system": false,
            "encrypted": false,
            "gridColumn": false,
            "collection": false,
            "inversedField": null,
            "ownsRelationship": false,
            "validation": {
                "required": false,
                "minlength": 0,
                "maxlength": 10485761,
                "_enableRange": false
            },
            "bulkAction": {
                "allow": false,
                "buttonText": "",
                "buttonIcon": "",
                "buttonClass": "btn btn-default btn-sm"
            },
            "dataSourceFilters": null,
            "defaultValue": null,
            "tooltip": null,
            "visibility": true,
            "htmlEscape": null,
            "orphanRemoval": null,
            "readable": null,
            "writeable": true,
            "identifier": null,
            "unique": false,
            "recommend": false,
            "sattrib": "\/api\/3\/staging_model_metadatas\/9ce13ccb-dd02-4c8d-b8ed-71c711872261",
            "uuid": "3854bc6b-667c-4c93-bb55-20d842bc36ca",
            "displayName": "{{ description }}",
            "descriptions": {
                "singular": "Description"
            }
        },
        {
            "@id": "\/api\/3\/attribute_metadatas\/f8086aa2-65f3-41b5-a264-3b6517114304",
            "@type": "AttributeMetadata",
            "type": "string",
            "name": "detection",
            "length": null,
            "orderIndex": 5,
            "formType": "richtext",
            "dataSource": null,
            "searchable": true,
            "peerReplicable": true,
            "system": false,
            "encrypted": false,
            "gridColumn": false,
            "collection": false,
            "inversedField": null,
            "ownsRelationship": false,
            "validation": {
                "required": false,
                "minlength": 0,
                "maxlength": 10485761,
                "_enableRange": false
            },
            "bulkAction": {
                "allow": false,
                "buttonText": "",
                "buttonIcon": "",
                "buttonClass": "btn btn-default btn-sm"
            },
            "dataSourceFilters": null,
            "defaultValue": null,
            "tooltip": null,
            "visibility": true,
            "htmlEscape": null,
            "orphanRemoval": null,
            "readable": null,
            "writeable": true,
            "identifier": null,
            "unique": false,
            "recommend": false,
            "sattrib": "\/api\/3\/staging_model_metadatas\/9ce13ccb-dd02-4c8d-b8ed-71c711872261",
            "uuid": "f8086aa2-65f3-41b5-a264-3b6517114304",
            "displayName": "{{ detection }}",
            "descriptions": {
                "singular": "Detection"
            }
        },
        {
            "@id": "\/api\/3\/attribute_metadatas\/cf505d0d-69df-4a4c-a234-fb6b9974868e",
            "@type": "AttributeMetadata",
            "type": "mitre_techniques",
            "name": "parentTechnique",
            "length": null,
            "orderIndex": 6,
            "formType": "lookup",
            "dataSource": {
                "model": "mitre_techniques"
            },
            "searchable": false,
            "peerReplicable": true,
            "system": false,
            "encrypted": false,
            "gridColumn": false,
            "collection": false,
            "inversedField": null,
            "ownsRelationship": false,
            "validation": {
                "required": false,
                "minlength": 0,
                "maxlength": 10485761
            },
            "bulkAction": {
                "allow": false,
                "buttonText": "",
                "buttonIcon": "",
                "buttonClass": "btn btn-default btn-sm"
            },
            "dataSourceFilters": null,
            "defaultValue": null,
            "tooltip": null,
            "visibility": true,
            "htmlEscape": null,
            "orphanRemoval": null,
            "readable": null,
            "writeable": true,
            "identifier": null,
            "unique": false,
            "recommend": false,
            "sattrib": "\/api\/3\/staging_model_metadatas\/9ce13ccb-dd02-4c8d-b8ed-71c711872261",
            "uuid": "cf505d0d-69df-4a4c-a234-fb6b9974868e",
            "displayName": "{{ parentTechnique }}",
            "descriptions": {
                "singular": "Sub-technique of"
            }
        },
        {
            "@id": "\/api\/3\/attribute_metadatas\/ddac0d84-83a0-4e31-9668-3c2b5d34e8dc",
            "@type": "AttributeMetadata",
            "type": "string",
            "name": "version",
            "length": null,
            "orderIndex": 7,
            "formType": "text",
            "dataSource": null,
            "searchable": false,
            "peerReplicable": true,
            "system": false,
            "encrypted": false,
            "gridColumn": false,
            "collection": false,
            "inversedField": null,
            "ownsRelationship": false,
            "validation": {
                "required": false,
                "minlength": 0,
                "maxlength": 10485761
            },
            "bulkAction": {
                "allow": false,
                "buttonText": "",
                "buttonIcon": "",
                "buttonClass": "btn btn-default btn-sm"
            },
            "dataSourceFilters": null,
            "defaultValue": "",
            "tooltip": null,
            "visibility": true,
            "htmlEscape": null,
            "orphanRemoval": null,
            "readable": null,
            "writeable": true,
            "identifier": null,
            "unique": false,
            "recommend": false,
            "sattrib": "\/api\/3\/staging_model_metadatas\/9ce13ccb-dd02-4c8d-b8ed-71c711872261",
            "uuid": "ddac0d84-83a0-4e31-9668-3c2b5d34e8dc",
            "displayName": "{{ version }}",
            "descriptions": {
                "singular": "Version"
            }
        },
        {
            "@id": "\/api\/3\/attribute_metadatas\/e0d8fc16-f3a2-4285-949c-83018846909a",
            "@type": "AttributeMetadata",
            "type": "string",
            "name": "myNotes",
            "length": null,
            "orderIndex": 8,
            "formType": "html",
            "dataSource": null,
            "searchable": true,
            "peerReplicable": true,
            "system": false,
            "encrypted": false,
            "gridColumn": false,
            "collection": false,
            "inversedField": null,
            "ownsRelationship": false,
            "validation": {
                "required": false,
                "minlength": 0,
                "maxlength": 10485761
            },
            "bulkAction": {
                "allow": false,
                "buttonText": "",
                "buttonIcon": "",
                "buttonClass": "btn btn-default btn-sm"
            },
            "dataSourceFilters": null,
            "defaultValue": "",
            "tooltip": null,
            "visibility": true,
            "htmlEscape": null,
            "orphanRemoval": null,
            "readable": null,
            "writeable": true,
            "identifier": null,
            "unique": false,
            "recommend": false,
            "sattrib": "\/api\/3\/staging_model_metadatas\/9ce13ccb-dd02-4c8d-b8ed-71c711872261",
            "uuid": "e0d8fc16-f3a2-4285-949c-83018846909a",
            "displayName": "{{ myNotes }}",
            "descriptions": {
                "singular": "My Notes"
            }
        },
        {
            "@id": "\/api\/3\/attribute_metadatas\/662198e2-2d85-48ee-823c-be0398dee466",
            "@type": "AttributeMetadata",
            "type": "mitre_software",
            "name": "software",
            "length": null,
            "orderIndex": 12,
            "formType": "manyToMany",
            "dataSource": {
                "model": "mitre_software"
            },
            "searchable": false,
            "peerReplicable": true,
            "system": false,
            "encrypted": false,
            "gridColumn": false,
            "collection": true,
            "inversedField": "subtechniques",
            "ownsRelationship": true,
            "validation": {
                "required": false,
                "minlength": 0,
                "maxlength": 10485761
            },
            "bulkAction": [],
            "dataSourceFilters": null,
            "defaultValue": null,
            "tooltip": null,
            "visibility": true,
            "htmlEscape": null,
            "orphanRemoval": null,
            "readable": null,
            "writeable": true,
            "identifier": null,
            "unique": false,
            "recommend": false,
            "sattrib": "\/api\/3\/staging_model_metadatas\/9ce13ccb-dd02-4c8d-b8ed-71c711872261",
            "uuid": "662198e2-2d85-48ee-823c-be0398dee466",
            "displayName": "{{ software }}",
            "descriptions": {
                "singular": "Software"
            }
        },
        {
            "@id": "\/api\/3\/attribute_metadatas\/5dfa0cd2-c137-4032-a7b8-ba151f458491",
            "@type": "AttributeMetadata",
            "type": "integer",
            "name": "lastModified",
            "length": null,
            "orderIndex": 2,
            "formType": "datetime",
            "dataSource": null,
            "searchable": true,
            "peerReplicable": true,
            "system": false,
            "encrypted": false,
            "gridColumn": false,
            "collection": false,
            "inversedField": null,
            "ownsRelationship": false,
            "validation": {
                "required": false,
                "minlength": 0,
                "maxlength": 10485761
            },
            "bulkAction": {
                "allow": false,
                "buttonText": "",
                "buttonIcon": "",
                "buttonClass": "btn btn-default btn-sm"
            },
            "dataSourceFilters": null,
            "defaultValue": null,
            "tooltip": null,
            "visibility": true,
            "htmlEscape": null,
            "orphanRemoval": null,
            "readable": null,
            "writeable": true,
            "identifier": null,
            "unique": false,
            "recommend": false,
            "sattrib": "\/api\/3\/staging_model_metadatas\/9ce13ccb-dd02-4c8d-b8ed-71c711872261",
            "uuid": "5dfa0cd2-c137-4032-a7b8-ba151f458491",
            "displayName": "{{ lastModified }}",
            "descriptions": {
                "singular": "Last Modified"
            }
        },
        {
            "@id": "\/api\/3\/attribute_metadatas\/b8db219f-e7c6-4a35-8a9d-48dd450dc0a3",
            "@type": "AttributeMetadata",
            "type": "integer",
            "name": "created",
            "length": null,
            "orderIndex": 13,
            "formType": "datetime",
            "dataSource": null,
            "searchable": true,
            "peerReplicable": true,
            "system": false,
            "encrypted": false,
            "gridColumn": false,
            "collection": false,
            "inversedField": null,
            "ownsRelationship": false,
            "validation": {
                "required": false,
                "minlength": 0,
                "maxlength": 10485761
            },
            "bulkAction": {
                "allow": false,
                "buttonText": "",
                "buttonIcon": "",
                "buttonClass": "btn btn-default btn-sm"
            },
            "dataSourceFilters": null,
            "defaultValue": null,
            "tooltip": null,
            "visibility": true,
            "htmlEscape": null,
            "orphanRemoval": null,
            "readable": null,
            "writeable": true,
            "identifier": null,
            "unique": false,
            "recommend": false,
            "sattrib": "\/api\/3\/staging_model_metadatas\/9ce13ccb-dd02-4c8d-b8ed-71c711872261",
            "uuid": "b8db219f-e7c6-4a35-8a9d-48dd450dc0a3",
            "displayName": "{{ created }}",
            "descriptions": {
                "singular": "Created"
            }
        },
        {
            "@id": "\/api\/3\/attribute_metadatas\/89d6c538-cc16-4386-ae75-623961f1aa3e",
            "@type": "AttributeMetadata",
            "type": "string",
            "name": "platforms",
            "length": null,
            "orderIndex": 9,
            "formType": "text",
            "dataSource": null,
            "searchable": false,
            "peerReplicable": true,
            "system": false,
            "encrypted": false,
            "gridColumn": false,
            "collection": false,
            "inversedField": null,
            "ownsRelationship": false,
            "validation": {
                "required": false,
                "minlength": 0,
                "maxlength": 10485761
            },
            "bulkAction": {
                "allow": false,
                "buttonText": "",
                "buttonIcon": "",
                "buttonClass": "btn btn-default btn-sm"
            },
            "dataSourceFilters": null,
            "defaultValue": "",
            "tooltip": null,
            "visibility": true,
            "htmlEscape": null,
            "orphanRemoval": null,
            "readable": null,
            "writeable": true,
            "identifier": null,
            "unique": false,
            "recommend": false,
            "sattrib": "\/api\/3\/staging_model_metadatas\/9ce13ccb-dd02-4c8d-b8ed-71c711872261",
            "uuid": "89d6c538-cc16-4386-ae75-623961f1aa3e",
            "displayName": "{{ platforms }}",
            "descriptions": {
                "singular": "Platforms"
            }
        },
        {
            "@id": "\/api\/3\/attribute_metadatas\/07d6f026-ff7d-4f51-aa89-7eead3d74c28",
            "@type": "AttributeMetadata",
            "type": "string",
            "name": "permissionsRequired",
            "length": null,
            "orderIndex": 10,
            "formType": "text",
            "dataSource": null,
            "searchable": false,
            "peerReplicable": true,
            "system": false,
            "encrypted": false,
            "gridColumn": false,
            "collection": false,
            "inversedField": null,
            "ownsRelationship": false,
            "validation": {
                "required": false,
                "minlength": 0,
                "maxlength": 10485761
            },
            "bulkAction": {
                "allow": false,
                "buttonText": "",
                "buttonIcon": "",
                "buttonClass": "btn btn-default btn-sm"
            },
            "dataSourceFilters": null,
            "defaultValue": "",
            "tooltip": null,
            "visibility": true,
            "htmlEscape": null,
            "orphanRemoval": null,
            "readable": null,
            "writeable": true,
            "identifier": null,
            "unique": false,
            "recommend": false,
            "sattrib": "\/api\/3\/staging_model_metadatas\/9ce13ccb-dd02-4c8d-b8ed-71c711872261",
            "uuid": "07d6f026-ff7d-4f51-aa89-7eead3d74c28",
            "displayName": "{{ permissionsRequired }}",
            "descriptions": {
                "singular": "Permissions Required"
            }
        },
        {
            "@id": "\/api\/3\/attribute_metadatas\/9bf9d866-63ab-42fe-978e-cb68212725a3",
            "@type": "AttributeMetadata",
            "type": "string",
            "name": "capecId",
            "length": null,
            "orderIndex": 14,
            "formType": "text",
            "dataSource": null,
            "searchable": false,
            "peerReplicable": true,
            "system": false,
            "encrypted": false,
            "gridColumn": false,
            "collection": false,
            "inversedField": null,
            "ownsRelationship": false,
            "validation": {
                "required": false,
                "minlength": 0,
                "maxlength": 10485761
            },
            "bulkAction": {
                "allow": false,
                "buttonText": "",
                "buttonIcon": "",
                "buttonClass": "btn btn-default btn-sm"
            },
            "dataSourceFilters": null,
            "defaultValue": "",
            "tooltip": null,
            "visibility": true,
            "htmlEscape": null,
            "orphanRemoval": null,
            "readable": null,
            "writeable": true,
            "identifier": null,
            "unique": false,
            "recommend": false,
            "sattrib": "\/api\/3\/staging_model_metadatas\/9ce13ccb-dd02-4c8d-b8ed-71c711872261",
            "uuid": "9bf9d866-63ab-42fe-978e-cb68212725a3",
            "displayName": "{{ capecId }}",
            "descriptions": {
                "singular": "CAPEC ID"
            }
        },
        {
            "@id": "\/api\/3\/attribute_metadatas\/a09b8f37-b557-439c-ae30-88c5b6321ae3",
            "@type": "AttributeMetadata",
            "type": "string",
            "name": "dataSources",
            "length": null,
            "orderIndex": 11,
            "formType": "text",
            "dataSource": null,
            "searchable": false,
            "peerReplicable": true,
            "system": false,
            "encrypted": false,
            "gridColumn": false,
            "collection": false,
            "inversedField": null,
            "ownsRelationship": false,
            "validation": {
                "required": false,
                "minlength": 0,
                "maxlength": 10485761
            },
            "bulkAction": {
                "allow": false,
                "buttonText": "",
                "buttonIcon": "",
                "buttonClass": "btn btn-default btn-sm"
            },
            "dataSourceFilters": null,
            "defaultValue": "",
            "tooltip": null,
            "visibility": true,
            "htmlEscape": null,
            "orphanRemoval": null,
            "readable": null,
            "writeable": true,
            "identifier": null,
            "unique": false,
            "recommend": false,
            "sattrib": "\/api\/3\/staging_model_metadatas\/9ce13ccb-dd02-4c8d-b8ed-71c711872261",
            "uuid": "a09b8f37-b557-439c-ae30-88c5b6321ae3",
            "displayName": "{{ dataSources }}",
            "descriptions": {
                "singular": "Data Sources"
            }
        }
    ],
    "system": false,
    "module": "mitre_sub_techniques",
    "uuid": "9ce13ccb-dd02-4c8d-b8ed-71c711872261",
    "displayName": "{{ name }}",
    "descriptions": {
        "singular": "Sub-technique",
        "plural": "Sub-techniques"
    }
}