{
    "@context": "\/api\/3\/contexts\/WorkflowCollection",
    "@type": "WorkflowCollection",
    "name": "13 - MITRE ATT&CK\u2122 - Modulars",
    "description": "Modular Playbooks used by MITRE Hunt playbooks",
    "visible": true,
    "image": null,
    "uuid": "e1d97fae-bb76-4989-b4d2-a30b6109e91f",
    "id": 98,
    "createUser": "\/api\/3\/people\/3451141c-bac6-467c-8d72-85e0fab569ce",
    "createDate": 1633085065,
    "modifyUser": "\/api\/3\/people\/3451141c-bac6-467c-8d72-85e0fab569ce",
    "modifyDate": 1633085065,
    "recordTags": []
}