{
    "@type": "Workflow",
    "triggerLimit": null,
    "name": "Create and Link Indicator from Alert",
    "aliasName": null,
    "tag": null,
    "description": "Creates and links indicators when an Alert is created.",
    "isActive": false,
    "debug": false,
    "singleRecordExecution": false,
    "remoteExecutableFlag": false,
    "parameters": [],
    "synchronous": false,
    "lastModifyDate": 1633085062,
    "collection": "\/api\/3\/workflow_collections\/e1d97fae-bb76-4989-b4d2-a30b6109e91f",
    "versions": [],
    "triggerStep": "\/api\/3\/workflow_steps\/1996ab00-301f-4d73-9d06-2c4330dae9e3",
    "steps": [
        {
            "@type": "WorkflowStep",
            "name": "Find Existing File Hash Indicators",
            "description": null,
            "arguments": {
                "query": {
                    "sort": [],
                    "limit": 30,
                    "logic": "AND",
                    "filters": [
                        {
                            "type": "primitive",
                            "field": "value",
                            "value": "{{vars.input.records[0].filehash}}",
                            "operator": "eq"
                        }
                    ]
                },
                "module": "indicators?$limit=30",
                "step_variables": []
            },
            "status": null,
            "top": "20",
            "left": "680",
            "stepType": "\/api\/3\/workflow_step_types\/b593663d-7d13-40ce-a3a3-96dece928770",
            "uuid": "2592a0ba-088e-4938-b3ac-fc2290c7aec8",
            "id": 4656
        },
        {
            "@type": "WorkflowStep",
            "name": "Does Alert have Hash",
            "description": null,
            "arguments": {
                "conditions": [
                    {
                        "option": "No",
                        "step_iri": "\/api\/3\/workflow_steps\/8b0e2682-2ad6-4e89-b02b-e452aabe7f8c",
                        "condition": "{{ not vars.input.records[0].filehash }}"
                    },
                    {
                        "option": "Yes",
                        "default": true,
                        "step_iri": "\/api\/3\/workflow_steps\/2592a0ba-088e-4938-b3ac-fc2290c7aec8"
                    }
                ]
            },
            "status": null,
            "top": "60",
            "left": "320",
            "stepType": "\/api\/3\/workflow_step_types\/12254cf5-5db7-4b1a-8cb1-3af081924b28",
            "uuid": "41c54f71-50e9-4107-8002-6ee47e752830",
            "id": 4657
        },
        {
            "@type": "WorkflowStep",
            "name": "Get Linked Incidents",
            "description": null,
            "arguments": {
                "params": {
                    "iri": "{{vars.input.records[0]['@id']}}?$relationships=true&$export=true",
                    "body": "",
                    "method": "GET"
                },
                "version": "2.4.0",
                "connector": "cyops_utilities",
                "operation": "make_cyops_request",
                "operationTitle": "CyOPs: Make CyOPs API Call",
                "step_variables": []
            },
            "status": null,
            "top": "300",
            "left": "20",
            "stepType": "\/api\/3\/workflow_step_types\/0109f35d-090b-4a2b-bd8a-94cbc3508562",
            "uuid": "38aab63c-8651-4f36-b121-99cfdf81dc04",
            "id": 4658
        },
        {
            "@type": "WorkflowStep",
            "name": "Start",
            "description": null,
            "arguments": {
                "resource": "alerts",
                "resources": [
                    "alerts"
                ],
                "step_variables": {
                    "input": {
                        "records": [
                            "{{vars.input.records[0]}}"
                        ]
                    }
                },
                "fieldbasedtrigger": {
                    "sort": [],
                    "limit": 30,
                    "logic": "AND",
                    "filters": [
                        {
                            "type": "object",
                            "field": "type",
                            "value": "\/api\/3\/picklists\/ab6d7fd7-7b16-4ac2-9cf2-b52a912baee8",
                            "_value": {
                                "display": "MITRE ATT&CK",
                                "itemValue": "MITRE ATT&CK"
                            },
                            "operator": "eq"
                        }
                    ]
                }
            },
            "status": null,
            "top": "51",
            "left": "20",
            "stepType": "\/api\/3\/workflow_step_types\/ea155646-3821-4542-9702-b246da430a8d",
            "uuid": "1996ab00-301f-4d73-9d06-2c4330dae9e3",
            "id": 4659
        },
        {
            "@type": "WorkflowStep",
            "name": "Create New MD5 Indicator",
            "description": null,
            "arguments": {
                "resource": {
                    "tags": null,
                    "hunts": null,
                    "notes": null,
                    "value": "{{vars.input.records[0].filehash}}",
                    "alerts": "[\"{{vars.input.records[0]['@id']}}\"]",
                    "assets": null,
                    "emails": null,
                    "events": null,
                    "owners": null,
                    "persons": null,
                    "sources": null,
                    "comments": null,
                    "__replace": "true",
                    "campaigns": null,
                    "companies": null,
                    "evidences": null,
                    "incidents": "{% if vars.steps.Get_Linked_Incidents.data.incidents %}['{{vars.steps.Get_Linked_Incidents.data.incidents[0]}}']{% endif %}",
                    "recordTags": null,
                    "reputation": {
                        "id": 6435,
                        "@id": "\/api\/3\/picklists\/ae98ebc6-beef-4882-9980-1d88fc6d87cd",
                        "icon": null,
                        "@type": "Picklist",
                        "color": "#696969",
                        "display": "TBD",
                        "listName": "\/api\/3\/picklist_names\/e75ed3c3-9f23-4a43-832b-0daf236209ba",
                        "itemValue": "TBD",
                        "orderIndex": 3
                    },
                    "attachments": null,
                    "description": null,
                    "indicatorStatus": null,
                    "typeofindicator": {
                        "id": 4169,
                        "@id": "\/api\/3\/picklists\/0ca054f2-d923-4992-a4a7-c516e6df281e",
                        "icon": null,
                        "@type": "Picklist",
                        "color": "#0d0000",
                        "display": "FileHash-MD5",
                        "listName": "\/api\/3\/picklist_names\/50ee5bfa-e18f-49ba-8af9-dcca25b0f9c0",
                        "itemValue": "FileHash-MD5",
                        "orderIndex": 3
                    },
                    "vulnerabilities": null,
                    "correlationGraph": null
                },
                "_showJson": false,
                "operation": "Overwrite",
                "collection": "\/api\/3\/upsert\/indicators",
                "tagsOperation": "OverwriteTags",
                "step_variables": []
            },
            "status": null,
            "top": "86",
            "left": "1700",
            "stepType": "\/api\/3\/workflow_step_types\/2597053c-e718-44b4-8394-4d40fe26d357",
            "uuid": "4ba5c936-7e3c-47dc-aa25-34ec686e212a",
            "id": 4660
        },
        {
            "@type": "WorkflowStep",
            "name": "Source IP Private IPspace Check",
            "description": null,
            "arguments": {
                "params": {
                    "cidr": "192.168.0.0\/16,10.0.0.0\/8,172.16.0.0\/12",
                    "ip_address": "{{vars.source_ip}}"
                },
                "version": "2.4.0",
                "connector": "cyops_utilities",
                "operation": "ip_cidr_check",
                "operationTitle": "Utils: Is IP in CIDR",
                "step_variables": []
            },
            "status": null,
            "top": "953",
            "left": "1480",
            "stepType": "\/api\/3\/workflow_step_types\/0109f35d-090b-4a2b-bd8a-94cbc3508562",
            "uuid": "c55fa74e-44ca-4541-9645-33b8df09448e",
            "id": 4661
        },
        {
            "@type": "WorkflowStep",
            "name": "Was File Hash Indicator Found",
            "description": null,
            "arguments": {
                "conditions": [
                    {
                        "option": "Yes",
                        "step_iri": "\/api\/3\/workflow_steps\/bfccd851-1c63-450f-bbbe-5186b62353d3",
                        "condition": "{{ vars.steps.Find_Existing_File_Hash_Indicators | length > 0 }}"
                    },
                    {
                        "option": "No",
                        "default": true,
                        "step_iri": "\/api\/3\/workflow_steps\/b1a71d22-beee-4784-85db-2ae01776ad38"
                    }
                ]
            },
            "status": null,
            "top": "20",
            "left": "1000",
            "stepType": "\/api\/3\/workflow_step_types\/12254cf5-5db7-4b1a-8cb1-3af081924b28",
            "uuid": "8e5b1bd6-416d-4f5a-a1e3-8ca4a96c378a",
            "id": 4662
        },
        {
            "@type": "WorkflowStep",
            "name": "No IP Address",
            "description": null,
            "arguments": {
                "params": [],
                "version": "2.4.0",
                "connector": "cyops_utilities",
                "operation": "no_op",
                "operationTitle": "Utils: No Operation",
                "step_variables": []
            },
            "status": null,
            "top": "860",
            "left": "680",
            "stepType": "\/api\/3\/workflow_step_types\/0109f35d-090b-4a2b-bd8a-94cbc3508562",
            "uuid": "dc590269-05eb-4fab-a9d9-7a709025666c",
            "id": 4663
        },
        {
            "@type": "WorkflowStep",
            "name": "Find Existing IP Address Indicators",
            "description": null,
            "arguments": {
                "query": {
                    "sort": [],
                    "limit": 30,
                    "logic": "OR",
                    "filters": [
                        {
                            "type": "primitive",
                            "field": "value",
                            "value": "{{vars.input.records[0].sourceIP}}",
                            "operator": "eq"
                        },
                        {
                            "type": "primitive",
                            "field": "value",
                            "value": "{{vars.input.records[0].destinationIP}}",
                            "operator": "eq"
                        }
                    ]
                },
                "module": "indicators?$limit=30",
                "step_variables": []
            },
            "status": null,
            "top": "770",
            "left": "680",
            "stepType": "\/api\/3\/workflow_step_types\/b593663d-7d13-40ce-a3a3-96dece928770",
            "uuid": "4047d8b5-cb0d-42d9-8b97-747ef2f6d228",
            "id": 4664
        },
        {
            "@type": "WorkflowStep",
            "name": "Create New URL Indicator",
            "description": null,
            "arguments": {
                "resource": {
                    "tags": null,
                    "hunts": null,
                    "notes": null,
                    "value": "{{vars.input.records[0].url}}",
                    "alerts": "[\"{{vars.input.records[0]['@id']}}\"]",
                    "assets": null,
                    "emails": null,
                    "events": null,
                    "owners": null,
                    "persons": null,
                    "sources": null,
                    "comments": null,
                    "__replace": "true",
                    "campaigns": null,
                    "companies": null,
                    "evidences": null,
                    "incidents": "{% if vars.steps.Get_Linked_Incidents.data.incidents %}['{{vars.steps.Get_Linked_Incidents.data.incidents[0]}}']{% endif %}",
                    "recordTags": null,
                    "reputation": {
                        "id": 6435,
                        "@id": "\/api\/3\/picklists\/ae98ebc6-beef-4882-9980-1d88fc6d87cd",
                        "icon": null,
                        "@type": "Picklist",
                        "color": "#696969",
                        "display": "TBD",
                        "listName": "\/api\/3\/picklist_names\/e75ed3c3-9f23-4a43-832b-0daf236209ba",
                        "itemValue": "TBD",
                        "orderIndex": 3
                    },
                    "attachments": null,
                    "description": null,
                    "indicatorStatus": null,
                    "typeofindicator": {
                        "id": 434,
                        "@id": "\/api\/3\/picklists\/353a37b4-3eeb-43ee-aac6-64806422cfec",
                        "icon": null,
                        "@type": "Picklist",
                        "color": "#0a0101",
                        "display": "URL",
                        "listName": "\/api\/3\/picklist_names\/50ee5bfa-e18f-49ba-8af9-dcca25b0f9c0",
                        "itemValue": "URL",
                        "orderIndex": 10
                    },
                    "vulnerabilities": null,
                    "correlationGraph": null
                },
                "_showJson": false,
                "operation": "Overwrite",
                "collection": "\/api\/3\/upsert\/indicators",
                "tagsOperation": "OverwriteTags",
                "step_variables": []
            },
            "status": null,
            "top": "669",
            "left": "1340",
            "stepType": "\/api\/3\/workflow_step_types\/2597053c-e718-44b4-8394-4d40fe26d357",
            "uuid": "a6d423a0-9c6f-4844-9665-88767329c371",
            "id": 4665
        },
        {
            "@type": "WorkflowStep",
            "name": "Create New SHA1 Indicator",
            "description": null,
            "arguments": {
                "resource": {
                    "tags": null,
                    "hunts": null,
                    "notes": null,
                    "value": "{{vars.input.records[0].filehash}}",
                    "alerts": "[\"{{vars.input.records[0]['@id']}}\"]",
                    "assets": null,
                    "emails": null,
                    "events": null,
                    "owners": null,
                    "persons": null,
                    "sources": null,
                    "comments": null,
                    "__replace": "true",
                    "campaigns": null,
                    "companies": null,
                    "evidences": null,
                    "incidents": "{% if vars.steps.Get_Linked_Incidents.data.incidents %}['{{vars.steps.Get_Linked_Incidents.data.incidents[0]}}']{% endif %}",
                    "recordTags": null,
                    "reputation": {
                        "id": 6435,
                        "@id": "\/api\/3\/picklists\/ae98ebc6-beef-4882-9980-1d88fc6d87cd",
                        "icon": null,
                        "@type": "Picklist",
                        "color": "#696969",
                        "display": "TBD",
                        "listName": "\/api\/3\/picklist_names\/e75ed3c3-9f23-4a43-832b-0daf236209ba",
                        "itemValue": "TBD",
                        "orderIndex": 3
                    },
                    "attachments": null,
                    "description": null,
                    "indicatorStatus": null,
                    "typeofindicator": {
                        "id": 6836,
                        "@id": "\/api\/3\/picklists\/143e40b0-e643-468d-b968-a542fc85f08d",
                        "icon": null,
                        "@type": "Picklist",
                        "color": "#0b0101",
                        "display": "FileHash-SHA1",
                        "listName": "\/api\/3\/picklist_names\/50ee5bfa-e18f-49ba-8af9-dcca25b0f9c0",
                        "itemValue": "FileHash-SHA1",
                        "orderIndex": 5
                    },
                    "vulnerabilities": null,
                    "correlationGraph": null
                },
                "_showJson": false,
                "operation": "Overwrite",
                "collection": "\/api\/3\/upsert\/indicators",
                "tagsOperation": "OverwriteTags",
                "step_variables": []
            },
            "status": null,
            "top": "240",
            "left": "1700",
            "stepType": "\/api\/3\/workflow_step_types\/2597053c-e718-44b4-8394-4d40fe26d357",
            "uuid": "47021465-aab1-4238-a4d2-2a5272a229b4",
            "id": 4666
        },
        {
            "@type": "WorkflowStep",
            "name": "Is Source IP Private",
            "description": null,
            "arguments": {
                "conditions": [
                    {
                        "option": "No",
                        "step_iri": "\/api\/3\/workflow_steps\/e01e9c8d-fcca-4f54-8356-b719472f4c9d",
                        "condition": "{{ vars.steps.Source_IP_Private_IPspace_Check.data['matched_cidr_ip'] | length == 0 }}"
                    },
                    {
                        "option": "Yes",
                        "default": true,
                        "step_iri": "\/api\/3\/workflow_steps\/9591e765-e5c7-4858-8a21-564b151a72b1"
                    }
                ]
            },
            "status": null,
            "top": "953",
            "left": "1820",
            "stepType": "\/api\/3\/workflow_step_types\/12254cf5-5db7-4b1a-8cb1-3af081924b28",
            "uuid": "0ca09dea-b01c-4bdd-b580-805d07f39b90",
            "id": 4667
        },
        {
            "@type": "WorkflowStep",
            "name": "Update Existing URL Indicator",
            "description": null,
            "arguments": {
                "resource": {
                    "__link": {
                        "alerts": "[\"{{vars.input.records[0]['@id']}}\"]",
                        "incidents": "{% if vars.steps.Get_Linked_Incidents.data.incidents %}['{{vars.steps.Get_Linked_Incidents.data.incidents[0]}}']{% endif %}"
                    }
                },
                "_showJson": false,
                "operation": "Append",
                "collection": "{{vars.steps.Find_Existing_URL_Indicators[0]['@id']}}",
                "collectionType": "\/api\/3\/indicators",
                "step_variables": []
            },
            "status": null,
            "top": "580",
            "left": "1340",
            "stepType": "\/api\/3\/workflow_step_types\/b593663d-7d13-40ce-a3a3-96dece928722",
            "uuid": "dae8942a-843c-4c66-9c98-777ea062ba6b",
            "id": 4668
        },
        {
            "@type": "WorkflowStep",
            "name": "No Processname",
            "description": null,
            "arguments": {
                "params": [],
                "version": "2.4.0",
                "connector": "cyops_utilities",
                "operation": "no_op",
                "operationTitle": "Utils: No Operation",
                "step_variables": []
            },
            "status": null,
            "top": "411",
            "left": "680",
            "stepType": "\/api\/3\/workflow_step_types\/0109f35d-090b-4a2b-bd8a-94cbc3508562",
            "uuid": "4d242f9e-b86d-4d82-affe-162ac1dff8ac",
            "id": 4669
        },
        {
            "@type": "WorkflowStep",
            "name": "Find Existing Processname Indicator",
            "description": null,
            "arguments": {
                "query": {
                    "sort": [],
                    "limit": 30,
                    "logic": "AND",
                    "filters": [
                        {
                            "type": "primitive",
                            "field": "value",
                            "value": "{{vars.input.records[0].processName}}",
                            "operator": "eq"
                        }
                    ]
                },
                "module": "indicators?$limit=30",
                "step_variables": []
            },
            "status": null,
            "top": "290",
            "left": "680",
            "stepType": "\/api\/3\/workflow_step_types\/b593663d-7d13-40ce-a3a3-96dece928770",
            "uuid": "6417d19e-45da-4225-9260-779beba2b57c",
            "id": 4670
        },
        {
            "@type": "WorkflowStep",
            "name": "Create Destination IP Address Indicator",
            "description": null,
            "arguments": {
                "resource": {
                    "tags": null,
                    "hunts": null,
                    "notes": null,
                    "value": "{{vars.input.records[0].destinationIP}}",
                    "alerts": "['{{vars.input.records[0]['@id']}}']",
                    "assets": null,
                    "emails": null,
                    "events": null,
                    "owners": null,
                    "persons": null,
                    "sources": null,
                    "comments": null,
                    "__replace": "true",
                    "campaigns": null,
                    "companies": null,
                    "evidences": null,
                    "incidents": "{% if vars.steps.Get_Linked_Incidents.data.incidents %}['{{vars.steps.Get_Linked_Incidents.data.incidents[0]}}']{% endif %}",
                    "recordTags": null,
                    "reputation": {
                        "id": 6435,
                        "@id": "\/api\/3\/picklists\/ae98ebc6-beef-4882-9980-1d88fc6d87cd",
                        "icon": null,
                        "@type": "Picklist",
                        "color": "#696969",
                        "display": "TBD",
                        "listName": "\/api\/3\/picklist_names\/e75ed3c3-9f23-4a43-832b-0daf236209ba",
                        "itemValue": "TBD",
                        "orderIndex": 3
                    },
                    "attachments": null,
                    "description": null,
                    "indicatorStatus": null,
                    "typeofindicator": {
                        "id": 433,
                        "@id": "\/api\/3\/picklists\/c0beeda4-2c7a-4214-b7e5-53ba1649539c",
                        "icon": null,
                        "@type": "Picklist",
                        "color": "#0b0101",
                        "display": "IP Address",
                        "listName": "\/api\/3\/picklist_names\/50ee5bfa-e18f-49ba-8af9-dcca25b0f9c0",
                        "itemValue": "IP Address",
                        "orderIndex": 7
                    },
                    "vulnerabilities": null,
                    "correlationGraph": null
                },
                "_showJson": false,
                "operation": "Overwrite",
                "collection": "\/api\/3\/upsert\/indicators",
                "tagsOperation": "OverwriteTags",
                "step_variables": []
            },
            "status": null,
            "top": "1100",
            "left": "2130",
            "stepType": "\/api\/3\/workflow_step_types\/2597053c-e718-44b4-8394-4d40fe26d357",
            "uuid": "115d8c28-7b5c-4986-b3ae-0225fe45d480",
            "id": 4671
        },
        {
            "@type": "WorkflowStep",
            "name": "Do Not Create Source IP Indicator",
            "description": null,
            "arguments": {
                "params": [],
                "version": "2.4.0",
                "connector": "cyops_utilities",
                "operation": "no_op",
                "operationTitle": "Utils: No Operation",
                "step_variables": []
            },
            "status": null,
            "top": "988",
            "left": "2130",
            "stepType": "\/api\/3\/workflow_step_types\/0109f35d-090b-4a2b-bd8a-94cbc3508562",
            "uuid": "9591e765-e5c7-4858-8a21-564b151a72b1",
            "id": 4672
        },
        {
            "@type": "WorkflowStep",
            "name": "Set File Hash IRI",
            "description": null,
            "arguments": {
                "file_hash_indicator": "{{vars.result['@id']}}"
            },
            "status": null,
            "top": "120",
            "left": "2060",
            "stepType": "\/api\/3\/workflow_step_types\/04d0cf46-b6a8-42c4-8683-60a7eaa69e8f",
            "uuid": "33b67188-71df-4bf3-aa75-a311d73186d1",
            "id": 4673
        },
        {
            "@type": "WorkflowStep",
            "name": "Update Existing File Hash Indicator",
            "description": null,
            "arguments": {
                "resource": {
                    "__link": {
                        "alerts": "[\"{{vars.input.records[0]['@id']}}\"]",
                        "incidents": "{% if vars.steps.Get_Linked_Incidents.data.incidents %}['{{vars.steps.Get_Linked_Incidents.data.incidents[0]}}']{% endif %}"
                    }
                },
                "_showJson": false,
                "operation": "Append",
                "collection": "{{vars.steps.Find_Existing_File_Hash_Indicators[0]['@id']}}",
                "collectionType": "\/api\/3\/indicators",
                "step_variables": []
            },
            "status": null,
            "top": "9",
            "left": "1700",
            "stepType": "\/api\/3\/workflow_step_types\/b593663d-7d13-40ce-a3a3-96dece928722",
            "uuid": "bfccd851-1c63-450f-bbbe-5186b62353d3",
            "id": 4674
        },
        {
            "@type": "WorkflowStep",
            "name": "Identify Type of Hash",
            "description": null,
            "arguments": {
                "conditions": [
                    {
                        "option": "MD5",
                        "step_iri": "\/api\/3\/workflow_steps\/4ba5c936-7e3c-47dc-aa25-34ec686e212a",
                        "condition": "{{ vars.input.records[0].filehash | length == 32 }}"
                    },
                    {
                        "option": "SHA256",
                        "step_iri": "\/api\/3\/workflow_steps\/b29df3f3-8465-4753-83f0-5c8d523a5e82",
                        "condition": "{{ vars.input.records[0].filehash | length == 64 }}"
                    },
                    {
                        "option": "SHA1",
                        "step_iri": "\/api\/3\/workflow_steps\/47021465-aab1-4238-a4d2-2a5272a229b4",
                        "condition": "{{ vars.input.records[0].filehash | length == 40 }}"
                    }
                ]
            },
            "status": null,
            "top": "100",
            "left": "1340",
            "stepType": "\/api\/3\/workflow_step_types\/12254cf5-5db7-4b1a-8cb1-3af081924b28",
            "uuid": "b1a71d22-beee-4784-85db-2ae01776ad38",
            "id": 4675
        },
        {
            "@type": "WorkflowStep",
            "name": "Does Alert have Processname",
            "description": null,
            "arguments": {
                "conditions": [
                    {
                        "option": "No",
                        "step_iri": "\/api\/3\/workflow_steps\/4d242f9e-b86d-4d82-affe-162ac1dff8ac",
                        "condition": "{{ not vars.input.records[0].processName }}"
                    },
                    {
                        "option": "Yes",
                        "default": true,
                        "step_iri": "\/api\/3\/workflow_steps\/6417d19e-45da-4225-9260-779beba2b57c"
                    }
                ]
            },
            "status": null,
            "top": "300",
            "left": "320",
            "stepType": "\/api\/3\/workflow_step_types\/12254cf5-5db7-4b1a-8cb1-3af081924b28",
            "uuid": "46eef88f-f966-4c29-b7ac-08093cbe2da7",
            "id": 4676
        },
        {
            "@type": "WorkflowStep",
            "name": "Was IP Address Indicator Found",
            "description": null,
            "arguments": {
                "conditions": [
                    {
                        "option": "Yes",
                        "step_iri": "\/api\/3\/workflow_steps\/2c3fe184-b9ac-4a69-9e47-0b3e5bcb8229",
                        "condition": "{{ vars.steps.Find_Existing_IP_Address_Indicators | length > 0 }}"
                    },
                    {
                        "option": "No",
                        "default": true,
                        "step_iri": "\/api\/3\/workflow_steps\/cf680872-af39-41e5-9c0e-d2b99f5f6f39"
                    }
                ]
            },
            "status": null,
            "top": "770",
            "left": "1012",
            "stepType": "\/api\/3\/workflow_step_types\/12254cf5-5db7-4b1a-8cb1-3af081924b28",
            "uuid": "fec355ee-a7d1-4694-b37b-e8bec1ac2cee",
            "id": 4677
        },
        {
            "@type": "WorkflowStep",
            "name": "Destination IP Private IPspace Check",
            "description": null,
            "arguments": {
                "params": {
                    "cidr": "192.168.0.0\/16,10.0.0.0\/8,172.16.0.0\/12",
                    "ip_address": "{{vars.dest_ip}}"
                },
                "version": "2.4.0",
                "connector": "cyops_utilities",
                "operation": "ip_cidr_check",
                "operationTitle": "Utils: Is IP in CIDR",
                "step_variables": []
            },
            "status": null,
            "top": "1140",
            "left": "1471",
            "stepType": "\/api\/3\/workflow_step_types\/0109f35d-090b-4a2b-bd8a-94cbc3508562",
            "uuid": "6a9b8ab3-f335-4e9a-b271-58b5d9c7eab5",
            "id": 4678
        },
        {
            "@type": "WorkflowStep",
            "name": "Was Processname Indicator Found",
            "description": null,
            "arguments": {
                "conditions": [
                    {
                        "option": "Yes",
                        "step_iri": "\/api\/3\/workflow_steps\/827a5310-e91a-4e33-afe5-e549458e59d5",
                        "condition": "{{ vars.steps.Find_Existing_Processname_Indicator | length > 0 }}"
                    },
                    {
                        "option": "No",
                        "default": true,
                        "step_iri": "\/api\/3\/workflow_steps\/97a3bea4-62b2-4b21-9b6e-ce879b5faeb4"
                    }
                ]
            },
            "status": null,
            "top": "340",
            "left": "1000",
            "stepType": "\/api\/3\/workflow_step_types\/12254cf5-5db7-4b1a-8cb1-3af081924b28",
            "uuid": "f477a8ce-c6aa-43f4-af31-b07bee64d465",
            "id": 4679
        },
        {
            "@type": "WorkflowStep",
            "name": "Is Destination IP Private",
            "description": null,
            "arguments": {
                "conditions": [
                    {
                        "option": "No",
                        "step_iri": "\/api\/3\/workflow_steps\/115d8c28-7b5c-4986-b3ae-0225fe45d480",
                        "condition": "{{ vars.steps.Destination_IP_Private_IPspace_Check.data['matched_cidr_ip'] | length == 0 }}"
                    },
                    {
                        "option": "Yes",
                        "default": true,
                        "step_iri": "\/api\/3\/workflow_steps\/8cbf5782-de86-41b2-99a2-7390e89b3387"
                    }
                ]
            },
            "status": null,
            "top": "1140",
            "left": "1820",
            "stepType": "\/api\/3\/workflow_step_types\/12254cf5-5db7-4b1a-8cb1-3af081924b28",
            "uuid": "781c18d0-3492-4671-a383-842b8eca3892",
            "id": 4680
        },
        {
            "@type": "WorkflowStep",
            "name": "Was URL Indicator Found",
            "description": null,
            "arguments": {
                "conditions": [
                    {
                        "option": "Yes",
                        "step_iri": "\/api\/3\/workflow_steps\/dae8942a-843c-4c66-9c98-777ea062ba6b",
                        "condition": "{{ vars.steps.Find_Existing_URL_Indicators | length > 0 }}"
                    },
                    {
                        "option": "No",
                        "default": true,
                        "step_iri": "\/api\/3\/workflow_steps\/a6d423a0-9c6f-4844-9665-88767329c371"
                    }
                ]
            },
            "status": null,
            "top": "620",
            "left": "1014",
            "stepType": "\/api\/3\/workflow_step_types\/12254cf5-5db7-4b1a-8cb1-3af081924b28",
            "uuid": "067bcfd3-5e54-4092-aa79-a07ca422e670",
            "id": 4681
        },
        {
            "@type": "WorkflowStep",
            "name": "Does Alert have URL",
            "description": null,
            "arguments": {
                "conditions": [
                    {
                        "option": "No",
                        "step_iri": "\/api\/3\/workflow_steps\/b9d42186-e09e-44f4-9175-138ac3c68ebe",
                        "condition": "{{ not vars.input.records[0].url }}"
                    },
                    {
                        "option": "Yes",
                        "default": true,
                        "step_iri": "\/api\/3\/workflow_steps\/76bfd2a6-5999-49d7-b3bf-b4523d8d0267"
                    }
                ]
            },
            "status": null,
            "top": "600",
            "left": "320",
            "stepType": "\/api\/3\/workflow_step_types\/12254cf5-5db7-4b1a-8cb1-3af081924b28",
            "uuid": "3ebb0bc0-5417-4fd1-9893-f398a88df227",
            "id": 4682
        },
        {
            "@type": "WorkflowStep",
            "name": "Set Process Name IRI",
            "description": null,
            "arguments": {
                "process_name_indicator": "{{vars.result[\"@id\"]}}"
            },
            "status": null,
            "top": "372",
            "left": "2060",
            "stepType": "\/api\/3\/workflow_step_types\/04d0cf46-b6a8-42c4-8683-60a7eaa69e8f",
            "uuid": "534df54c-7578-44b8-a0ce-fc2e2fc62c3c",
            "id": 4683
        },
        {
            "@type": "WorkflowStep",
            "name": "Correlate File Hash and Process Name Indicators",
            "description": null,
            "arguments": {
                "resource": {
                    "description": "<p>{{vars.file_hash_indicator}}<\/p>"
                },
                "_showJson": false,
                "operation": "Append",
                "collection": "{{vars.process_name_indicator}}",
                "collectionType": "\/api\/3\/indicators",
                "step_variables": []
            },
            "status": null,
            "top": "240",
            "left": "2412",
            "stepType": "\/api\/3\/workflow_step_types\/b593663d-7d13-40ce-a3a3-96dece928722",
            "uuid": "3cb94466-2360-4306-9645-379288afb729",
            "id": 4684
        },
        {
            "@type": "WorkflowStep",
            "name": "No URL",
            "description": null,
            "arguments": {
                "params": [],
                "version": "2.4.0",
                "connector": "cyops_utilities",
                "operation": "no_op",
                "operationTitle": "Utils: No Operation",
                "step_variables": []
            },
            "status": null,
            "top": "660",
            "left": "680",
            "stepType": "\/api\/3\/workflow_step_types\/0109f35d-090b-4a2b-bd8a-94cbc3508562",
            "uuid": "b9d42186-e09e-44f4-9175-138ac3c68ebe",
            "id": 4685
        },
        {
            "@type": "WorkflowStep",
            "name": "Create New Indicator Record for Processname",
            "description": null,
            "arguments": {
                "resource": {
                    "tags": null,
                    "hunts": null,
                    "notes": null,
                    "value": "{{vars.input.records[0].processName}}",
                    "alerts": "[\"{{vars.input.records[0]['@id']}}\"]",
                    "assets": null,
                    "emails": null,
                    "events": null,
                    "owners": null,
                    "persons": null,
                    "sources": null,
                    "comments": null,
                    "__replace": "true",
                    "campaigns": null,
                    "companies": null,
                    "evidences": null,
                    "incidents": "{% if vars.steps.Get_Linked_Incidents.data.incidents %}['{{vars.steps.Get_Linked_Incidents.data.incidents[0]}}']{% endif %}",
                    "recordTags": null,
                    "reputation": {
                        "id": 6435,
                        "@id": "\/api\/3\/picklists\/ae98ebc6-beef-4882-9980-1d88fc6d87cd",
                        "icon": null,
                        "@type": "Picklist",
                        "color": "#696969",
                        "display": "TBD",
                        "listName": "\/api\/3\/picklist_names\/e75ed3c3-9f23-4a43-832b-0daf236209ba",
                        "itemValue": "TBD",
                        "orderIndex": 3
                    },
                    "attachments": null,
                    "description": null,
                    "indicatorStatus": null,
                    "typeofindicator": {
                        "id": 460,
                        "@id": "\/api\/3\/picklists\/0162241b-f5bf-4917-a150-00e920be47bd",
                        "icon": null,
                        "@type": "Picklist",
                        "color": "#030000",
                        "display": "File",
                        "listName": "\/api\/3\/picklist_names\/50ee5bfa-e18f-49ba-8af9-dcca25b0f9c0",
                        "itemValue": "File",
                        "orderIndex": 2
                    },
                    "vulnerabilities": null,
                    "correlationGraph": null
                },
                "_showJson": false,
                "operation": "Overwrite",
                "collection": "\/api\/3\/upsert\/indicators",
                "tagsOperation": "OverwriteTags",
                "step_variables": []
            },
            "status": null,
            "top": "420",
            "left": "1340",
            "stepType": "\/api\/3\/workflow_step_types\/2597053c-e718-44b4-8394-4d40fe26d357",
            "uuid": "97a3bea4-62b2-4b21-9b6e-ce879b5faeb4",
            "id": 4686
        },
        {
            "@type": "WorkflowStep",
            "name": "No File Hash",
            "description": null,
            "arguments": {
                "params": [],
                "version": "2.4.0",
                "connector": "cyops_utilities",
                "operation": "no_op",
                "operationTitle": "Utils: No Operation",
                "step_variables": []
            },
            "status": null,
            "top": "120",
            "left": "680",
            "stepType": "\/api\/3\/workflow_step_types\/0109f35d-090b-4a2b-bd8a-94cbc3508562",
            "uuid": "8b0e2682-2ad6-4e89-b02b-e452aabe7f8c",
            "id": 4687
        },
        {
            "@type": "WorkflowStep",
            "name": "Create New SHA256 Indicator",
            "description": null,
            "arguments": {
                "resource": {
                    "tags": null,
                    "hunts": null,
                    "notes": null,
                    "value": "{{vars.input.records[0].filehash}}",
                    "alerts": "[\"{{vars.input.records[0]['@id']}}\"]",
                    "assets": null,
                    "emails": null,
                    "events": null,
                    "owners": null,
                    "persons": null,
                    "sources": null,
                    "comments": null,
                    "__replace": "true",
                    "campaigns": null,
                    "companies": null,
                    "evidences": null,
                    "incidents": "{% if vars.steps.Get_Linked_Incidents.data.incidents %}['{{vars.steps.Get_Linked_Incidents.data.incidents[0]}}']{% endif %}",
                    "recordTags": null,
                    "reputation": {
                        "id": 6435,
                        "@id": "\/api\/3\/picklists\/ae98ebc6-beef-4882-9980-1d88fc6d87cd",
                        "icon": null,
                        "@type": "Picklist",
                        "color": "#696969",
                        "display": "TBD",
                        "listName": "\/api\/3\/picklist_names\/e75ed3c3-9f23-4a43-832b-0daf236209ba",
                        "itemValue": "TBD",
                        "orderIndex": 3
                    },
                    "attachments": null,
                    "description": null,
                    "indicatorStatus": null,
                    "typeofindicator": {
                        "id": 6835,
                        "@id": "\/api\/3\/picklists\/4ea7b083-a0af-41ea-8d7c-7ace16021722",
                        "icon": null,
                        "@type": "Picklist",
                        "color": "#0b0000",
                        "display": "FileHash-SHA256",
                        "listName": "\/api\/3\/picklist_names\/50ee5bfa-e18f-49ba-8af9-dcca25b0f9c0",
                        "itemValue": "FileHash-SHA256",
                        "orderIndex": 4
                    },
                    "vulnerabilities": null,
                    "correlationGraph": null
                },
                "_showJson": false,
                "operation": "Overwrite",
                "collection": "\/api\/3\/upsert\/indicators",
                "tagsOperation": "OverwriteTags",
                "step_variables": []
            },
            "status": null,
            "top": "160",
            "left": "1700",
            "stepType": "\/api\/3\/workflow_step_types\/2597053c-e718-44b4-8394-4d40fe26d357",
            "uuid": "b29df3f3-8465-4753-83f0-5c8d523a5e82",
            "id": 4688
        },
        {
            "@type": "WorkflowStep",
            "name": "Find Existing URL Indicators",
            "description": null,
            "arguments": {
                "query": {
                    "sort": [],
                    "limit": 30,
                    "logic": "AND",
                    "filters": [
                        {
                            "type": "primitive",
                            "field": "value",
                            "value": "{{vars.input.records[0].url}}",
                            "operator": "eq"
                        }
                    ]
                },
                "module": "indicators?$limit=30",
                "step_variables": []
            },
            "status": null,
            "top": "580",
            "left": "680",
            "stepType": "\/api\/3\/workflow_step_types\/b593663d-7d13-40ce-a3a3-96dece928770",
            "uuid": "76bfd2a6-5999-49d7-b3bf-b4523d8d0267",
            "id": 4689
        },
        {
            "@type": "WorkflowStep",
            "name": "Create Source IP Address Indicator",
            "description": null,
            "arguments": {
                "resource": {
                    "tags": null,
                    "hunts": null,
                    "notes": null,
                    "value": "{{vars.input.records[0].sourceIP}}",
                    "alerts": "['{{vars.input.records[0]['@id']}}']",
                    "assets": null,
                    "emails": null,
                    "events": null,
                    "owners": null,
                    "persons": null,
                    "sources": null,
                    "comments": null,
                    "__replace": "true",
                    "campaigns": null,
                    "companies": null,
                    "evidences": null,
                    "incidents": "{% if vars.steps.Get_Linked_Incidents.data.incidents %}['{{vars.steps.Get_Linked_Incidents.data.incidents[0]}}']{% endif %}",
                    "recordTags": null,
                    "reputation": {
                        "id": 6435,
                        "@id": "\/api\/3\/picklists\/ae98ebc6-beef-4882-9980-1d88fc6d87cd",
                        "icon": null,
                        "@type": "Picklist",
                        "color": "#696969",
                        "display": "TBD",
                        "listName": "\/api\/3\/picklist_names\/e75ed3c3-9f23-4a43-832b-0daf236209ba",
                        "itemValue": "TBD",
                        "orderIndex": 3
                    },
                    "attachments": null,
                    "description": null,
                    "indicatorStatus": null,
                    "typeofindicator": {
                        "id": 433,
                        "@id": "\/api\/3\/picklists\/c0beeda4-2c7a-4214-b7e5-53ba1649539c",
                        "icon": null,
                        "@type": "Picklist",
                        "color": "#0b0101",
                        "display": "IP Address",
                        "listName": "\/api\/3\/picklist_names\/50ee5bfa-e18f-49ba-8af9-dcca25b0f9c0",
                        "itemValue": "IP Address",
                        "orderIndex": 7
                    },
                    "vulnerabilities": null,
                    "correlationGraph": null
                },
                "_showJson": false,
                "operation": "Overwrite",
                "collection": "\/api\/3\/upsert\/indicators",
                "tagsOperation": "OverwriteTags",
                "step_variables": []
            },
            "status": null,
            "top": "900",
            "left": "2126",
            "stepType": "\/api\/3\/workflow_step_types\/2597053c-e718-44b4-8394-4d40fe26d357",
            "uuid": "e01e9c8d-fcca-4f54-8356-b719472f4c9d",
            "id": 4690
        },
        {
            "@type": "WorkflowStep",
            "name": "Set IP variables",
            "description": null,
            "arguments": {
                "dest_ip": "{{vars.input.records[0].destinationIP}}",
                "source_ip": "{{vars.input.records[0].sourceIP}}"
            },
            "status": null,
            "top": "1048",
            "left": "1160",
            "stepType": "\/api\/3\/workflow_step_types\/04d0cf46-b6a8-42c4-8683-60a7eaa69e8f",
            "uuid": "cf680872-af39-41e5-9c0e-d2b99f5f6f39",
            "id": 4691
        },
        {
            "@type": "WorkflowStep",
            "name": "Update Existing IP Address Indicator",
            "description": null,
            "arguments": {
                "resource": {
                    "__link": {
                        "alerts": "['{{vars.input.records[0]['@id']}}']",
                        "incidents": "{% if vars.steps.Get_Linked_Incidents.data.incidents %}['{{vars.steps.Get_Linked_Incidents.data.incidents[0]}}']{% endif %}"
                    }
                },
                "_showJson": false,
                "operation": "Append",
                "collection": "{{vars.steps.Find_Existing_IP_Address_Indicators[0]['@id']}}",
                "collectionType": "\/api\/3\/indicators",
                "step_variables": []
            },
            "status": null,
            "top": "760",
            "left": "1340",
            "stepType": "\/api\/3\/workflow_step_types\/b593663d-7d13-40ce-a3a3-96dece928722",
            "uuid": "2c3fe184-b9ac-4a69-9e47-0b3e5bcb8229",
            "id": 4692
        },
        {
            "@type": "WorkflowStep",
            "name": "Does Alert have IP Address",
            "description": null,
            "arguments": {
                "conditions": [
                    {
                        "option": "No",
                        "step_iri": "\/api\/3\/workflow_steps\/dc590269-05eb-4fab-a9d9-7a709025666c",
                        "condition": "{{ not vars.input.records[0].sourceIP and not vars.input.records[0].destinationIP }}"
                    },
                    {
                        "option": "Yes",
                        "default": true,
                        "step_iri": "\/api\/3\/workflow_steps\/4047d8b5-cb0d-42d9-8b97-747ef2f6d228"
                    }
                ]
            },
            "status": null,
            "top": "780",
            "left": "320",
            "stepType": "\/api\/3\/workflow_step_types\/12254cf5-5db7-4b1a-8cb1-3af081924b28",
            "uuid": "e6e8a8ba-fabd-4fe0-a5bb-b12fdcfb5a20",
            "id": 4693
        },
        {
            "@type": "WorkflowStep",
            "name": "Update Existing Processname Indicator",
            "description": null,
            "arguments": {
                "resource": {
                    "__link": {
                        "alerts": "[\"{{vars.input.records[0]['@id']}}\"]",
                        "incidents": "{% if vars.steps.Get_Linked_Incidents.data.incidents %}['{{vars.steps.Get_Linked_Incidents.data.incidents[0]}}']{% endif %}"
                    }
                },
                "_showJson": false,
                "operation": "Append",
                "collection": "{{vars.steps.Find_Existing_Processname_Indicator[0]['@id']}}",
                "collectionType": "\/api\/3\/indicators",
                "step_variables": []
            },
            "status": null,
            "top": "330",
            "left": "1340",
            "stepType": "\/api\/3\/workflow_step_types\/b593663d-7d13-40ce-a3a3-96dece928722",
            "uuid": "827a5310-e91a-4e33-afe5-e549458e59d5",
            "id": 4694
        },
        {
            "@type": "WorkflowStep",
            "name": "Do Not Create Destination IP Indicator",
            "description": null,
            "arguments": {
                "params": [],
                "version": "2.4.0",
                "connector": "cyops_utilities",
                "operation": "no_op",
                "operationTitle": "Utils: No Operation",
                "step_variables": []
            },
            "status": null,
            "top": "1200",
            "left": "2132",
            "stepType": "\/api\/3\/workflow_step_types\/0109f35d-090b-4a2b-bd8a-94cbc3508562",
            "uuid": "8cbf5782-de86-41b2-99a2-7390e89b3387",
            "id": 4695
        }
    ],
    "routes": [
        {
            "@type": "WorkflowRoute",
            "name": "Identify Type of Hash -> Create New SHA256 Indicator",
            "targetStep": "\/api\/3\/workflow_steps\/b29df3f3-8465-4753-83f0-5c8d523a5e82",
            "sourceStep": "\/api\/3\/workflow_steps\/b1a71d22-beee-4784-85db-2ae01776ad38",
            "label": "SHA256",
            "isExecuted": false,
            "uuid": "5436bc3d-31ac-4a54-9518-97af9fca71b1"
        },
        {
            "@type": "WorkflowRoute",
            "name": "Get Linked Incidents -> Does Alert have Hash",
            "targetStep": "\/api\/3\/workflow_steps\/41c54f71-50e9-4107-8002-6ee47e752830",
            "sourceStep": "\/api\/3\/workflow_steps\/38aab63c-8651-4f36-b121-99cfdf81dc04",
            "label": null,
            "isExecuted": false,
            "uuid": "b1d3b745-26dd-47bf-882c-88dc1af452cc"
        },
        {
            "@type": "WorkflowRoute",
            "name": "Find Existing Processname Indicator -> Was Processname Indicator Found",
            "targetStep": "\/api\/3\/workflow_steps\/f477a8ce-c6aa-43f4-af31-b07bee64d465",
            "sourceStep": "\/api\/3\/workflow_steps\/6417d19e-45da-4225-9260-779beba2b57c",
            "label": null,
            "isExecuted": false,
            "uuid": "d2be67f9-7b98-4c95-80cc-4c15ff43a953"
        },
        {
            "@type": "WorkflowRoute",
            "name": "Does Alert have IP Address -> Find Existing IP Address Indicators",
            "targetStep": "\/api\/3\/workflow_steps\/4047d8b5-cb0d-42d9-8b97-747ef2f6d228",
            "sourceStep": "\/api\/3\/workflow_steps\/e6e8a8ba-fabd-4fe0-a5bb-b12fdcfb5a20",
            "label": "Yes",
            "isExecuted": false,
            "uuid": "5f080926-70c6-4c8c-b440-c0f778f291a3"
        },
        {
            "@type": "WorkflowRoute",
            "name": "Was File Hash Indicator Found -> Update Existing File Hash Indicator",
            "targetStep": "\/api\/3\/workflow_steps\/bfccd851-1c63-450f-bbbe-5186b62353d3",
            "sourceStep": "\/api\/3\/workflow_steps\/8e5b1bd6-416d-4f5a-a1e3-8ca4a96c378a",
            "label": "Yes",
            "isExecuted": false,
            "uuid": "3e5194fb-e799-462f-8a82-866206f3f677"
        },
        {
            "@type": "WorkflowRoute",
            "name": "Get Linked Incidents -> Does Alert have URL",
            "targetStep": "\/api\/3\/workflow_steps\/3ebb0bc0-5417-4fd1-9893-f398a88df227",
            "sourceStep": "\/api\/3\/workflow_steps\/38aab63c-8651-4f36-b121-99cfdf81dc04",
            "label": null,
            "isExecuted": false,
            "uuid": "c3b84e8d-da02-4627-aba7-7bd4aa9825a0"
        },
        {
            "@type": "WorkflowRoute",
            "name": "Start -> Get Linked Incidents",
            "targetStep": "\/api\/3\/workflow_steps\/38aab63c-8651-4f36-b121-99cfdf81dc04",
            "sourceStep": "\/api\/3\/workflow_steps\/1996ab00-301f-4d73-9d06-2c4330dae9e3",
            "label": null,
            "isExecuted": false,
            "uuid": "3d6d39f7-169e-4887-97e5-680d3dd6e930"
        },
        {
            "@type": "WorkflowRoute",
            "name": "Was URL Indicator Found -> Updating Existing URL Indicator",
            "targetStep": "\/api\/3\/workflow_steps\/dae8942a-843c-4c66-9c98-777ea062ba6b",
            "sourceStep": "\/api\/3\/workflow_steps\/067bcfd3-5e54-4092-aa79-a07ca422e670",
            "label": "Yes",
            "isExecuted": false,
            "uuid": "1540d4b3-d579-4e94-83f7-20fd535d77ae"
        },
        {
            "@type": "WorkflowRoute",
            "name": "Get Linked Incidents -> Does Alert have Processname",
            "targetStep": "\/api\/3\/workflow_steps\/46eef88f-f966-4c29-b7ac-08093cbe2da7",
            "sourceStep": "\/api\/3\/workflow_steps\/38aab63c-8651-4f36-b121-99cfdf81dc04",
            "label": null,
            "isExecuted": false,
            "uuid": "4800170b-71d7-45f4-9147-1470c5a77cd8"
        },
        {
            "@type": "WorkflowRoute",
            "name": "Was IP Address Indicator Found -> Set IP variables",
            "targetStep": "\/api\/3\/workflow_steps\/cf680872-af39-41e5-9c0e-d2b99f5f6f39",
            "sourceStep": "\/api\/3\/workflow_steps\/fec355ee-a7d1-4694-b37b-e8bec1ac2cee",
            "label": "No",
            "isExecuted": false,
            "uuid": "da2153ce-dc55-498c-9452-5188f826c31d"
        },
        {
            "@type": "WorkflowRoute",
            "name": "Find Existing URL Indicators -> Was URL",
            "targetStep": "\/api\/3\/workflow_steps\/067bcfd3-5e54-4092-aa79-a07ca422e670",
            "sourceStep": "\/api\/3\/workflow_steps\/76bfd2a6-5999-49d7-b3bf-b4523d8d0267",
            "label": null,
            "isExecuted": false,
            "uuid": "146cf9d2-f3b2-493d-a919-6efeebac41f4"
        },
        {
            "@type": "WorkflowRoute",
            "name": "Does Alert have Processname -> Find Existing Processname Indicator",
            "targetStep": "\/api\/3\/workflow_steps\/6417d19e-45da-4225-9260-779beba2b57c",
            "sourceStep": "\/api\/3\/workflow_steps\/46eef88f-f966-4c29-b7ac-08093cbe2da7",
            "label": "Yes",
            "isExecuted": false,
            "uuid": "e06ecc7d-e927-4ec1-ad3f-61269d231d3d"
        },
        {
            "@type": "WorkflowRoute",
            "name": "Set Process Name IRI -> Correlate File Hash and Process Name Indicators",
            "targetStep": "\/api\/3\/workflow_steps\/3cb94466-2360-4306-9645-379288afb729",
            "sourceStep": "\/api\/3\/workflow_steps\/534df54c-7578-44b8-a0ce-fc2e2fc62c3c",
            "label": null,
            "isExecuted": false,
            "uuid": "133d7373-6883-4fea-b9b5-9e4a64a9f643"
        },
        {
            "@type": "WorkflowRoute",
            "name": "Create New SHA256 Indicator -> Set Process Name IRI",
            "targetStep": "\/api\/3\/workflow_steps\/33b67188-71df-4bf3-aa75-a311d73186d1",
            "sourceStep": "\/api\/3\/workflow_steps\/b29df3f3-8465-4753-83f0-5c8d523a5e82",
            "label": null,
            "isExecuted": false,
            "uuid": "edc12e6e-2005-4318-8677-8c6c0fa6d538"
        },
        {
            "@type": "WorkflowRoute",
            "name": "Is Destination IP Private -> Copy  of Create IP Address Indicator",
            "targetStep": "\/api\/3\/workflow_steps\/115d8c28-7b5c-4986-b3ae-0225fe45d480",
            "sourceStep": "\/api\/3\/workflow_steps\/781c18d0-3492-4671-a383-842b8eca3892",
            "label": "No",
            "isExecuted": false,
            "uuid": "797bd5e1-0443-41bb-85ef-1c7f5b493c0f"
        },
        {
            "@type": "WorkflowRoute",
            "name": "Is Source IP Private -> Do Not Create Source IP Indicator",
            "targetStep": "\/api\/3\/workflow_steps\/9591e765-e5c7-4858-8a21-564b151a72b1",
            "sourceStep": "\/api\/3\/workflow_steps\/0ca09dea-b01c-4bdd-b580-805d07f39b90",
            "label": "Yes",
            "isExecuted": false,
            "uuid": "35e7d936-2d4f-4473-af37-c2040a582daf"
        },
        {
            "@type": "WorkflowRoute",
            "name": "Create New SHA1 Indicator -> Set Process Name IRI",
            "targetStep": "\/api\/3\/workflow_steps\/33b67188-71df-4bf3-aa75-a311d73186d1",
            "sourceStep": "\/api\/3\/workflow_steps\/47021465-aab1-4238-a4d2-2a5272a229b4",
            "label": null,
            "isExecuted": false,
            "uuid": "8a03e06f-913b-4502-a84e-5e48aae19df1"
        },
        {
            "@type": "WorkflowRoute",
            "name": "Does Alert have Hash -> No File Hash",
            "targetStep": "\/api\/3\/workflow_steps\/8b0e2682-2ad6-4e89-b02b-e452aabe7f8c",
            "sourceStep": "\/api\/3\/workflow_steps\/41c54f71-50e9-4107-8002-6ee47e752830",
            "label": "No",
            "isExecuted": false,
            "uuid": "0a5d6ba9-179f-47a7-b820-3264cc3d0c59"
        },
        {
            "@type": "WorkflowRoute",
            "name": "Was File Hash Indicator Found -> Identify Type of Hash",
            "targetStep": "\/api\/3\/workflow_steps\/b1a71d22-beee-4784-85db-2ae01776ad38",
            "sourceStep": "\/api\/3\/workflow_steps\/8e5b1bd6-416d-4f5a-a1e3-8ca4a96c378a",
            "label": "No",
            "isExecuted": false,
            "uuid": "907b8f09-5f07-4394-b1df-a0a6279fdb66"
        },
        {
            "@type": "WorkflowRoute",
            "name": "Create New Indicator Record for Processname -> Set Process Name IRI",
            "targetStep": "\/api\/3\/workflow_steps\/534df54c-7578-44b8-a0ce-fc2e2fc62c3c",
            "sourceStep": "\/api\/3\/workflow_steps\/97a3bea4-62b2-4b21-9b6e-ce879b5faeb4",
            "label": null,
            "isExecuted": false,
            "uuid": "f02344d3-76f4-4d6d-81d3-4063aff431f3"
        },
        {
            "@type": "WorkflowRoute",
            "name": "Is Destination IP Private -> Copy  of Do Not Create Source IP Indicator",
            "targetStep": "\/api\/3\/workflow_steps\/8cbf5782-de86-41b2-99a2-7390e89b3387",
            "sourceStep": "\/api\/3\/workflow_steps\/781c18d0-3492-4671-a383-842b8eca3892",
            "label": "Yes",
            "isExecuted": false,
            "uuid": "3356af06-05de-4c63-971b-15ef15dd0f39"
        },
        {
            "@type": "WorkflowRoute",
            "name": "Update Existing Processname Indicator -> Set Process Name IRI",
            "targetStep": "\/api\/3\/workflow_steps\/534df54c-7578-44b8-a0ce-fc2e2fc62c3c",
            "sourceStep": "\/api\/3\/workflow_steps\/827a5310-e91a-4e33-afe5-e549458e59d5",
            "label": null,
            "isExecuted": false,
            "uuid": "d2868dbf-7b99-41e1-a094-50e0dc2d6597"
        },
        {
            "@type": "WorkflowRoute",
            "name": "Destination IP Private IPspace Check -> Copy  of Is Source IP Private",
            "targetStep": "\/api\/3\/workflow_steps\/781c18d0-3492-4671-a383-842b8eca3892",
            "sourceStep": "\/api\/3\/workflow_steps\/6a9b8ab3-f335-4e9a-b271-58b5d9c7eab5",
            "label": null,
            "isExecuted": false,
            "uuid": "3d90daec-8ff3-44e1-b8d1-48afe27fb858"
        },
        {
            "@type": "WorkflowRoute",
            "name": "Was URL Indicator Found -> Create New URL Indicator",
            "targetStep": "\/api\/3\/workflow_steps\/a6d423a0-9c6f-4844-9665-88767329c371",
            "sourceStep": "\/api\/3\/workflow_steps\/067bcfd3-5e54-4092-aa79-a07ca422e670",
            "label": "No",
            "isExecuted": false,
            "uuid": "72f497a4-36ad-40cd-b470-abc16cc8f3f6"
        },
        {
            "@type": "WorkflowRoute",
            "name": "Was Processname Indicator Found -> Update Existing Processname Indicator",
            "targetStep": "\/api\/3\/workflow_steps\/827a5310-e91a-4e33-afe5-e549458e59d5",
            "sourceStep": "\/api\/3\/workflow_steps\/f477a8ce-c6aa-43f4-af31-b07bee64d465",
            "label": "Yes",
            "isExecuted": false,
            "uuid": "37d5391e-c874-4353-9584-f125ad3da24b"
        },
        {
            "@type": "WorkflowRoute",
            "name": "Get Linked Incidents -> Does Alert have IP Address",
            "targetStep": "\/api\/3\/workflow_steps\/e6e8a8ba-fabd-4fe0-a5bb-b12fdcfb5a20",
            "sourceStep": "\/api\/3\/workflow_steps\/38aab63c-8651-4f36-b121-99cfdf81dc04",
            "label": null,
            "isExecuted": false,
            "uuid": "89929274-73d6-482d-a710-06009b2193ab"
        },
        {
            "@type": "WorkflowRoute",
            "name": "Does Alert have URL -> Find Existing URL Indicators",
            "targetStep": "\/api\/3\/workflow_steps\/76bfd2a6-5999-49d7-b3bf-b4523d8d0267",
            "sourceStep": "\/api\/3\/workflow_steps\/3ebb0bc0-5417-4fd1-9893-f398a88df227",
            "label": "Yes",
            "isExecuted": false,
            "uuid": "2189a966-9d93-43ba-b4ad-d3bd3c834f19"
        },
        {
            "@type": "WorkflowRoute",
            "name": "Find Existing IP Address Indicators -> Was IP Address Indicator Found",
            "targetStep": "\/api\/3\/workflow_steps\/fec355ee-a7d1-4694-b37b-e8bec1ac2cee",
            "sourceStep": "\/api\/3\/workflow_steps\/4047d8b5-cb0d-42d9-8b97-747ef2f6d228",
            "label": null,
            "isExecuted": false,
            "uuid": "72d8088c-b171-4e93-8439-f00eb785fc0f"
        },
        {
            "@type": "WorkflowRoute",
            "name": "Find Existing File Hash Indicators -> Was File Hash Indicator Found",
            "targetStep": "\/api\/3\/workflow_steps\/8e5b1bd6-416d-4f5a-a1e3-8ca4a96c378a",
            "sourceStep": "\/api\/3\/workflow_steps\/2592a0ba-088e-4938-b3ac-fc2290c7aec8",
            "label": null,
            "isExecuted": false,
            "uuid": "a1ce1d5f-8338-4fca-b761-3b05d22285e0"
        },
        {
            "@type": "WorkflowRoute",
            "name": "Does Alert have Processname -> No Processname",
            "targetStep": "\/api\/3\/workflow_steps\/4d242f9e-b86d-4d82-affe-162ac1dff8ac",
            "sourceStep": "\/api\/3\/workflow_steps\/46eef88f-f966-4c29-b7ac-08093cbe2da7",
            "label": "No",
            "isExecuted": false,
            "uuid": "0423f3f5-c48c-4a9c-99d9-aa5df4cb30d8"
        },
        {
            "@type": "WorkflowRoute",
            "name": "Create New MD5 Indicator -> Set Process Name IRI",
            "targetStep": "\/api\/3\/workflow_steps\/33b67188-71df-4bf3-aa75-a311d73186d1",
            "sourceStep": "\/api\/3\/workflow_steps\/4ba5c936-7e3c-47dc-aa25-34ec686e212a",
            "label": null,
            "isExecuted": false,
            "uuid": "53c17e40-4cf8-4b52-af76-618daba99164"
        },
        {
            "@type": "WorkflowRoute",
            "name": "Does Alert have URL -> No URL",
            "targetStep": "\/api\/3\/workflow_steps\/b9d42186-e09e-44f4-9175-138ac3c68ebe",
            "sourceStep": "\/api\/3\/workflow_steps\/3ebb0bc0-5417-4fd1-9893-f398a88df227",
            "label": "No",
            "isExecuted": false,
            "uuid": "0f410669-1806-4dfc-afd1-989e4a95c4bb"
        },
        {
            "@type": "WorkflowRoute",
            "name": "Does Alert have Hash -> Find Existing File Hash Indicators",
            "targetStep": "\/api\/3\/workflow_steps\/2592a0ba-088e-4938-b3ac-fc2290c7aec8",
            "sourceStep": "\/api\/3\/workflow_steps\/41c54f71-50e9-4107-8002-6ee47e752830",
            "label": "Yes",
            "isExecuted": false,
            "uuid": "a9031617-c3f1-40c5-9db9-4a0c31980197"
        },
        {
            "@type": "WorkflowRoute",
            "name": "Is Source IP Private -> Create IP Address Indicator",
            "targetStep": "\/api\/3\/workflow_steps\/e01e9c8d-fcca-4f54-8356-b719472f4c9d",
            "sourceStep": "\/api\/3\/workflow_steps\/0ca09dea-b01c-4bdd-b580-805d07f39b90",
            "label": "No",
            "isExecuted": false,
            "uuid": "bc095d4a-6b36-4e96-b5eb-586fc5452859"
        },
        {
            "@type": "WorkflowRoute",
            "name": "Identify Type of Hash -> Create New SHA1 Indicator",
            "targetStep": "\/api\/3\/workflow_steps\/47021465-aab1-4238-a4d2-2a5272a229b4",
            "sourceStep": "\/api\/3\/workflow_steps\/b1a71d22-beee-4784-85db-2ae01776ad38",
            "label": "SHA1",
            "isExecuted": false,
            "uuid": "3b874878-0636-4db5-9790-6add4b8a2571"
        },
        {
            "@type": "WorkflowRoute",
            "name": "Set File Hash IRI -> Correlate File Hash and Process Name Indicators",
            "targetStep": "\/api\/3\/workflow_steps\/3cb94466-2360-4306-9645-379288afb729",
            "sourceStep": "\/api\/3\/workflow_steps\/33b67188-71df-4bf3-aa75-a311d73186d1",
            "label": null,
            "isExecuted": false,
            "uuid": "bdc59b15-0fc1-4ee3-aeb8-859568dd0c70"
        },
        {
            "@type": "WorkflowRoute",
            "name": "Set IP variables -> Destination IP Private IPspace Check",
            "targetStep": "\/api\/3\/workflow_steps\/6a9b8ab3-f335-4e9a-b271-58b5d9c7eab5",
            "sourceStep": "\/api\/3\/workflow_steps\/cf680872-af39-41e5-9c0e-d2b99f5f6f39",
            "label": null,
            "isExecuted": false,
            "uuid": "d8fb2375-d81f-4fb8-b3e4-cd022baf76ef"
        },
        {
            "@type": "WorkflowRoute",
            "name": "Identify Type of Hash -> Create New MD5 Indicator",
            "targetStep": "\/api\/3\/workflow_steps\/4ba5c936-7e3c-47dc-aa25-34ec686e212a",
            "sourceStep": "\/api\/3\/workflow_steps\/b1a71d22-beee-4784-85db-2ae01776ad38",
            "label": "MD5",
            "isExecuted": false,
            "uuid": "e310a962-71c5-4bc3-8691-ddfc08a6def2"
        },
        {
            "@type": "WorkflowRoute",
            "name": "Update Existing File Hash Indicator -> Set Process Name IRI",
            "targetStep": "\/api\/3\/workflow_steps\/33b67188-71df-4bf3-aa75-a311d73186d1",
            "sourceStep": "\/api\/3\/workflow_steps\/bfccd851-1c63-450f-bbbe-5186b62353d3",
            "label": null,
            "isExecuted": false,
            "uuid": "5d01c585-7b75-4d50-b2ec-80c2cc28d634"
        },
        {
            "@type": "WorkflowRoute",
            "name": "Does Alert have IP Address -> No IP Address",
            "targetStep": "\/api\/3\/workflow_steps\/dc590269-05eb-4fab-a9d9-7a709025666c",
            "sourceStep": "\/api\/3\/workflow_steps\/e6e8a8ba-fabd-4fe0-a5bb-b12fdcfb5a20",
            "label": "No",
            "isExecuted": false,
            "uuid": "639ba1ee-3ab2-4d3c-997e-e691abaa0829"
        },
        {
            "@type": "WorkflowRoute",
            "name": "Source IP Private IPspace Check -> Is Source IP Private",
            "targetStep": "\/api\/3\/workflow_steps\/0ca09dea-b01c-4bdd-b580-805d07f39b90",
            "sourceStep": "\/api\/3\/workflow_steps\/c55fa74e-44ca-4541-9645-33b8df09448e",
            "label": null,
            "isExecuted": false,
            "uuid": "0dcbfc20-738c-4020-bcb2-e3f034129eda"
        },
        {
            "@type": "WorkflowRoute",
            "name": "Was Processname Indicator Found -> Create New Indicator Record for Processname",
            "targetStep": "\/api\/3\/workflow_steps\/97a3bea4-62b2-4b21-9b6e-ce879b5faeb4",
            "sourceStep": "\/api\/3\/workflow_steps\/f477a8ce-c6aa-43f4-af31-b07bee64d465",
            "label": "No",
            "isExecuted": false,
            "uuid": "e07d5af9-b81a-42e2-bd4a-82487a54923d"
        },
        {
            "@type": "WorkflowRoute",
            "name": "Was IP Address Indicator Found -> Update Existing IP Address Indicator",
            "targetStep": "\/api\/3\/workflow_steps\/2c3fe184-b9ac-4a69-9e47-0b3e5bcb8229",
            "sourceStep": "\/api\/3\/workflow_steps\/fec355ee-a7d1-4694-b37b-e8bec1ac2cee",
            "label": "Yes",
            "isExecuted": false,
            "uuid": "c80c98c3-edd4-45ed-b6e6-3953ded674df"
        },
        {
            "@type": "WorkflowRoute",
            "name": "Set IP variables -> Is Source IP Private",
            "targetStep": "\/api\/3\/workflow_steps\/c55fa74e-44ca-4541-9645-33b8df09448e",
            "sourceStep": "\/api\/3\/workflow_steps\/cf680872-af39-41e5-9c0e-d2b99f5f6f39",
            "label": null,
            "isExecuted": false,
            "uuid": "e4028fb1-01ee-493e-99d7-e89a24cbbbce"
        }
    ],
    "priority": null,
    "uuid": "638fae7e-eb8b-44c7-9c32-d1f7281180a4",
    "recordTags": [],
    "id": 1188,
    "createUser": "\/api\/3\/people\/3451141c-bac6-467c-8d72-85e0fab569ce",
    "createDate": 1633085065,
    "modifyUser": "\/api\/3\/people\/3451141c-bac6-467c-8d72-85e0fab569ce",
    "modifyDate": 1633085065,
    "owners": [],
    "isPrivate": false
}