{
    "@type": "Workflow",
    "triggerLimit": null,
    "name": "Create User from Alert (Host)",
    "aliasName": null,
    "tag": null,
    "description": null,
    "isActive": false,
    "debug": false,
    "singleRecordExecution": false,
    "remoteExecutableFlag": false,
    "parameters": [],
    "synchronous": false,
    "lastModifyDate": 1633085062,
    "collection": "\/api\/3\/workflow_collections\/e1d97fae-bb76-4989-b4d2-a30b6109e91f",
    "versions": [],
    "triggerStep": "\/api\/3\/workflow_steps\/7a1ad0a4-4bfe-410e-91a2-0dd84f557970",
    "steps": [
        {
            "@type": "WorkflowStep",
            "name": "Start",
            "description": null,
            "arguments": {
                "resource": "alerts",
                "resources": [
                    "alerts"
                ],
                "step_variables": {
                    "input": {
                        "records": [
                            "{{vars.input.records[0]}}"
                        ]
                    }
                },
                "fieldbasedtrigger": {
                    "sort": [],
                    "limit": 30,
                    "logic": "AND",
                    "filters": [
                        {
                            "type": "primitive",
                            "field": "userName",
                            "value": "false",
                            "operator": "isnull"
                        },
                        {
                            "type": "object",
                            "field": "type",
                            "value": "\/api\/3\/picklists\/ab6d7fd7-7b16-4ac2-9cf2-b52a912baee8",
                            "_value": {
                                "display": "MITRE ATT&CK",
                                "itemValue": "MITRE ATT&CK"
                            },
                            "operator": "eq"
                        }
                    ]
                }
            },
            "status": null,
            "top": "100",
            "left": "20",
            "stepType": "\/api\/3\/workflow_step_types\/ea155646-3821-4542-9702-b246da430a8d",
            "uuid": "7a1ad0a4-4bfe-410e-91a2-0dd84f557970",
            "id": 4643
        },
        {
            "@type": "WorkflowStep",
            "name": "Get related incidents",
            "description": null,
            "arguments": {
                "params": {
                    "iri": "{{vars.input.records[0]['@id']}}?$relationships=true&$export=true",
                    "body": "",
                    "method": "GET"
                },
                "version": "2.4.0",
                "connector": "cyops_utilities",
                "operation": "make_cyops_request",
                "operationTitle": "CyOPs: Make CyOPs API Call",
                "step_variables": []
            },
            "status": null,
            "top": "100",
            "left": "300",
            "stepType": "\/api\/3\/workflow_step_types\/0109f35d-090b-4a2b-bd8a-94cbc3508562",
            "uuid": "80ea42ce-2167-459a-93ec-373aac839bbd",
            "id": 4644
        },
        {
            "@type": "WorkflowStep",
            "name": "Create Users",
            "description": null,
            "arguments": {
                "arguments": {
                    "domain": "",
                    "hostname": "",
                    "computername": "{{vars.input.records[0].computerName}}",
                    "alertRecordIRI": "{{vars.input.records[0]['@id']}}",
                    "emailRecordIRI": "",
                    "incidentRecordIRI": "{% if vars.steps.Get_related_incidents.data.incidents[0] %}{{vars.steps.Get_related_incidents.data.incidents[0]}}{% endif %}",
                    "user_query_output": "{{vars.input.records[0].userName.replace(\"\\\\\",\"\\\\\\\\\")}}"
                },
                "step_variables": [],
                "workflowReference": "\/api\/3\/workflows\/b6b01cac-f181-4691-bb00-2300d999217d"
            },
            "status": null,
            "top": "100",
            "left": "580",
            "stepType": "\/api\/3\/workflow_step_types\/74932bdc-b8b6-4d24-88c4-1a4dfbc524f3",
            "uuid": "920c6a96-e03f-4f3b-a85e-af6f2e37ed3a",
            "id": 4645
        }
    ],
    "routes": [
        {
            "@type": "WorkflowRoute",
            "name": "Get related incidents -> Create Users",
            "targetStep": "\/api\/3\/workflow_steps\/920c6a96-e03f-4f3b-a85e-af6f2e37ed3a",
            "sourceStep": "\/api\/3\/workflow_steps\/80ea42ce-2167-459a-93ec-373aac839bbd",
            "label": null,
            "isExecuted": false,
            "uuid": "359bdad1-e7f9-4dc3-94fd-a6b866132a7d"
        },
        {
            "@type": "WorkflowRoute",
            "name": "Start -> Get related incidents",
            "targetStep": "\/api\/3\/workflow_steps\/80ea42ce-2167-459a-93ec-373aac839bbd",
            "sourceStep": "\/api\/3\/workflow_steps\/7a1ad0a4-4bfe-410e-91a2-0dd84f557970",
            "label": null,
            "isExecuted": false,
            "uuid": "42fa0174-fa5b-4a0b-8d50-b4b8582a9034"
        }
    ],
    "priority": null,
    "uuid": "52acb96f-7dbf-40c5-bd14-a8955de5ddff",
    "recordTags": [],
    "id": 1186,
    "createUser": "\/api\/3\/people\/3451141c-bac6-467c-8d72-85e0fab569ce",
    "createDate": 1633085065,
    "modifyUser": "\/api\/3\/people\/3451141c-bac6-467c-8d72-85e0fab569ce",
    "modifyDate": 1633085065,
    "owners": [],
    "isPrivate": false
}