{
    "@type": "Workflow",
    "triggerLimit": null,
    "name": "Create Alert from Network Sensor and Link to Hunt",
    "aliasName": null,
    "tag": "",
    "description": "Creates and links an Alert from a network based sensor to a Hunt",
    "isActive": false,
    "debug": false,
    "singleRecordExecution": false,
    "remoteExecutableFlag": false,
    "parameters": [
        "userName",
        "technique",
        "hostName",
        "sourceIP",
        "destinationIP",
        "sourceTool",
        "eventTime",
        "eventName",
        "description",
        "sourcePort",
        "destinationPort",
        "epochTime",
        "huntIRI",
        "comment",
        "sourceData",
        "alertName",
        "mitreTechId"
    ],
    "synchronous": false,
    "lastModifyDate": 1633085062,
    "collection": "\/api\/3\/workflow_collections\/e1d97fae-bb76-4989-b4d2-a30b6109e91f",
    "versions": [],
    "triggerStep": "\/api\/3\/workflow_steps\/efba9fdf-06c2-409e-b0d6-04469a14a65d",
    "steps": [
        {
            "@type": "WorkflowStep",
            "name": "Find Existing Open Alerts",
            "description": null,
            "arguments": {
                "query": {
                    "sort": [],
                    "limit": 30,
                    "logic": "AND",
                    "filters": [
                        {
                            "type": "primitive",
                            "field": "epochTime",
                            "value": "{{vars.input.params.epochTime}}",
                            "operator": "eq",
                            "_operator": "eq"
                        },
                        {
                            "type": "primitive",
                            "field": "sourceIp",
                            "value": "{{vars.input.params.sourceIP}}",
                            "operator": "eq",
                            "_operator": "eq"
                        },
                        {
                            "type": "primitive",
                            "field": "destinationIp",
                            "value": "{{vars.input.params.destinationIP}}",
                            "operator": "eq",
                            "_operator": "eq"
                        },
                        {
                            "type": "primitive",
                            "field": "mitreTechnique",
                            "value": "%{{vars.input.params.technique}}%",
                            "operator": "like",
                            "_operator": "like"
                        },
                        {
                            "logic": "OR",
                            "filters": [
                                {
                                    "type": "object",
                                    "field": "status",
                                    "value": "\/api\/3\/picklists\/7de816ff-7140-4ee5-bd05-93ce22002146",
                                    "_value": {
                                        "itemValue": "Open"
                                    },
                                    "operator": "eq"
                                },
                                {
                                    "type": "object",
                                    "field": "status",
                                    "value": "\/api\/3\/picklists\/891fb9d5-556c-44c6-9f7d-94a27dec732e",
                                    "_value": {
                                        "itemValue": "Re-Opened"
                                    },
                                    "operator": "eq"
                                }
                            ]
                        }
                    ]
                },
                "module": "alerts?$limit=300",
                "step_variables": {
                    "resultRecordscount2": "{{vars.result | length}}"
                }
            },
            "status": null,
            "top": "180",
            "left": "880",
            "stepType": "\/api\/3\/workflow_step_types\/b593663d-7d13-40ce-a3a3-96dece928770",
            "uuid": "d7e9b8a1-6b5f-409f-9d05-eae118a8ba55",
            "id": 4633
        },
        {
            "@type": "WorkflowStep",
            "name": "Create and Link Alert",
            "description": null,
            "arguments": {
                "resource": {
                    "url": "{{vars.input.params.url or None}}",
                    "name": "{% if vars.input.params.alertName%}{{vars.input.params.alertName}}{% else %}MITRE-{{vars.input.params.technique}} Execution of {{vars.input.params.processName}}{% endif %}",
                    "type": {
                        "id": 547,
                        "@id": "\/api\/3\/picklists\/6bdeedd7-fb20-4b20-9717-f06520f0f788",
                        "icon": null,
                        "@type": "Picklist",
                        "color": null,
                        "display": "MITRE ATT&CK",
                        "listName": "\/api\/3\/picklist_names\/a7087b9c-5660-495f-a8ac-c3b198ddb8c2",
                        "itemValue": "MITRE ATT&CK",
                        "orderIndex": 8
                    },
                    "hunts": "['{{vars.input.params.huntIRI}}']",
                    "state": {
                        "id": 220,
                        "@id": "\/api\/3\/picklists\/a1bac09b-1441-45aa-ad1b-c88744e48e72",
                        "icon": null,
                        "@type": "Picklist",
                        "color": null,
                        "display": "New",
                        "listName": "\/api\/3\/picklist_names\/2f9ed741-25fe-475a-9f12-64336288eebf",
                        "itemValue": "New",
                        "orderIndex": 0
                    },
                    "source": "IDS",
                    "status": {
                        "id": 45,
                        "@id": "\/api\/3\/picklists\/7de816ff-7140-4ee5-bd05-93ce22002146",
                        "icon": null,
                        "@type": "Picklist",
                        "color": null,
                        "display": "Open",
                        "listName": "\/api\/3\/picklist_names\/33e964a9-d607-49f2-813c-7ce46141815a",
                        "itemValue": "Open",
                        "orderIndex": 1
                    },
                    "filePath": "{{vars.input.params.filePath or None}}",
                    "sourceIp": "{{vars.input.params.sourceIP or None}}",
                    "userName": "{{vars.input.params.userName or None}}",
                    "__replace": "true",
                    "epochTime": "{{vars.input.params.epochTime or None}}",
                    "eventTime": "{{vars.input.params.eventTime}}",
                    "fileNames": "{{vars.input.params.processName or None}}",
                    "sourcePort": "{{vars.input.params.sourcePort or None}}",
                    "sourceTool": "{{vars.input.params.sourceTool or None}}",
                    "sourcedata": "{{vars.input.params.sourceData | toJSON}}",
                    "description": "<p>{{vars.input.params.description}}<\/p>",
                    "processName": "{{vars.input.params.processName or None}}",
                    "targetAsset": "{{vars.input.params.hostName or None}}",
                    "ackSlaStatus": {
                        "id": 289,
                        "@id": "\/api\/3\/picklists\/72979f64-e8b9-4888-a965-957e0ec24818",
                        "icon": null,
                        "@type": "Picklist",
                        "color": "#808080",
                        "display": "Awaiting Action",
                        "listName": "\/api\/3\/picklist_names\/fe36a8f2-fcba-4221-b4ab-1081f596b153",
                        "itemValue": "Awaiting Action",
                        "orderIndex": 2
                    },
                    "computerName": "{{vars.input.params.hostName or None}}",
                    "destinationIp": "{{vars.input.params.destinationIP or None}}",
                    "mitreattackid": "{{vars.input.params.mitreTechId}}",
                    "respSlaStatus": {
                        "id": 289,
                        "@id": "\/api\/3\/picklists\/72979f64-e8b9-4888-a965-957e0ec24818",
                        "icon": null,
                        "@type": "Picklist",
                        "color": "#808080",
                        "display": "Awaiting Action",
                        "listName": "\/api\/3\/picklist_names\/fe36a8f2-fcba-4221-b4ab-1081f596b153",
                        "itemValue": "Awaiting Action",
                        "orderIndex": 2
                    },
                    "mitreTechnique": "{{vars.input.params.technique}}",
                    "destinationPort": "{{vars.input.params.destinationPort or None}}",
                    "parentProcessName": "{{vars.input.params.parentProcess or None}}",
                    "escalatedtoincident": {
                        "id": 32,
                        "@id": "\/api\/3\/picklists\/2128a09c-153d-4db3-985d-de6be33deae5",
                        "icon": null,
                        "@type": "Picklist",
                        "color": "#808080",
                        "display": "No",
                        "listName": "\/api\/3\/picklist_names\/e131cc54-9ae4-43c9-b830-af6e331fe024",
                        "itemValue": "No",
                        "orderIndex": 1
                    }
                },
                "_showJson": false,
                "operation": "Overwrite",
                "collection": "\/api\/3\/upsert\/alerts",
                "tagsOperation": "OverwriteTags",
                "fieldOperation": {
                    "recordTags": "Overwrite"
                },
                "step_variables": []
            },
            "status": null,
            "top": "360",
            "left": "531",
            "stepType": "\/api\/3\/workflow_step_types\/2597053c-e718-44b4-8394-4d40fe26d357",
            "uuid": "c22a232f-40f8-4b55-b645-86f28e7367f4",
            "id": 4634
        },
        {
            "@type": "WorkflowStep",
            "name": "Do Alerts Already Exist",
            "description": null,
            "arguments": {
                "conditions": [
                    {
                        "option": "Yes",
                        "step_iri": "\/api\/3\/workflow_steps\/d7e9b8a1-6b5f-409f-9d05-eae118a8ba55",
                        "condition": "{{ vars.resultRecordscount != 0 }}"
                    },
                    {
                        "option": "No",
                        "step_iri": "\/api\/3\/workflow_steps\/c22a232f-40f8-4b55-b645-86f28e7367f4",
                        "condition": "{{ vars.resultRecordscount == 0 }}"
                    }
                ]
            },
            "status": null,
            "top": "180",
            "left": "532",
            "stepType": "\/api\/3\/workflow_step_types\/12254cf5-5db7-4b1a-8cb1-3af081924b28",
            "uuid": "b0806e30-1bc4-4437-923b-baa17d00f687",
            "id": 4635
        },
        {
            "@type": "WorkflowStep",
            "name": "No New Alerts Needed",
            "description": null,
            "arguments": {
                "params": [],
                "version": "2.1.3",
                "connector": "cyops_utilities",
                "operation": "no_op",
                "operationTitle": "Utils: No Operation",
                "step_variables": []
            },
            "status": null,
            "top": "360",
            "left": "1200",
            "stepType": "\/api\/3\/workflow_step_types\/0109f35d-090b-4a2b-bd8a-94cbc3508562",
            "uuid": "aa76b6bd-c1c4-4cd2-b1f5-ee3cb20c4e06",
            "id": 4636
        },
        {
            "@type": "WorkflowStep",
            "name": "Start",
            "description": null,
            "arguments": {
                "step_variables": {
                    "input": {
                        "params": {
                            "MD5": "{{ vars.MD5 }}",
                            "comment": "{{ vars.comment }}",
                            "huntIRI": "{{ vars.huntIRI }}",
                            "filePath": "{{ vars.filePath }}",
                            "hostName": "{{ vars.hostName }}",
                            "sourceIP": "{{ vars.sourceIP }}",
                            "userName": "{{ vars.userName }}",
                            "alertName": "{{ vars.alertName }}",
                            "epochTime": "{{ vars.epochTime }}",
                            "eventName": "{{ vars.eventName }}",
                            "eventTime": "{{ vars.eventTime }}",
                            "processID": "{{ vars.processID }}",
                            "technique": "{{ vars.technique }}",
                            "sourceData": "{{ vars.sourceData }}",
                            "sourcePort": "{{ vars.sourcePort }}",
                            "sourceTool": "{{ vars.sourceTool }}",
                            "commandline": "{{ vars.commandline }}",
                            "description": "{{ vars.description }}",
                            "mitreTechId": "{{ vars.mitreTechId }}",
                            "processName": "{{ vars.processName }}",
                            "destinationIP": "{{ vars.destinationIP }}",
                            "parentProcess": "{{ vars.parentProcess }}",
                            "destinationPort": "{{ vars.destinationPort }}",
                            "parentProcessID": "{{ vars.parentProcessID }}",
                            "parentCommandLine": "{{ vars.parentCommandLine }}"
                        }
                    }
                }
            },
            "status": null,
            "top": "20",
            "left": "20",
            "stepType": "\/api\/3\/workflow_step_types\/b348f017-9a94-471f-87f8-ce88b6a7ad62",
            "uuid": "efba9fdf-06c2-409e-b0d6-04469a14a65d",
            "id": 4637
        },
        {
            "@type": "WorkflowStep",
            "name": "Create and Link Comments to Hunt",
            "description": null,
            "arguments": {
                "resource": {
                    "hunts": "['{{vars.input.params.huntIRI}}']",
                    "scans": null,
                    "tasks": null,
                    "users": null,
                    "alerts": null,
                    "assets": null,
                    "emails": null,
                    "events": null,
                    "owners": null,
                    "people": null,
                    "content": "<p>{{vars.input.params.comment}} Additionally, pre-existing related Alerts with Status \"Open\" or \"Re-Opened\" were observed within CyOps. Those Alerts have now been linked to this Hunt.<\/p>",
                    "schedule": null,
                    "approvals": null,
                    "companies": null,
                    "incidents": null,
                    "indicators": null,
                    "attachments": null,
                    "vulnerabilities": null
                },
                "_showJson": false,
                "collection": "\/api\/3\/comments",
                "step_variables": []
            },
            "status": null,
            "top": "630",
            "left": "880",
            "stepType": "\/api\/3\/workflow_step_types\/2597053c-e718-44b4-8394-4d40fe26d357",
            "uuid": "2e58d954-53f9-498d-854f-de1c43cb637b",
            "id": 4638
        },
        {
            "@type": "WorkflowStep",
            "name": "Find Existing Alerts",
            "description": null,
            "arguments": {
                "query": {
                    "sort": [],
                    "limit": 30,
                    "logic": "AND",
                    "filters": [
                        {
                            "type": "primitive",
                            "field": "epochTime",
                            "value": "{{vars.input.params.epochTime}}",
                            "operator": "eq",
                            "_operator": "eq"
                        },
                        {
                            "type": "primitive",
                            "field": "sourceIp",
                            "value": "{{vars.input.params.sourceIP}}",
                            "operator": "eq",
                            "_operator": "eq"
                        },
                        {
                            "type": "primitive",
                            "field": "destinationIp",
                            "value": "{{vars.input.params.destinationIP}}",
                            "operator": "eq",
                            "_operator": "eq"
                        },
                        {
                            "type": "primitive",
                            "field": "mitreTechnique",
                            "value": "%{{vars.input.params.technique}}%",
                            "operator": "like",
                            "_operator": "like"
                        }
                    ]
                },
                "module": "alerts?$limit=300",
                "step_variables": {
                    "resultRecordscount": "{{vars.result | length}}"
                }
            },
            "status": null,
            "top": "60",
            "left": "533",
            "stepType": "\/api\/3\/workflow_step_types\/b593663d-7d13-40ce-a3a3-96dece928770",
            "uuid": "a939e690-b2fb-4884-bd7c-19123b902531",
            "id": 4639
        },
        {
            "@type": "WorkflowStep",
            "name": "Create and Link Comment to Hunt",
            "description": null,
            "arguments": {
                "resource": {
                    "hunts": "['{{vars.input.params.huntIRI}}']",
                    "scans": null,
                    "tasks": null,
                    "users": null,
                    "alerts": null,
                    "assets": null,
                    "emails": null,
                    "events": null,
                    "owners": null,
                    "people": null,
                    "content": "<p>{{vars.input.params.comment}}<\/p>",
                    "schedule": null,
                    "approvals": null,
                    "companies": null,
                    "incidents": null,
                    "indicators": null,
                    "attachments": null,
                    "vulnerabilities": null
                },
                "_showJson": false,
                "collection": "\/api\/3\/comments",
                "step_variables": []
            },
            "status": null,
            "top": "493",
            "left": "532",
            "stepType": "\/api\/3\/workflow_step_types\/2597053c-e718-44b4-8394-4d40fe26d357",
            "uuid": "4845bacb-f0d0-40b4-bfcc-fac6085da199",
            "id": 4640
        },
        {
            "@type": "WorkflowStep",
            "name": "Link Open Alerts",
            "description": null,
            "arguments": {
                "for_each": {
                    "item": "{{vars.steps.Find_Existing_Open_Alerts}}",
                    "condition": ""
                },
                "resource": {
                    "__link": {
                        "hunts": "['{{vars.input.params.huntIRI}}']"
                    }
                },
                "_showJson": false,
                "operation": "Append",
                "collection": "{{vars.item['@id']}}",
                "collectionType": "\/api\/3\/alerts",
                "step_variables": []
            },
            "status": null,
            "top": "500",
            "left": "880",
            "stepType": "\/api\/3\/workflow_step_types\/b593663d-7d13-40ce-a3a3-96dece928722",
            "uuid": "c44bf731-7f44-4337-aa25-a90cd9e30d5f",
            "id": 4641
        },
        {
            "@type": "WorkflowStep",
            "name": "Are Any Alerts Still Open",
            "description": null,
            "arguments": {
                "conditions": [
                    {
                        "option": "Yes",
                        "step_iri": "\/api\/3\/workflow_steps\/c44bf731-7f44-4337-aa25-a90cd9e30d5f",
                        "condition": "{{ vars.resultRecordscount2 != 0 }}"
                    },
                    {
                        "option": "No",
                        "step_iri": "\/api\/3\/workflow_steps\/aa76b6bd-c1c4-4cd2-b1f5-ee3cb20c4e06",
                        "condition": "{{ vars.resultRecordscount2 == 0 }}"
                    }
                ]
            },
            "status": null,
            "top": "360",
            "left": "880",
            "stepType": "\/api\/3\/workflow_step_types\/12254cf5-5db7-4b1a-8cb1-3af081924b28",
            "uuid": "c410cfb3-9923-45eb-9680-e4e5c949da28",
            "id": 4642
        }
    ],
    "routes": [
        {
            "@type": "WorkflowRoute",
            "name": "Find Existing Open Alerts -> Are Any Alerts Still Open",
            "targetStep": "\/api\/3\/workflow_steps\/c410cfb3-9923-45eb-9680-e4e5c949da28",
            "sourceStep": "\/api\/3\/workflow_steps\/d7e9b8a1-6b5f-409f-9d05-eae118a8ba55",
            "label": null,
            "isExecuted": false,
            "uuid": "cef1dfab-36d3-45cc-953b-940dbf691b5e"
        },
        {
            "@type": "WorkflowRoute",
            "name": "Do Alerts Already Exist -> Create and Link Alert",
            "targetStep": "\/api\/3\/workflow_steps\/c22a232f-40f8-4b55-b645-86f28e7367f4",
            "sourceStep": "\/api\/3\/workflow_steps\/b0806e30-1bc4-4437-923b-baa17d00f687",
            "label": "No",
            "isExecuted": false,
            "uuid": "ded78f7a-2a54-43ad-9a9c-699e76ff53eb"
        },
        {
            "@type": "WorkflowRoute",
            "name": "Link Open Alerts -> Create and Link Comments to Hunt",
            "targetStep": "\/api\/3\/workflow_steps\/2e58d954-53f9-498d-854f-de1c43cb637b",
            "sourceStep": "\/api\/3\/workflow_steps\/c44bf731-7f44-4337-aa25-a90cd9e30d5f",
            "label": null,
            "isExecuted": false,
            "uuid": "969b22a9-3a09-41bc-a917-24a7ca7449e8"
        },
        {
            "@type": "WorkflowRoute",
            "name": "Are Any Alerts Still Open -> No New Alerts Needed",
            "targetStep": "\/api\/3\/workflow_steps\/aa76b6bd-c1c4-4cd2-b1f5-ee3cb20c4e06",
            "sourceStep": "\/api\/3\/workflow_steps\/c410cfb3-9923-45eb-9680-e4e5c949da28",
            "label": "No",
            "isExecuted": false,
            "uuid": "42b5ddd4-6ecc-45d5-9a91-2ba2ca4c997f"
        },
        {
            "@type": "WorkflowRoute",
            "name": "Create and Link Alert -> Create and Link Comment to Hunt",
            "targetStep": "\/api\/3\/workflow_steps\/4845bacb-f0d0-40b4-bfcc-fac6085da199",
            "sourceStep": "\/api\/3\/workflow_steps\/c22a232f-40f8-4b55-b645-86f28e7367f4",
            "label": null,
            "isExecuted": false,
            "uuid": "fb7c1210-3dd8-4a72-b658-267364792486"
        },
        {
            "@type": "WorkflowRoute",
            "name": "Are Any Alerts Still Open -> Link Open Alerts",
            "targetStep": "\/api\/3\/workflow_steps\/c44bf731-7f44-4337-aa25-a90cd9e30d5f",
            "sourceStep": "\/api\/3\/workflow_steps\/c410cfb3-9923-45eb-9680-e4e5c949da28",
            "label": "Yes",
            "isExecuted": false,
            "uuid": "f3280977-5224-4c6a-9c66-f6a4bc49b6c6"
        },
        {
            "@type": "WorkflowRoute",
            "name": "Do Alerts Already Exist -> Find Existing Open Alerts",
            "targetStep": "\/api\/3\/workflow_steps\/d7e9b8a1-6b5f-409f-9d05-eae118a8ba55",
            "sourceStep": "\/api\/3\/workflow_steps\/b0806e30-1bc4-4437-923b-baa17d00f687",
            "label": "Yes",
            "isExecuted": false,
            "uuid": "c27018ec-a546-4bd5-bbed-debfe04aca31"
        },
        {
            "@type": "WorkflowRoute",
            "name": "Start -> Find Existing Alerts",
            "targetStep": "\/api\/3\/workflow_steps\/a939e690-b2fb-4884-bd7c-19123b902531",
            "sourceStep": "\/api\/3\/workflow_steps\/efba9fdf-06c2-409e-b0d6-04469a14a65d",
            "label": null,
            "isExecuted": false,
            "uuid": "6519548b-1296-45d2-a837-60974dc847ba"
        },
        {
            "@type": "WorkflowRoute",
            "name": "Find Existing Alerts -> Do Alerts Already Exist",
            "targetStep": "\/api\/3\/workflow_steps\/b0806e30-1bc4-4437-923b-baa17d00f687",
            "sourceStep": "\/api\/3\/workflow_steps\/a939e690-b2fb-4884-bd7c-19123b902531",
            "label": null,
            "isExecuted": false,
            "uuid": "2f9f5e2d-adad-4e19-945b-8f10f6a40ee5"
        }
    ],
    "priority": null,
    "uuid": "4c558395-6eba-4ef9-b416-6056749487f7",
    "recordTags": [],
    "id": 1185,
    "createUser": "\/api\/3\/people\/3451141c-bac6-467c-8d72-85e0fab569ce",
    "createDate": 1633085065,
    "modifyUser": "\/api\/3\/people\/3451141c-bac6-467c-8d72-85e0fab569ce",
    "modifyDate": 1633085065,
    "owners": [],
    "isPrivate": false
}