{
    "@type": "Workflow",
    "triggerLimit": null,
    "name": "Create and Link User",
    "aliasName": null,
    "tag": "#Subroutine #DeDuplicate #Relate",
    "description": "Create user (if it doesn't exist already), and link to specified email, alert or incident",
    "isActive": false,
    "debug": false,
    "singleRecordExecution": false,
    "remoteExecutableFlag": false,
    "parameters": [
        "user_query_output",
        "alertRecordIRI",
        "emailRecordIRI",
        "incidentRecordIRI",
        "domain",
        "computername"
    ],
    "synchronous": false,
    "lastModifyDate": 1633085062,
    "collection": "\/api\/3\/workflow_collections\/e1d97fae-bb76-4989-b4d2-a30b6109e91f",
    "versions": [],
    "triggerStep": "\/api\/3\/workflow_steps\/6b632b88-932f-4269-89a4-72ca912304d7",
    "steps": [
        {
            "@type": "WorkflowStep",
            "name": "Link User to Alert",
            "description": null,
            "arguments": {
                "resource": {
                    "__link": {
                        "users": "[\"{{vars.steps.Create_New_User['@id']}}\"]",
                        "incidents": "{% if vars.input.params.incidentRecordIRI %}['{{vars.input.params.incidentRecordIRI}}']{% endif %}"
                    }
                },
                "_showJson": false,
                "operation": "Append",
                "collection": "{{vars.input.params.alertRecordIRI}}",
                "collectionType": "\/api\/3\/alerts",
                "step_variables": []
            },
            "status": null,
            "top": "170",
            "left": "1060",
            "stepType": "\/api\/3\/workflow_step_types\/b593663d-7d13-40ce-a3a3-96dece928722",
            "uuid": "9e4f2759-9962-4236-b223-33e5f7ce2f1b",
            "id": 4696
        },
        {
            "@type": "WorkflowStep",
            "name": "No host data",
            "description": null,
            "arguments": {
                "params": [],
                "version": "2.4.0",
                "connector": "cyops_utilities",
                "operation": "no_op",
                "operationTitle": "Utils: No Operation",
                "step_variables": []
            },
            "status": null,
            "top": "140",
            "left": "1920",
            "stepType": "\/api\/3\/workflow_step_types\/0109f35d-090b-4a2b-bd8a-94cbc3508562",
            "uuid": "6ed3d9f9-6f37-4c8c-b918-3f6281aa83dc",
            "id": 4697
        },
        {
            "@type": "WorkflowStep",
            "name": "Copy  of Link User to Alert",
            "description": null,
            "arguments": {
                "resource": {
                    "__link": {
                        "users": "[\"{{vars.steps.Link_User['@id']}}\"]",
                        "incidents": "{% if vars.input.params.incidentRecordIRI %}['{{vars.input.params.incidentRecordIRI}}']{% endif %}"
                    }
                },
                "_showJson": false,
                "operation": "Append",
                "collection": "{{vars.input.params.alertRecordIRI}}",
                "collectionType": "\/api\/3\/alerts",
                "step_variables": []
            },
            "status": null,
            "top": "300",
            "left": "1060",
            "stepType": "\/api\/3\/workflow_step_types\/b593663d-7d13-40ce-a3a3-96dece928722",
            "uuid": "081d0a3a-1737-4caf-9277-a7b2e605c314",
            "id": 4698
        },
        {
            "@type": "WorkflowStep",
            "name": "Find Host Record",
            "description": null,
            "arguments": {
                "query": {
                    "sort": [],
                    "limit": 30,
                    "logic": "AND",
                    "filters": [
                        {
                            "type": "primitive",
                            "field": "hostname",
                            "value": "%{{vars.input.params.computername}}%",
                            "operator": "like"
                        }
                    ]
                },
                "module": "assets?$limit=1000",
                "step_variables": {
                    "resultRecordscount": "{{vars.result | length}}"
                }
            },
            "status": null,
            "top": "231",
            "left": "1920",
            "stepType": "\/api\/3\/workflow_step_types\/b593663d-7d13-40ce-a3a3-96dece928770",
            "uuid": "b8d9056e-1675-4785-a24e-3eb4235f32c6",
            "id": 4699
        },
        {
            "@type": "WorkflowStep",
            "name": "Do Nothing",
            "description": null,
            "arguments": {
                "params": [],
                "version": "2.1.3",
                "connector": "cyops_utilities",
                "operation": "no_op",
                "operationTitle": "Utils: No Operation",
                "step_variables": []
            },
            "status": null,
            "top": "400",
            "left": "760",
            "stepType": "\/api\/3\/workflow_step_types\/0109f35d-090b-4a2b-bd8a-94cbc3508562",
            "uuid": "f22d7ac8-5221-4bcf-aef8-a12cf2d91885",
            "id": 4700
        },
        {
            "@type": "WorkflowStep",
            "name": "Start",
            "description": null,
            "arguments": {
                "step_variables": {
                    "input": {
                        "params": {
                            "domain": "{{ vars.domain }}",
                            "hostname": "{{ vars.hostname }}",
                            "computername": "{{ vars.computername }}",
                            "indicatorType": "{{ vars.indicatorType }}",
                            "alertRecordIRI": "{{ vars.alertRecordIRI }}",
                            "emailRecordIRI": "{{ vars.emailRecordIRI }}",
                            "indicatorValue": "{{ vars.indicatorValue }}",
                            "incidentRecordIRI": "{{ vars.incidentRecordIRI }}",
                            "user_query_output": "{{ vars.user_query_output }}"
                        }
                    }
                }
            },
            "status": null,
            "top": "40",
            "left": "80",
            "stepType": "\/api\/3\/workflow_step_types\/b348f017-9a94-471f-87f8-ce88b6a7ad62",
            "uuid": "6b632b88-932f-4269-89a4-72ca912304d7",
            "id": 4701
        },
        {
            "@type": "WorkflowStep",
            "name": "Set User IRI from Copy link",
            "description": null,
            "arguments": {
                "userIRI": "{{vars.steps.Create_New_User['@id']}}"
            },
            "status": null,
            "top": "170",
            "left": "1340",
            "stepType": "\/api\/3\/workflow_step_types\/04d0cf46-b6a8-42c4-8683-60a7eaa69e8f",
            "uuid": "4486da4d-651d-4b8b-8313-1cf3e6e98b5f",
            "id": 4702
        },
        {
            "@type": "WorkflowStep",
            "name": "Host data in Alert",
            "description": null,
            "arguments": {
                "conditions": [
                    {
                        "step_iri": "\/api\/3\/workflow_steps\/b8d9056e-1675-4785-a24e-3eb4235f32c6",
                        "condition": "{{ vars.input.params.computername | length > 0 }}"
                    },
                    {
                        "default": true,
                        "step_iri": "\/api\/3\/workflow_steps\/6ed3d9f9-6f37-4c8c-b918-3f6281aa83dc"
                    }
                ]
            },
            "status": null,
            "top": "231",
            "left": "1634",
            "stepType": "\/api\/3\/workflow_step_types\/12254cf5-5db7-4b1a-8cb1-3af081924b28",
            "uuid": "01a8b7d9-cb0c-4b08-9d54-f51377268b1c",
            "id": 4703
        },
        {
            "@type": "WorkflowStep",
            "name": "Link User and Alert to Host Record",
            "description": null,
            "arguments": {
                "resource": {
                    "__link": {
                        "users": "[\"{{vars.userIRI}}\"]",
                        "alerts": "[\"{{vars.input.params.alertRecordIRI}}\"]",
                        "incidents": "{% if vars.input.params.incidentRecordIRI %}['{{vars.input.params.incidentRecordIRI}}']{% endif %}"
                    }
                },
                "_showJson": false,
                "operation": "Append",
                "collection": "{{vars.steps.Find_Host_Record[0]['@id']}}",
                "collectionType": "\/api\/3\/assets",
                "step_variables": []
            },
            "status": null,
            "top": "191",
            "left": "2492",
            "stepType": "\/api\/3\/workflow_step_types\/b593663d-7d13-40ce-a3a3-96dece928722",
            "uuid": "58d7b7b0-1cd9-46ee-adce-3fa42e9cb18d",
            "id": 4704
        },
        {
            "@type": "WorkflowStep",
            "name": "Retrieve existing records",
            "description": null,
            "arguments": {
                "query": {
                    "sort": [],
                    "limit": 30,
                    "logic": "AND",
                    "filters": [
                        {
                            "type": "primitive",
                            "field": "securityid",
                            "value": "{{vars.input.params['user_query_output']}}",
                            "operator": "eq"
                        }
                    ]
                },
                "module": "users?$limit=1000",
                "step_variables": {
                    "resultRecordscount": "{{vars.result | length}}"
                }
            },
            "status": null,
            "top": "240",
            "left": "80",
            "stepType": "\/api\/3\/workflow_step_types\/b593663d-7d13-40ce-a3a3-96dece928770",
            "uuid": "11161803-c832-4c87-ab15-b66128313cca",
            "id": 4705
        },
        {
            "@type": "WorkflowStep",
            "name": "Create Host Record and link to User and Alert",
            "description": null,
            "arguments": {
                "resource": {
                    "ip": null,
                    "tag": null,
                    "name": "{{vars.input.params.computername.split(\".\",1)[0]}}",
                    "notes": null,
                    "scans": null,
                    "tasks": null,
                    "users": "[\"{{vars.userIRI}}\"]",
                    "alerts": "[\"{{vars.input.params.alertRecordIRI}}\"]",
                    "owners": null,
                    "status": null,
                    "emailID": null,
                    "category": null,
                    "comments": null,
                    "hostname": "{{vars.input.params.computername.split(\".\",1)[0]}}",
                    "location": null,
                    "companies": null,
                    "deviceUID": null,
                    "incidents": "{% if vars.input.params.incidentRecordIRI %}['{{vars.input.params.incidentRecordIRI}}']{% endif %}",
                    "managedBy": null,
                    "assetClass": null,
                    "indicators": null,
                    "macAddress": "52:54:00:ef:1c:03",
                    "propertyOf": null,
                    "attachments": null,
                    "criticality": null,
                    "dateScanned": null,
                    "description": null,
                    "legalMatters": null,
                    "serialNumber": null,
                    "operatingSystem": null,
                    "vulnerabilities": null,
                    "registrationDate": null
                },
                "_showJson": false,
                "collection": "\/api\/3\/assets",
                "step_variables": []
            },
            "status": null,
            "top": "268",
            "left": "2491",
            "stepType": "\/api\/3\/workflow_step_types\/2597053c-e718-44b4-8394-4d40fe26d357",
            "uuid": "9ef43c90-7d12-4759-badd-19c3dcb6fffe",
            "id": 4706
        },
        {
            "@type": "WorkflowStep",
            "name": "Link User",
            "description": null,
            "arguments": {
                "resource": {
                    "__link": {
                        "alerts": "[\"{{vars.input.params.alertRecordIRI}}\"]",
                        "incidents": "{% if vars.input.params.incidentRecordIRI %}['{{vars.input.params.incidentRecordIRI}}']{% endif %}"
                    }
                },
                "_showJson": false,
                "operation": "Append",
                "collection": "{{vars.steps.Retrieve_existing_records[0]['@id']}}",
                "collectionType": "\/api\/3\/users",
                "step_variables": []
            },
            "status": null,
            "top": "300",
            "left": "760",
            "stepType": "\/api\/3\/workflow_step_types\/b593663d-7d13-40ce-a3a3-96dece928722",
            "uuid": "aeb419a3-e9dc-462e-bad5-1d80904db323",
            "id": 4707
        },
        {
            "@type": "WorkflowStep",
            "name": "Set User IRI from link",
            "description": null,
            "arguments": {
                "userIRI": "{{vars.steps.Link_User['@id']}}"
            },
            "status": null,
            "top": "300",
            "left": "1340",
            "stepType": "\/api\/3\/workflow_step_types\/04d0cf46-b6a8-42c4-8683-60a7eaa69e8f",
            "uuid": "36d4f38e-ed40-49c1-ab8d-9673f84e8343",
            "id": 4708
        },
        {
            "@type": "WorkflowStep",
            "name": "Does host record exist",
            "description": null,
            "arguments": {
                "conditions": [
                    {
                        "step_iri": "\/api\/3\/workflow_steps\/58d7b7b0-1cd9-46ee-adce-3fa42e9cb18d",
                        "condition": "{{ vars.resultRecordscount != 0 }}"
                    },
                    {
                        "step_iri": "\/api\/3\/workflow_steps\/9ef43c90-7d12-4759-badd-19c3dcb6fffe",
                        "condition": "{{ vars.resultRecordscount == 0 }}"
                    }
                ]
            },
            "status": null,
            "top": "231",
            "left": "2200",
            "stepType": "\/api\/3\/workflow_step_types\/12254cf5-5db7-4b1a-8cb1-3af081924b28",
            "uuid": "59953cbd-45a3-4c19-a693-590e79dff175",
            "id": 4709
        },
        {
            "@type": "WorkflowStep",
            "name": "Data present",
            "description": null,
            "arguments": {
                "conditions": [
                    {
                        "step_iri": "\/api\/3\/workflow_steps\/11161803-c832-4c87-ab15-b66128313cca",
                        "condition": "{{ vars.input.params['user_query_output'] | length > 0 }}"
                    },
                    {
                        "step_iri": "\/api\/3\/workflow_steps\/718123c4-efa3-49df-90d1-c36c117e994c",
                        "condition": "{{ vars.input.params['user_query_output'] | length == 0 }}"
                    }
                ]
            },
            "status": null,
            "top": "140",
            "left": "80",
            "stepType": "\/api\/3\/workflow_step_types\/12254cf5-5db7-4b1a-8cb1-3af081924b28",
            "uuid": "00764a12-a656-4653-8ebb-acbf9bf09137",
            "id": 4710
        },
        {
            "@type": "WorkflowStep",
            "name": "Create New User",
            "description": null,
            "arguments": {
                "resource": {
                    "alerts": "[\"{{vars.input.params.alertRecordIRI}}\"]",
                    "assets": null,
                    "domain": "{{vars.input.params['user_query_output'].split(sep=\"\\\\\\\\\")[0]}}",
                    "owners": null,
                    "comments": null,
                    "username": "{{vars.input.params['user_query_output'].split(sep=\"\\\\\\\\\")[1]}}",
                    "incidents": "{% if vars.input.params.incidentRecordIRI %}['{{vars.input.params.incidentRecordIRI}}']{% endif %}",
                    "securityid": "{{vars.input.params['user_query_output']}}",
                    "knownCompromised": null
                },
                "_showJson": false,
                "collection": "\/api\/3\/users",
                "step_variables": []
            },
            "status": null,
            "top": "170",
            "left": "760",
            "stepType": "\/api\/3\/workflow_step_types\/2597053c-e718-44b4-8394-4d40fe26d357",
            "uuid": "a3846a09-63a2-4584-850a-1a604f4d8874",
            "id": 4711
        },
        {
            "@type": "WorkflowStep",
            "name": "Do records exist",
            "description": null,
            "arguments": {
                "conditions": [
                    {
                        "step_iri": "\/api\/3\/workflow_steps\/aeb419a3-e9dc-462e-bad5-1d80904db323",
                        "condition": "{{ vars.resultRecordscount != 0 and vars.input.params['user_query_output'] != \"NT AUTHORITY\\\\\\\\SYSTEM\" }}"
                    },
                    {
                        "step_iri": "\/api\/3\/workflow_steps\/a3846a09-63a2-4584-850a-1a604f4d8874",
                        "condition": "{{ vars.resultRecordscount == 0 and vars.input.params['user_query_output'] != \"NT AUTHORITY\\\\\\\\SYSTEM\" }}"
                    },
                    {
                        "step_iri": "\/api\/3\/workflow_steps\/f22d7ac8-5221-4bcf-aef8-a12cf2d91885",
                        "condition": "{{ vars.input.params['user_query_output'] == \"NT AUTHORITY\\\\\\\\SYSTEM\" or vars.resultRecordscount == 0 }}"
                    }
                ]
            },
            "status": null,
            "top": "240",
            "left": "380",
            "stepType": "\/api\/3\/workflow_step_types\/12254cf5-5db7-4b1a-8cb1-3af081924b28",
            "uuid": "7b3f7ed6-3e8b-4526-a24b-5fc579628ba8",
            "id": 4712
        },
        {
            "@type": "WorkflowStep",
            "name": "No data",
            "description": null,
            "arguments": {
                "params": [],
                "version": "2.2.0",
                "connector": "cyops_utilities",
                "operation": "no_op",
                "operationTitle": "Utils: No Operation",
                "step_variables": []
            },
            "status": null,
            "top": "140",
            "left": "380",
            "stepType": "\/api\/3\/workflow_step_types\/0109f35d-090b-4a2b-bd8a-94cbc3508562",
            "uuid": "718123c4-efa3-49df-90d1-c36c117e994c",
            "id": 4713
        }
    ],
    "routes": [
        {
            "@type": "WorkflowRoute",
            "name": "Start -> Data present",
            "targetStep": "\/api\/3\/workflow_steps\/00764a12-a656-4653-8ebb-acbf9bf09137",
            "sourceStep": "\/api\/3\/workflow_steps\/6b632b88-932f-4269-89a4-72ca912304d7",
            "label": null,
            "isExecuted": false,
            "uuid": "935735a0-3c8f-4cdd-a29c-555d95c6f0e1"
        },
        {
            "@type": "WorkflowRoute",
            "name": "Data present -> No data",
            "targetStep": "\/api\/3\/workflow_steps\/718123c4-efa3-49df-90d1-c36c117e994c",
            "sourceStep": "\/api\/3\/workflow_steps\/00764a12-a656-4653-8ebb-acbf9bf09137",
            "label": null,
            "isExecuted": false,
            "uuid": "7411610e-e1c5-48ca-8144-51f4176d3e58"
        },
        {
            "@type": "WorkflowRoute",
            "name": "Does host record exist -> Link User to Host Record",
            "targetStep": "\/api\/3\/workflow_steps\/58d7b7b0-1cd9-46ee-adce-3fa42e9cb18d",
            "sourceStep": "\/api\/3\/workflow_steps\/59953cbd-45a3-4c19-a693-590e79dff175",
            "label": "",
            "isExecuted": false,
            "uuid": "c095aa42-18cd-49b6-ad58-c677cea0a3fd"
        },
        {
            "@type": "WorkflowRoute",
            "name": "Find Host Record -> Copy  of Does records exist",
            "targetStep": "\/api\/3\/workflow_steps\/59953cbd-45a3-4c19-a693-590e79dff175",
            "sourceStep": "\/api\/3\/workflow_steps\/b8d9056e-1675-4785-a24e-3eb4235f32c6",
            "label": null,
            "isExecuted": false,
            "uuid": "1a073a01-6b31-4c50-9bf9-09119068c28f"
        },
        {
            "@type": "WorkflowRoute",
            "name": "Does host record exist -> Create Host Record",
            "targetStep": "\/api\/3\/workflow_steps\/9ef43c90-7d12-4759-badd-19c3dcb6fffe",
            "sourceStep": "\/api\/3\/workflow_steps\/59953cbd-45a3-4c19-a693-590e79dff175",
            "label": null,
            "isExecuted": false,
            "uuid": "a1850213-eea6-4a94-9dda-c686bc321cc4"
        },
        {
            "@type": "WorkflowRoute",
            "name": "Does indicator exist -> Create New Indicator",
            "targetStep": "\/api\/3\/workflow_steps\/a3846a09-63a2-4584-850a-1a604f4d8874",
            "sourceStep": "\/api\/3\/workflow_steps\/7b3f7ed6-3e8b-4526-a24b-5fc579628ba8",
            "label": null,
            "isExecuted": false,
            "uuid": "5ab8169f-8f32-464f-9c11-b02cea480a9a"
        },
        {
            "@type": "WorkflowRoute",
            "name": "Does records exist -> Do Nothing",
            "targetStep": "\/api\/3\/workflow_steps\/f22d7ac8-5221-4bcf-aef8-a12cf2d91885",
            "sourceStep": "\/api\/3\/workflow_steps\/7b3f7ed6-3e8b-4526-a24b-5fc579628ba8",
            "label": null,
            "isExecuted": false,
            "uuid": "4cabb8df-5f60-4141-942e-a037e08654d3"
        },
        {
            "@type": "WorkflowRoute",
            "name": "Does indicator exist -> Link to Alert",
            "targetStep": "\/api\/3\/workflow_steps\/aeb419a3-e9dc-462e-bad5-1d80904db323",
            "sourceStep": "\/api\/3\/workflow_steps\/7b3f7ed6-3e8b-4526-a24b-5fc579628ba8",
            "label": null,
            "isExecuted": false,
            "uuid": "88703fe7-e577-48f7-8c41-7c7413eae97d"
        },
        {
            "@type": "WorkflowRoute",
            "name": "Host data in Alert -> No host data",
            "targetStep": "\/api\/3\/workflow_steps\/6ed3d9f9-6f37-4c8c-b918-3f6281aa83dc",
            "sourceStep": "\/api\/3\/workflow_steps\/01a8b7d9-cb0c-4b08-9d54-f51377268b1c",
            "label": null,
            "isExecuted": false,
            "uuid": "1e7a9a05-fa3b-4af9-a5cb-0a9b1fb62187"
        },
        {
            "@type": "WorkflowRoute",
            "name": "Host data in Alert -> Find Host Record",
            "targetStep": "\/api\/3\/workflow_steps\/b8d9056e-1675-4785-a24e-3eb4235f32c6",
            "sourceStep": "\/api\/3\/workflow_steps\/01a8b7d9-cb0c-4b08-9d54-f51377268b1c",
            "label": "",
            "isExecuted": false,
            "uuid": "ffe64c31-39ea-47dd-bdc0-cd8e3104f8eb"
        },
        {
            "@type": "WorkflowRoute",
            "name": "Create New User -> Link User to Alert",
            "targetStep": "\/api\/3\/workflow_steps\/9e4f2759-9962-4236-b223-33e5f7ce2f1b",
            "sourceStep": "\/api\/3\/workflow_steps\/a3846a09-63a2-4584-850a-1a604f4d8874",
            "label": null,
            "isExecuted": false,
            "uuid": "fa85e92f-87f1-4146-81df-7c5ac304c9d8"
        },
        {
            "@type": "WorkflowRoute",
            "name": "Link User to Alert -> Copy  of Set User IRI from link",
            "targetStep": "\/api\/3\/workflow_steps\/4486da4d-651d-4b8b-8313-1cf3e6e98b5f",
            "sourceStep": "\/api\/3\/workflow_steps\/9e4f2759-9962-4236-b223-33e5f7ce2f1b",
            "label": null,
            "isExecuted": false,
            "uuid": "5312f0ab-387f-4cc7-865b-6e989c7fe833"
        },
        {
            "@type": "WorkflowRoute",
            "name": "Set User IRI from link -> Host data in Alert",
            "targetStep": "\/api\/3\/workflow_steps\/01a8b7d9-cb0c-4b08-9d54-f51377268b1c",
            "sourceStep": "\/api\/3\/workflow_steps\/36d4f38e-ed40-49c1-ab8d-9673f84e8343",
            "label": null,
            "isExecuted": false,
            "uuid": "cc6d7e94-b63c-49d1-846f-afd22d842f4b"
        },
        {
            "@type": "WorkflowRoute",
            "name": "Data present -> Retrieve existing records",
            "targetStep": "\/api\/3\/workflow_steps\/11161803-c832-4c87-ab15-b66128313cca",
            "sourceStep": "\/api\/3\/workflow_steps\/00764a12-a656-4653-8ebb-acbf9bf09137",
            "label": null,
            "isExecuted": false,
            "uuid": "1d31a373-fc98-4148-9592-5eeed0ef1910"
        },
        {
            "@type": "WorkflowRoute",
            "name": "Check if indicator already exists -> Does indicator exist",
            "targetStep": "\/api\/3\/workflow_steps\/7b3f7ed6-3e8b-4526-a24b-5fc579628ba8",
            "sourceStep": "\/api\/3\/workflow_steps\/11161803-c832-4c87-ab15-b66128313cca",
            "label": null,
            "isExecuted": false,
            "uuid": "dd8b1853-2fad-49e2-876c-9ea48965d501"
        },
        {
            "@type": "WorkflowRoute",
            "name": "Link User -> Copy  of Link User to Alert",
            "targetStep": "\/api\/3\/workflow_steps\/081d0a3a-1737-4caf-9277-a7b2e605c314",
            "sourceStep": "\/api\/3\/workflow_steps\/aeb419a3-e9dc-462e-bad5-1d80904db323",
            "label": null,
            "isExecuted": false,
            "uuid": "ea8b7d0b-cd45-4716-a6ec-1080ad521495"
        },
        {
            "@type": "WorkflowRoute",
            "name": "Copy  of Link User to Alert -> Set User IRI from link",
            "targetStep": "\/api\/3\/workflow_steps\/36d4f38e-ed40-49c1-ab8d-9673f84e8343",
            "sourceStep": "\/api\/3\/workflow_steps\/081d0a3a-1737-4caf-9277-a7b2e605c314",
            "label": null,
            "isExecuted": false,
            "uuid": "c40835d6-1b18-475c-a06f-6559fc604783"
        },
        {
            "@type": "WorkflowRoute",
            "name": "Set User IRI from Copy link -> Host data in Alert",
            "targetStep": "\/api\/3\/workflow_steps\/01a8b7d9-cb0c-4b08-9d54-f51377268b1c",
            "sourceStep": "\/api\/3\/workflow_steps\/4486da4d-651d-4b8b-8313-1cf3e6e98b5f",
            "label": null,
            "isExecuted": false,
            "uuid": "439ad7d8-ac47-419b-abff-b9dbf78e516c"
        }
    ],
    "priority": null,
    "uuid": "b6b01cac-f181-4691-bb00-2300d999217d",
    "recordTags": [],
    "id": 1189,
    "createUser": "\/api\/3\/people\/3451141c-bac6-467c-8d72-85e0fab569ce",
    "createDate": 1633085065,
    "modifyUser": "\/api\/3\/people\/3451141c-bac6-467c-8d72-85e0fab569ce",
    "modifyDate": 1633085065,
    "owners": [],
    "isPrivate": false
}