{
    "@type": "Workflow",
    "triggerLimit": null,
    "name": "Create and Link Alerts from Hunt (Host-based)",
    "aliasName": null,
    "tag": "",
    "description": "Creates and links an Alert from a host based sensor to a Hunt",
    "isActive": false,
    "debug": false,
    "singleRecordExecution": false,
    "remoteExecutableFlag": false,
    "parameters": [
        "commandline",
        "userName",
        "technique",
        "processName",
        "MD5",
        "hostName",
        "sourceIP",
        "destinationIP",
        "sourceTool",
        "parentProcess",
        "eventTime",
        "parentProcessID",
        "processID",
        "parentCommandLine",
        "filePath",
        "eventName",
        "description",
        "huntIRI",
        "epochTime",
        "comment",
        "sourceImage",
        "targetImage",
        "source",
        "processGUID",
        "scheduledTask",
        "service",
        "url",
        "bytestransferred",
        "bitstransferid",
        "sourceData",
        "registryKey",
        "registryKeyValue",
        "computerName",
        "alertName",
        "decodedCommandLine",
        "mitre_tech_id"
    ],
    "synchronous": false,
    "lastModifyDate": 1633085062,
    "collection": "\/api\/3\/workflow_collections\/e1d97fae-bb76-4989-b4d2-a30b6109e91f",
    "versions": [],
    "triggerStep": "\/api\/3\/workflow_steps\/8200e281-69d0-4815-94fc-988a13e69d85",
    "steps": [
        {
            "@type": "WorkflowStep",
            "name": "Start",
            "description": null,
            "arguments": {
                "step_variables": {
                    "input": {
                        "params": {
                            "MD5": "{{ vars.MD5 }}",
                            "url": "{{ vars.url }}",
                            "source": "{{ vars.source }}",
                            "comment": "{{ vars.comment }}",
                            "huntIRI": "{{ vars.huntIRI }}",
                            "service": "{{ vars.service }}",
                            "filePath": "{{ vars.filePath }}",
                            "hostName": "{{ vars.hostName }}",
                            "sourceIP": "{{ vars.sourceIP }}",
                            "userName": "{{ vars.userName }}",
                            "alertName": "{{ vars.alertName }}",
                            "epochTime": "{{ vars.epochTime }}",
                            "eventName": "{{ vars.eventName }}",
                            "eventTime": "{{ vars.eventTime }}",
                            "processID": "{{ vars.processID }}",
                            "technique": "{{ vars.technique }}",
                            "sourceData": "{{ vars.sourceData }}",
                            "sourceTool": "{{ vars.sourceTool }}",
                            "commandline": "{{ vars.commandline }}",
                            "description": "{{ vars.description }}",
                            "processGUID": "{{ vars.processGUID }}",
                            "processName": "{{ vars.processName }}",
                            "registryKey": "{{ vars.registryKey }}",
                            "sourceImage": "{{ vars.sourceImage }}",
                            "targetImage": "{{ vars.targetImage }}",
                            "computerName": "{{ vars.computerName }}",
                            "destinationIP": "{{ vars.destinationIP }}",
                            "mitre_tech_id": "{{ vars.mitre_tech_id }}",
                            "parentProcess": "{{ vars.parentProcess }}",
                            "scheduledTask": "{{ vars.scheduledTask }}",
                            "bitstransferid": "{{ vars.bitstransferid }}",
                            "parentProcessID": "{{ vars.parentProcessID }}",
                            "bytestransferred": "{{ vars.bytestransferred }}",
                            "registryKeyValue": "{{ vars.registryKeyValue }}",
                            "parentCommandLine": "{{ vars.parentCommandLine }}",
                            "decodedCommandLine": "{{ vars.decodedCommandLine }}"
                        }
                    }
                }
            },
            "status": null,
            "top": "20",
            "left": "20",
            "stepType": "\/api\/3\/workflow_step_types\/b348f017-9a94-471f-87f8-ce88b6a7ad62",
            "uuid": "8200e281-69d0-4815-94fc-988a13e69d85",
            "id": 4714
        },
        {
            "@type": "WorkflowStep",
            "name": "Retrieve Existing Open Alerts",
            "description": null,
            "arguments": {
                "query": {
                    "sort": [],
                    "limit": 30,
                    "logic": "AND",
                    "filters": [
                        {
                            "type": "primitive",
                            "field": "epochTime",
                            "value": "{{vars.input.params.epochTime}}",
                            "operator": "eq",
                            "_operator": "eq"
                        },
                        {
                            "type": "primitive",
                            "field": "mitreTechnique",
                            "value": "%{{vars.input.params.technique}}%",
                            "operator": "like",
                            "_operator": "like"
                        },
                        {
                            "type": "primitive",
                            "field": "processId",
                            "value": "{{vars.input.params.processID}}",
                            "operator": "eq",
                            "_operator": "eq"
                        },
                        {
                            "type": "primitive",
                            "field": "computerName",
                            "value": "{{vars.input.params.computerName}}",
                            "operator": "eq",
                            "_operator": "eq"
                        },
                        {
                            "logic": "OR",
                            "filters": [
                                {
                                    "type": "object",
                                    "field": "status",
                                    "value": "\/api\/3\/picklists\/7de816ff-7140-4ee5-bd05-93ce22002146",
                                    "_value": {
                                        "itemValue": "Open"
                                    },
                                    "operator": "eq"
                                },
                                {
                                    "type": "object",
                                    "field": "status",
                                    "value": "\/api\/3\/picklists\/891fb9d5-556c-44c6-9f7d-94a27dec732e",
                                    "_value": {
                                        "itemValue": "Re-Opened"
                                    },
                                    "operator": "eq"
                                }
                            ]
                        },
                        {
                            "type": "primitive",
                            "field": "processGuid",
                            "value": "%{{vars.input.params.processGUID}}%",
                            "operator": "like",
                            "_operator": "like"
                        },
                        {
                            "type": "primitive",
                            "field": "scheduledTask",
                            "value": "{{vars.input.params.scheduledTask}}",
                            "operator": "eq",
                            "_operator": "eq"
                        },
                        {
                            "type": "primitive",
                            "field": "services",
                            "value": "{{vars.input.params.service}}",
                            "operator": "eq",
                            "_operator": "eq"
                        },
                        {
                            "type": "primitive",
                            "field": "url",
                            "value": "{{vars.input.params.url}}",
                            "operator": "eq",
                            "_operator": "eq"
                        }
                    ]
                },
                "module": "alerts?$limit=30",
                "step_variables": {
                    "resultRecordscount2": "{{vars.result | length}}"
                }
            },
            "status": null,
            "top": "166",
            "left": "920",
            "stepType": "\/api\/3\/workflow_step_types\/b593663d-7d13-40ce-a3a3-96dece928770",
            "uuid": "4d3bd02f-dee6-456b-b782-e1fdbbd7a3a3",
            "id": 4715
        },
        {
            "@type": "WorkflowStep",
            "name": "Create and Link Comment to Hunt",
            "description": null,
            "arguments": {
                "resource": {
                    "hunts": "{%if vars.input.params.huntIRI %}[\"{{vars.input.params.huntIRI}}\"]{% endif %}",
                    "scans": null,
                    "tasks": null,
                    "users": null,
                    "alerts": null,
                    "assets": null,
                    "emails": null,
                    "events": null,
                    "owners": null,
                    "people": null,
                    "content": "<p>{{vars.input.params.comment}}<\/p>",
                    "accounts": null,
                    "schedule": null,
                    "approvals": "",
                    "companies": null,
                    "customers": null,
                    "incidents": null,
                    "indicators": null,
                    "attachments": null,
                    "fraudAlerts": null,
                    "vulnerabilities": null
                },
                "_showJson": false,
                "collection": "\/api\/3\/comments",
                "step_variables": []
            },
            "status": null,
            "top": "473",
            "left": "546",
            "stepType": "\/api\/3\/workflow_step_types\/2597053c-e718-44b4-8394-4d40fe26d357",
            "uuid": "8bb888fc-3f59-4684-8b19-4a71dacec941",
            "id": 4716
        },
        {
            "@type": "WorkflowStep",
            "name": "Create and Link Alert",
            "description": null,
            "arguments": {
                "resource": {
                    "url": "{{vars.input.params.url or None}}",
                    "name": "{% if vars.input.params.alertName%}{{vars.input.params.alertName}}{% else %}MITRE-{{vars.input.params.technique}} Execution of {{vars.input.params.processName}}{% endif %}",
                    "type": {
                        "id": 547,
                        "@id": "\/api\/3\/picklists\/6bdeedd7-fb20-4b20-9717-f06520f0f788",
                        "icon": null,
                        "@type": "Picklist",
                        "color": null,
                        "display": "MITRE ATT&CK",
                        "listName": "\/api\/3\/picklist_names\/a7087b9c-5660-495f-a8ac-c3b198ddb8c2",
                        "itemValue": "MITRE ATT&CK",
                        "orderIndex": 8
                    },
                    "hunts": "{%if vars.input.params.huntIRI %}[\"{{vars.input.params.huntIRI}}\"]{% endif %}",
                    "state": {
                        "id": 220,
                        "@id": "\/api\/3\/picklists\/a1bac09b-1441-45aa-ad1b-c88744e48e72",
                        "icon": null,
                        "@type": "Picklist",
                        "color": null,
                        "display": "New",
                        "listName": "\/api\/3\/picklist_names\/2f9ed741-25fe-475a-9f12-64336288eebf",
                        "itemValue": "New",
                        "orderIndex": 0
                    },
                    "source": "{{vars.input.params.source or None}}",
                    "status": {
                        "id": 120,
                        "@id": "\/api\/3\/picklists\/7de816ff-7140-4ee5-bd05-93ce22002146",
                        "icon": null,
                        "@type": "Picklist",
                        "color": null,
                        "display": "Open",
                        "listName": "\/api\/3\/picklist_names\/33e964a9-d607-49f2-813c-7ce46141815a",
                        "itemValue": "Open",
                        "orderIndex": 0
                    },
                    "fileHash": "{{vars.input.params.MD5 or None}}",
                    "filePath": "{{vars.input.params.filePath or None}}",
                    "services": "{{vars.input.params.service or None}}",
                    "severity": {
                        "id": 81,
                        "@id": "\/api\/3\/picklists\/40187287-89fc-4e9c-b717-e9443d57eedb",
                        "icon": null,
                        "@type": "Picklist",
                        "color": "#DE7A13",
                        "display": "High",
                        "listName": "\/api\/3\/picklist_names\/4e80cba3-032f-48b4-ac03-17e3ec247aac",
                        "itemValue": "High",
                        "orderIndex": 3
                    },
                    "sourceIp": "{{vars.input.params.sourceIP or None}}",
                    "userName": "{{vars.input.params.userName or None}}",
                    "__replace": "true",
                    "epochTime": "{{vars.input.params.epochTime}}",
                    "eventTime": "{{vars.input.params.eventTime}}",
                    "processId": "{{vars.input.params.processID or None}}",
                    "sourceTool": "{{vars.input.params.sourceTool or None}}",
                    "sourcedata": "{{vars.input.params.sourceData | toJSON}}",
                    "commandLine": "{{vars.input.params.commandline or None}}",
                    "description": "<p>{{vars.input.params.description}}<\/p>",
                    "processGuid": "{{vars.input.params.processGUID or None}}",
                    "processName": "{{vars.input.params.processName or None}}",
                    "registryKey": "{{vars.input.params.registryKey or None}}",
                    "targetAsset": "{{vars.input.params.hostName or None}}",
                    "ackSlaStatus": {
                        "id": 289,
                        "@id": "\/api\/3\/picklists\/72979f64-e8b9-4888-a965-957e0ec24818",
                        "icon": null,
                        "@type": "Picklist",
                        "color": "#808080",
                        "display": "Awaiting Action",
                        "listName": "\/api\/3\/picklist_names\/fe36a8f2-fcba-4221-b4ab-1081f596b153",
                        "itemValue": "Awaiting Action",
                        "orderIndex": 2
                    },
                    "computerName": "{{vars.input.params.computerName or None}}",
                    "destinationIp": "{{vars.input.params.destinationIP or None}}",
                    "mitreattackid": "{{vars.input.params['mitre_tech_id']}}",
                    "respSlaStatus": {
                        "id": 289,
                        "@id": "\/api\/3\/picklists\/72979f64-e8b9-4888-a965-957e0ec24818",
                        "icon": null,
                        "@type": "Picklist",
                        "color": "#808080",
                        "display": "Awaiting Action",
                        "listName": "\/api\/3\/picklist_names\/fe36a8f2-fcba-4221-b4ab-1081f596b153",
                        "itemValue": "Awaiting Action",
                        "orderIndex": 2
                    },
                    "scheduledTask": "{{vars.input.params.scheduledTask or None}}",
                    "sourceProcess": "{{vars.input.params.sourceImage or None}}",
                    "targetProcess": "{{vars.input.params.targetImage or None}}",
                    "mitreTechnique": "{{vars.input.params.technique}}",
                    "bytesTransferred": "{{vars.input.params.bytestransferred or None}}",
                    "parentProcessPid": "{{vars.input.params.parentProcessID or None}}",
                    "registryKeyValue": "{{vars.input.params.registryKeyValue or None}}",
                    "parentProcessName": "{{vars.input.params.parentProcess or None}}",
                    "decodedCommandLine": "{{vars.input.params.decodedCommandLine or None}}",
                    "escalatedtoincident": {
                        "id": 32,
                        "@id": "\/api\/3\/picklists\/2128a09c-153d-4db3-985d-de6be33deae5",
                        "icon": null,
                        "@type": "Picklist",
                        "color": "#808080",
                        "display": "No",
                        "listName": "\/api\/3\/picklist_names\/e131cc54-9ae4-43c9-b830-af6e331fe024",
                        "itemValue": "No",
                        "orderIndex": 1
                    },
                    "parentProcessCmdLine": "{{vars.input.params.parentCommandLine or None}}"
                },
                "_showJson": false,
                "operation": "Overwrite",
                "collection": "\/api\/3\/upsert\/alerts",
                "tagsOperation": "OverwriteTags",
                "fieldOperation": {
                    "recordTags": "Overwrite"
                },
                "step_variables": []
            },
            "status": null,
            "top": "340",
            "left": "546",
            "stepType": "\/api\/3\/workflow_step_types\/2597053c-e718-44b4-8394-4d40fe26d357",
            "uuid": "50df345a-09f9-4e5c-aa2d-a12d213abb70",
            "id": 4717
        },
        {
            "@type": "WorkflowStep",
            "name": "Link Open Alerts to Hunt",
            "description": null,
            "arguments": {
                "for_each": {
                    "item": "{{vars.steps.Retrieve_Existing_Open_Alerts}}",
                    "condition": ""
                },
                "resource": {
                    "__link": {
                        "hunts": "{%if vars.input.params.huntIRI %}[\"{{vars.input.params.huntIRI}}\"]{% endif %}"
                    }
                },
                "_showJson": false,
                "operation": "Append",
                "collection": "{{vars.item['@id']}}",
                "collectionType": "\/api\/3\/alerts",
                "step_variables": []
            },
            "status": null,
            "top": "500",
            "left": "920",
            "stepType": "\/api\/3\/workflow_step_types\/b593663d-7d13-40ce-a3a3-96dece928722",
            "uuid": "1fddffaa-3ab7-4020-8f2e-4bbb00e75287",
            "id": 4718
        },
        {
            "@type": "WorkflowStep",
            "name": "Are Any Alerts Still Open",
            "description": null,
            "arguments": {
                "conditions": [
                    {
                        "option": "Yes",
                        "step_iri": "\/api\/3\/workflow_steps\/1fddffaa-3ab7-4020-8f2e-4bbb00e75287",
                        "condition": "{{ vars.resultRecordscount2 != 0 }}"
                    },
                    {
                        "option": "No",
                        "step_iri": "\/api\/3\/workflow_steps\/166cd307-a0f0-4af2-9222-eacc18c63359",
                        "condition": "{{ vars.resultRecordscount2 == 0 }}"
                    }
                ]
            },
            "status": null,
            "top": "340",
            "left": "920",
            "stepType": "\/api\/3\/workflow_step_types\/12254cf5-5db7-4b1a-8cb1-3af081924b28",
            "uuid": "48173174-55e8-4a14-8878-5b018be29b55",
            "id": 4719
        },
        {
            "@type": "WorkflowStep",
            "name": "Do Alerts Already Exist",
            "description": null,
            "arguments": {
                "conditions": [
                    {
                        "option": "Yes",
                        "step_iri": "\/api\/3\/workflow_steps\/4d3bd02f-dee6-456b-b782-e1fdbbd7a3a3",
                        "condition": "{{ vars.resultRecordscount != 0 }}"
                    },
                    {
                        "option": "No",
                        "step_iri": "\/api\/3\/workflow_steps\/50df345a-09f9-4e5c-aa2d-a12d213abb70",
                        "condition": "{{ vars.resultRecordscount == 0 }}"
                    }
                ]
            },
            "status": null,
            "top": "166",
            "left": "546",
            "stepType": "\/api\/3\/workflow_step_types\/12254cf5-5db7-4b1a-8cb1-3af081924b28",
            "uuid": "9a722b53-0289-44ec-b75a-1b876405271e",
            "id": 4720
        },
        {
            "@type": "WorkflowStep",
            "name": "Retrieve Existing Alerts",
            "description": null,
            "arguments": {
                "query": {
                    "sort": [],
                    "limit": 30,
                    "logic": "AND",
                    "filters": [
                        {
                            "type": "primitive",
                            "field": "epochTime",
                            "value": "{{vars.input.params.epochTime}}",
                            "operator": "eq",
                            "_operator": "eq"
                        },
                        {
                            "type": "primitive",
                            "field": "mitreTechnique",
                            "value": "%{{vars.input.params.technique}}%",
                            "operator": "like",
                            "_operator": "like"
                        },
                        {
                            "type": "primitive",
                            "field": "processId",
                            "value": "{{vars.input.params.processID}}",
                            "operator": "eq",
                            "_operator": "eq"
                        },
                        {
                            "type": "primitive",
                            "field": "computerName",
                            "value": "{{vars.input.params.computerName}}",
                            "operator": "eq",
                            "_operator": "eq"
                        },
                        {
                            "type": "primitive",
                            "field": "processGuid",
                            "value": "%{{vars.input.params.processGUID}}%",
                            "operator": "like",
                            "_operator": "like"
                        },
                        {
                            "type": "primitive",
                            "field": "services",
                            "value": "{{vars.input.params.service}}",
                            "operator": "eq",
                            "_operator": "eq"
                        },
                        {
                            "type": "primitive",
                            "field": "scheduledTask",
                            "value": "{{vars.input.params.scheduledTask}}",
                            "operator": "eq",
                            "_operator": "eq"
                        },
                        {
                            "type": "primitive",
                            "field": "url",
                            "value": "{{vars.input.params.url}}",
                            "operator": "eq",
                            "_operator": "eq"
                        }
                    ]
                },
                "module": "alerts?$limit=30000",
                "step_variables": {
                    "resultRecordscount": "{{vars.result | length}}"
                }
            },
            "status": null,
            "top": "20",
            "left": "546",
            "stepType": "\/api\/3\/workflow_step_types\/b593663d-7d13-40ce-a3a3-96dece928770",
            "uuid": "0ae6afef-88ff-4e25-af7e-7cfff75b98a3",
            "id": 4721
        },
        {
            "@type": "WorkflowStep",
            "name": "No New Alerts Needed",
            "description": null,
            "arguments": {
                "params": [],
                "version": "2.1.3",
                "connector": "cyops_utilities",
                "operation": "no_op",
                "operationTitle": "Utils: No Operation",
                "step_variables": []
            },
            "status": null,
            "top": "340",
            "left": "1260",
            "stepType": "\/api\/3\/workflow_step_types\/0109f35d-090b-4a2b-bd8a-94cbc3508562",
            "uuid": "166cd307-a0f0-4af2-9222-eacc18c63359",
            "id": 4722
        },
        {
            "@type": "WorkflowStep",
            "name": "Create and Link Comments to Hunt",
            "description": null,
            "arguments": {
                "resource": {
                    "hunts": "{%if vars.input.params.huntIRI %}[\"{{vars.input.params.huntIRI}}\"]{% endif %}",
                    "scans": null,
                    "tasks": null,
                    "users": null,
                    "alerts": null,
                    "assets": null,
                    "emails": null,
                    "events": null,
                    "owners": null,
                    "people": null,
                    "content": "<p>{{vars.input.params.comment}} Additionally, pre-existing related <a href=\"{{vars.request.baseUri}}{{ vars.steps.Retrieve_Existing_Open_Alerts[0]['@id'] | replace('\/api\/3','\/modules\/view-panel')}}\">Alert-{{vars.steps.Retrieve_Existing_Open_Alerts[0].id}}<\/a>&nbsp;with Status \"Open\" or \"Re-Opened\" was observed within CyOps. This Alert has now been linked to this Hunt.<\/p>\n<p>&nbsp;<\/p>\n<p>&nbsp;<\/p>\n<p>&nbsp;<\/p>",
                    "accounts": null,
                    "schedule": null,
                    "approvals": null,
                    "companies": null,
                    "customers": null,
                    "incidents": null,
                    "indicators": null,
                    "attachments": null,
                    "fraudAlerts": null,
                    "vulnerabilities": null
                },
                "_showJson": false,
                "collection": "\/api\/3\/comments",
                "step_variables": []
            },
            "status": null,
            "top": "660",
            "left": "920",
            "stepType": "\/api\/3\/workflow_step_types\/2597053c-e718-44b4-8394-4d40fe26d357",
            "uuid": "594a1090-c618-4e11-b274-68d19dde7d37",
            "id": 4723
        }
    ],
    "routes": [
        {
            "@type": "WorkflowRoute",
            "name": "Start -> Retrieve Existing Alerts",
            "targetStep": "\/api\/3\/workflow_steps\/0ae6afef-88ff-4e25-af7e-7cfff75b98a3",
            "sourceStep": "\/api\/3\/workflow_steps\/8200e281-69d0-4815-94fc-988a13e69d85",
            "label": null,
            "isExecuted": false,
            "uuid": "ab14ef5a-4d36-4518-b461-6b77dc4ade24"
        },
        {
            "@type": "WorkflowRoute",
            "name": "Retrieve Existing Open Alerts -> Are Any Alerts Still Open",
            "targetStep": "\/api\/3\/workflow_steps\/48173174-55e8-4a14-8878-5b018be29b55",
            "sourceStep": "\/api\/3\/workflow_steps\/4d3bd02f-dee6-456b-b782-e1fdbbd7a3a3",
            "label": null,
            "isExecuted": false,
            "uuid": "9089420d-3da2-41f9-9592-eaedd9605886"
        },
        {
            "@type": "WorkflowRoute",
            "name": "Retrieve Existing Alerts -> Do Alerts Already Exist",
            "targetStep": "\/api\/3\/workflow_steps\/9a722b53-0289-44ec-b75a-1b876405271e",
            "sourceStep": "\/api\/3\/workflow_steps\/0ae6afef-88ff-4e25-af7e-7cfff75b98a3",
            "label": null,
            "isExecuted": false,
            "uuid": "df77d30f-a193-48ab-9a7e-b22255e6c519"
        },
        {
            "@type": "WorkflowRoute",
            "name": "Create and Link Alert -> Create and Link Comment to Hunt",
            "targetStep": "\/api\/3\/workflow_steps\/8bb888fc-3f59-4684-8b19-4a71dacec941",
            "sourceStep": "\/api\/3\/workflow_steps\/50df345a-09f9-4e5c-aa2d-a12d213abb70",
            "label": null,
            "isExecuted": false,
            "uuid": "6f19331d-1526-4899-a6b8-ccc2a1edb351"
        },
        {
            "@type": "WorkflowRoute",
            "name": "Do Alerts Already Exist -> Create and Link Alert",
            "targetStep": "\/api\/3\/workflow_steps\/50df345a-09f9-4e5c-aa2d-a12d213abb70",
            "sourceStep": "\/api\/3\/workflow_steps\/9a722b53-0289-44ec-b75a-1b876405271e",
            "label": "No",
            "isExecuted": false,
            "uuid": "5c4b1cc3-5f4c-4051-bdaf-3f8f5e3bb77c"
        },
        {
            "@type": "WorkflowRoute",
            "name": "Link Open Alerts to Hunt -> Create and Link Comments to Hunt",
            "targetStep": "\/api\/3\/workflow_steps\/594a1090-c618-4e11-b274-68d19dde7d37",
            "sourceStep": "\/api\/3\/workflow_steps\/1fddffaa-3ab7-4020-8f2e-4bbb00e75287",
            "label": null,
            "isExecuted": false,
            "uuid": "f5400e93-a9d1-4e04-a4d0-66009504a63e"
        },
        {
            "@type": "WorkflowRoute",
            "name": "Are Any Alerts Still Open -> No New Alerts Needed",
            "targetStep": "\/api\/3\/workflow_steps\/166cd307-a0f0-4af2-9222-eacc18c63359",
            "sourceStep": "\/api\/3\/workflow_steps\/48173174-55e8-4a14-8878-5b018be29b55",
            "label": "No",
            "isExecuted": false,
            "uuid": "3774c881-7482-468c-b62b-bccd551d0118"
        },
        {
            "@type": "WorkflowRoute",
            "name": "Are Any Alerts Still Open -> Link Open Alerts to Hunt",
            "targetStep": "\/api\/3\/workflow_steps\/1fddffaa-3ab7-4020-8f2e-4bbb00e75287",
            "sourceStep": "\/api\/3\/workflow_steps\/48173174-55e8-4a14-8878-5b018be29b55",
            "label": "Yes",
            "isExecuted": false,
            "uuid": "91bf2729-2d8e-4cec-b006-99b7fac2e30f"
        },
        {
            "@type": "WorkflowRoute",
            "name": "Do Alerts Already Exist -> Retrieve Existing Open Alerts",
            "targetStep": "\/api\/3\/workflow_steps\/4d3bd02f-dee6-456b-b782-e1fdbbd7a3a3",
            "sourceStep": "\/api\/3\/workflow_steps\/9a722b53-0289-44ec-b75a-1b876405271e",
            "label": "Yes",
            "isExecuted": false,
            "uuid": "819f5f66-6c32-4dc1-a9a9-f5ac49c3f95f"
        }
    ],
    "priority": null,
    "uuid": "bf7d418b-7ff3-44c1-b473-90d0a03c4641",
    "recordTags": [],
    "id": 1190,
    "createUser": "\/api\/3\/people\/3451141c-bac6-467c-8d72-85e0fab569ce",
    "createDate": 1633085065,
    "modifyUser": "\/api\/3\/people\/3451141c-bac6-467c-8d72-85e0fab569ce",
    "modifyDate": 1633085065,
    "owners": [],
    "isPrivate": false
}