{
    "@type": "Workflow",
    "triggerLimit": null,
    "name": "Create Asset from Alert",
    "aliasName": null,
    "tag": "Postcreate",
    "description": "Links an Asset to an Alert if a hostname is present",
    "isActive": false,
    "debug": false,
    "singleRecordExecution": false,
    "remoteExecutableFlag": false,
    "parameters": [],
    "synchronous": false,
    "lastModifyDate": 1633085062,
    "collection": "\/api\/3\/workflow_collections\/e1d97fae-bb76-4989-b4d2-a30b6109e91f",
    "versions": [],
    "triggerStep": "\/api\/3\/workflow_steps\/237ca693-c121-4edf-b25b-58e89f01daa9",
    "steps": [
        {
            "@type": "WorkflowStep",
            "name": "Create Asset record",
            "description": null,
            "arguments": {
                "resource": {
                    "ip": null,
                    "tag": null,
                    "name": null,
                    "notes": null,
                    "scans": null,
                    "state": null,
                    "tasks": null,
                    "users": null,
                    "alerts": null,
                    "owners": null,
                    "status": null,
                    "emailId": null,
                    "category": null,
                    "comments": null,
                    "hostname": "{{vars.input.records[0].computerName.split(\".\",1)[0]}}",
                    "location": null,
                    "__replace": "true",
                    "companies": null,
                    "deviceUid": null,
                    "incidents": null,
                    "managedBy": null,
                    "assetClass": null,
                    "indicators": null,
                    "macAddress": "52:54:00:ef:1c:03",
                    "propertyOf": null,
                    "recordTags": null,
                    "attachments": null,
                    "criticality": null,
                    "dateScanned": null,
                    "description": null,
                    "legalMatters": null,
                    "serialNumber": null,
                    "operatingSystem": null,
                    "vulnerabilities": null,
                    "registrationDate": null,
                    "physicalIncidents": null
                },
                "_showJson": false,
                "operation": "Overwrite",
                "collection": "\/api\/3\/upsert\/assets",
                "tagsOperation": "OverwriteTags",
                "step_variables": []
            },
            "status": null,
            "top": "220",
            "left": "869",
            "stepType": "\/api\/3\/workflow_step_types\/2597053c-e718-44b4-8394-4d40fe26d357",
            "uuid": "c2618719-f800-4355-94ea-6b823e427768",
            "id": 4626
        },
        {
            "@type": "WorkflowStep",
            "name": "Link Asset to Alert",
            "description": null,
            "arguments": {
                "resource": {
                    "__link": {
                        "alerts": "[\"{{vars.input.records[0]['@id']}}\"]"
                    }
                },
                "_showJson": false,
                "operation": "Append",
                "collection": "{{vars.steps.Check_if_Asset_exists[0]['@id']}}",
                "collectionType": "\/api\/3\/assets",
                "step_variables": []
            },
            "status": null,
            "top": "320",
            "left": "872",
            "stepType": "\/api\/3\/workflow_step_types\/b593663d-7d13-40ce-a3a3-96dece928722",
            "uuid": "a56723c3-54ca-4a79-8df2-b2a2e25c256c",
            "id": 4627
        },
        {
            "@type": "WorkflowStep",
            "name": "Start",
            "description": null,
            "arguments": {
                "resource": "alerts",
                "resources": [
                    "alerts"
                ],
                "step_variables": {
                    "input": {
                        "records": [
                            "{{vars.input.records[0]}}"
                        ]
                    }
                },
                "fieldbasedtrigger": {
                    "sort": [],
                    "limit": 30,
                    "logic": "AND",
                    "filters": [
                        {
                            "type": "primitive",
                            "field": "computerName",
                            "value": "false",
                            "operator": "isnull"
                        },
                        {
                            "type": "object",
                            "field": "type",
                            "value": "\/api\/3\/picklists\/ab6d7fd7-7b16-4ac2-9cf2-b52a912baee8",
                            "_value": {
                                "display": "MITRE ATT&CK",
                                "itemValue": "MITRE ATT&CK"
                            },
                            "operator": "eq"
                        }
                    ]
                }
            },
            "status": null,
            "top": "20",
            "left": "20",
            "stepType": "\/api\/3\/workflow_step_types\/ea155646-3821-4542-9702-b246da430a8d",
            "uuid": "237ca693-c121-4edf-b25b-58e89f01daa9",
            "id": 4628
        },
        {
            "@type": "WorkflowStep",
            "name": "Is computername field empty",
            "description": null,
            "arguments": {
                "conditions": [
                    {
                        "step_iri": "\/api\/3\/workflow_steps\/9f1e4bc2-68e7-4925-880b-c5c54a46e1a7",
                        "condition": "{{ vars.input.records[0].computerName | length == 0 }}"
                    },
                    {
                        "default": true,
                        "step_iri": "\/api\/3\/workflow_steps\/8db5662d-e6e9-4e48-90b4-8d0a171a17f0"
                    }
                ]
            },
            "status": null,
            "top": "120",
            "left": "20",
            "stepType": "\/api\/3\/workflow_step_types\/12254cf5-5db7-4b1a-8cb1-3af081924b28",
            "uuid": "45528880-b2ed-4e38-9f15-a77f2b42d643",
            "id": 4629
        },
        {
            "@type": "WorkflowStep",
            "name": "Check if Asset exists",
            "description": null,
            "arguments": {
                "query": {
                    "sort": [],
                    "limit": 30,
                    "logic": "AND",
                    "filters": [
                        {
                            "type": "primitive",
                            "field": "hostname",
                            "value": "%{{vars.input.records[0].computerName}}%",
                            "operator": "like"
                        }
                    ]
                },
                "module": "assets?$limit=30",
                "step_variables": []
            },
            "status": null,
            "top": "270",
            "left": "20",
            "stepType": "\/api\/3\/workflow_step_types\/b593663d-7d13-40ce-a3a3-96dece928770",
            "uuid": "8db5662d-e6e9-4e48-90b4-8d0a171a17f0",
            "id": 4630
        },
        {
            "@type": "WorkflowStep",
            "name": "Field is empty",
            "description": null,
            "arguments": {
                "params": [],
                "version": "2.4.0",
                "connector": "cyops_utilities",
                "operation": "no_op",
                "operationTitle": "Utils: No Operation",
                "step_variables": []
            },
            "status": null,
            "top": "120",
            "left": "300",
            "stepType": "\/api\/3\/workflow_step_types\/0109f35d-090b-4a2b-bd8a-94cbc3508562",
            "uuid": "9f1e4bc2-68e7-4925-880b-c5c54a46e1a7",
            "id": 4631
        },
        {
            "@type": "WorkflowStep",
            "name": "Was Asset found",
            "description": null,
            "arguments": {
                "conditions": [
                    {
                        "step_iri": "\/api\/3\/workflow_steps\/a56723c3-54ca-4a79-8df2-b2a2e25c256c",
                        "condition": "{{ vars.steps.Check_if_Asset_exists | length > 0 }}"
                    },
                    {
                        "step_iri": "\/api\/3\/workflow_steps\/c2618719-f800-4355-94ea-6b823e427768",
                        "condition": "{{ vars.steps.Check_if_Asset_exists | length == 0 }}"
                    }
                ]
            },
            "status": null,
            "top": "270",
            "left": "554",
            "stepType": "\/api\/3\/workflow_step_types\/12254cf5-5db7-4b1a-8cb1-3af081924b28",
            "uuid": "2ec733cf-d9da-42e1-975b-75f2343e78da",
            "id": 4632
        }
    ],
    "routes": [
        {
            "@type": "WorkflowRoute",
            "name": "Was Asset found -> Link Asset to Alert",
            "targetStep": "\/api\/3\/workflow_steps\/a56723c3-54ca-4a79-8df2-b2a2e25c256c",
            "sourceStep": "\/api\/3\/workflow_steps\/2ec733cf-d9da-42e1-975b-75f2343e78da",
            "label": null,
            "isExecuted": false,
            "uuid": "91d4bcac-87a9-4010-bddf-7cc10599abca"
        },
        {
            "@type": "WorkflowRoute",
            "name": "Start -> Is computername empty",
            "targetStep": "\/api\/3\/workflow_steps\/45528880-b2ed-4e38-9f15-a77f2b42d643",
            "sourceStep": "\/api\/3\/workflow_steps\/237ca693-c121-4edf-b25b-58e89f01daa9",
            "label": null,
            "isExecuted": false,
            "uuid": "08c15625-163f-44de-9876-64836b9c92f2"
        },
        {
            "@type": "WorkflowRoute",
            "name": "Is computername empty -> Check if Asset exists",
            "targetStep": "\/api\/3\/workflow_steps\/8db5662d-e6e9-4e48-90b4-8d0a171a17f0",
            "sourceStep": "\/api\/3\/workflow_steps\/45528880-b2ed-4e38-9f15-a77f2b42d643",
            "label": "",
            "isExecuted": false,
            "uuid": "ff782313-16c6-4976-89e1-8108a7413a16"
        },
        {
            "@type": "WorkflowRoute",
            "name": "Is computername empty -> Field is empty",
            "targetStep": "\/api\/3\/workflow_steps\/9f1e4bc2-68e7-4925-880b-c5c54a46e1a7",
            "sourceStep": "\/api\/3\/workflow_steps\/45528880-b2ed-4e38-9f15-a77f2b42d643",
            "label": null,
            "isExecuted": false,
            "uuid": "b9844f7e-80ad-4f10-9de0-d2663f934477"
        },
        {
            "@type": "WorkflowRoute",
            "name": "Was Asset found -> Create Asset record",
            "targetStep": "\/api\/3\/workflow_steps\/c2618719-f800-4355-94ea-6b823e427768",
            "sourceStep": "\/api\/3\/workflow_steps\/2ec733cf-d9da-42e1-975b-75f2343e78da",
            "label": null,
            "isExecuted": false,
            "uuid": "002879ad-3cb9-4834-ba8b-52cce6ebd270"
        },
        {
            "@type": "WorkflowRoute",
            "name": "Check if Asset exists -> Was Asset found",
            "targetStep": "\/api\/3\/workflow_steps\/2ec733cf-d9da-42e1-975b-75f2343e78da",
            "sourceStep": "\/api\/3\/workflow_steps\/8db5662d-e6e9-4e48-90b4-8d0a171a17f0",
            "label": null,
            "isExecuted": false,
            "uuid": "72f110f5-0127-4c2c-bfbf-768a90fa4e87"
        }
    ],
    "priority": null,
    "uuid": "4a7a5afa-6215-4544-93e5-5d54638a8721",
    "recordTags": [],
    "id": 1184,
    "createUser": "\/api\/3\/people\/3451141c-bac6-467c-8d72-85e0fab569ce",
    "createDate": 1633085065,
    "modifyUser": "\/api\/3\/people\/3451141c-bac6-467c-8d72-85e0fab569ce",
    "modifyDate": 1633085065,
    "owners": [],
    "isPrivate": false
}