{
    "@type": "Workflow",
    "triggerLimit": null,
    "name": "Deduplicate Comments (Asset)",
    "aliasName": null,
    "tag": null,
    "description": "Deduplicates comments on Asset records.",
    "isActive": false,
    "debug": false,
    "singleRecordExecution": false,
    "remoteExecutableFlag": false,
    "parameters": [
        "assetIRI"
    ],
    "synchronous": false,
    "lastModifyDate": 1633085062,
    "collection": "\/api\/3\/workflow_collections\/e1d97fae-bb76-4989-b4d2-a30b6109e91f",
    "versions": [],
    "triggerStep": "\/api\/3\/workflow_steps\/89ef9c96-4a5d-456e-9189-824ea22d8979",
    "steps": [
        {
            "@type": "WorkflowStep",
            "name": "Find Comments",
            "description": null,
            "arguments": {
                "params": {
                    "iri": "{{vars.input.params.assetIRI}}?$relationships=true",
                    "body": "",
                    "method": "GET"
                },
                "version": "2.2.0",
                "connector": "cyops_utilities",
                "operation": "make_cyops_request",
                "operationTitle": "CyOPs: Make CyOPs API Call",
                "step_variables": []
            },
            "status": null,
            "top": "100",
            "left": "20",
            "stepType": "\/api\/3\/workflow_step_types\/0109f35d-090b-4a2b-bd8a-94cbc3508562",
            "uuid": "4e702e7a-105d-4eb8-a8eb-f59643efca40",
            "id": 4612
        },
        {
            "@type": "WorkflowStep",
            "name": "Clear Vars",
            "description": null,
            "arguments": {
                "append2": ""
            },
            "status": null,
            "top": "260",
            "left": "560",
            "stepType": "\/api\/3\/workflow_step_types\/04d0cf46-b6a8-42c4-8683-60a7eaa69e8f",
            "uuid": "aa9c9be6-4854-4510-97c4-6e16e4b1a9f8",
            "id": 4613
        },
        {
            "@type": "WorkflowStep",
            "name": "Delete Comments",
            "description": null,
            "arguments": {
                "params": {
                    "iri": "\/api\/3\/delete\/comments",
                    "body": "{\"ids\": {{vars.comment_list}}}",
                    "method": "DELETE"
                },
                "version": "2.1.3",
                "connector": "cyops_utilities",
                "operation": "make_cyops_request",
                "operationTitle": "CyOPs: Make CyOPs API Call",
                "step_variables": []
            },
            "status": null,
            "top": "260",
            "left": "840",
            "stepType": "\/api\/3\/workflow_step_types\/0109f35d-090b-4a2b-bd8a-94cbc3508562",
            "uuid": "065193ed-b971-4100-b1e8-0a771c6971d8",
            "id": 4614
        },
        {
            "@type": "WorkflowStep",
            "name": "Set Comments Vars",
            "description": null,
            "arguments": {
                "comments": "{{vars.steps.Find_Comments.data.comments}}",
                "comment_dict": "{}",
                "comment_list": "[]"
            },
            "status": null,
            "top": "100",
            "left": "290",
            "stepType": "\/api\/3\/workflow_step_types\/04d0cf46-b6a8-42c4-8683-60a7eaa69e8f",
            "uuid": "101b1b77-31f2-4848-96d7-94d16da46ad0",
            "id": 4615
        },
        {
            "@type": "WorkflowStep",
            "name": "Get Duplicate Comments",
            "description": null,
            "arguments": {
                "append2": "{% for item in vars.comments %}{% if item['@id'][16:] not in vars.comment_dict.values() %}{{vars.comment_list.append(item['@id'][16:])}}{% endif %}{% endfor %}"
            },
            "status": null,
            "top": "180",
            "left": "560",
            "stepType": "\/api\/3\/workflow_step_types\/04d0cf46-b6a8-42c4-8683-60a7eaa69e8f",
            "uuid": "d94b9f32-8092-4f35-8a70-3cd447929bc1",
            "id": 4616
        },
        {
            "@type": "WorkflowStep",
            "name": "Start",
            "description": null,
            "arguments": {
                "step_variables": {
                    "input": {
                        "params": {
                            "id": "{{ vars.id }}",
                            "hunt": "{{ vars.hunt }}",
                            "comment": "{{ vars.comment }}",
                            "alert_id": "{{ vars.alert_id }}",
                            "assetIRI": "{{ vars.assetIRI }}",
                            "comments": "{{ vars.comments }}",
                            "hunt_iri": "{{ vars.hunt_iri }}",
                            "alert_iri": "{{ vars.alert_iri }}"
                        }
                    }
                }
            },
            "status": null,
            "top": "20",
            "left": "20",
            "stepType": "\/api\/3\/workflow_step_types\/b348f017-9a94-471f-87f8-ce88b6a7ad62",
            "uuid": "89ef9c96-4a5d-456e-9189-824ea22d8979",
            "id": 4617
        },
        {
            "@type": "WorkflowStep",
            "name": "Append",
            "description": null,
            "arguments": {
                "append": "{% for item in vars.comments %}{% if item.content not in vars.comment_dict %}{% set x=vars.comment_dict.__setitem__(item.content, item['@id'][16:]) %}{% endif %}{% endfor %}"
            },
            "status": null,
            "top": "180",
            "left": "290",
            "stepType": "\/api\/3\/workflow_step_types\/04d0cf46-b6a8-42c4-8683-60a7eaa69e8f",
            "uuid": "c9d1d7a2-55b5-4af7-8ba6-1f471ab9ba01",
            "id": 4618
        }
    ],
    "routes": [
        {
            "@type": "WorkflowRoute",
            "name": "Start -> Find Comments",
            "targetStep": "\/api\/3\/workflow_steps\/4e702e7a-105d-4eb8-a8eb-f59643efca40",
            "sourceStep": "\/api\/3\/workflow_steps\/89ef9c96-4a5d-456e-9189-824ea22d8979",
            "label": null,
            "isExecuted": false,
            "uuid": "18ad651c-0696-4cbd-b477-ecb888d61b81"
        },
        {
            "@type": "WorkflowRoute",
            "name": "Clear Vars -> Delete Comments",
            "targetStep": "\/api\/3\/workflow_steps\/065193ed-b971-4100-b1e8-0a771c6971d8",
            "sourceStep": "\/api\/3\/workflow_steps\/aa9c9be6-4854-4510-97c4-6e16e4b1a9f8",
            "label": null,
            "isExecuted": false,
            "uuid": "1c96c891-78dd-4f45-baf9-200689b61c70"
        },
        {
            "@type": "WorkflowRoute",
            "name": "Find Comments -> Set",
            "targetStep": "\/api\/3\/workflow_steps\/101b1b77-31f2-4848-96d7-94d16da46ad0",
            "sourceStep": "\/api\/3\/workflow_steps\/4e702e7a-105d-4eb8-a8eb-f59643efca40",
            "label": null,
            "isExecuted": false,
            "uuid": "2720b372-85b1-482d-a338-befae304c73e"
        },
        {
            "@type": "WorkflowRoute",
            "name": "Get Duplicate Comments -> Clear Vars",
            "targetStep": "\/api\/3\/workflow_steps\/aa9c9be6-4854-4510-97c4-6e16e4b1a9f8",
            "sourceStep": "\/api\/3\/workflow_steps\/d94b9f32-8092-4f35-8a70-3cd447929bc1",
            "label": null,
            "isExecuted": false,
            "uuid": "5611cedb-a0c8-4cc9-a8c2-b0ccb1bb799c"
        },
        {
            "@type": "WorkflowRoute",
            "name": "append -> jared",
            "targetStep": "\/api\/3\/workflow_steps\/d94b9f32-8092-4f35-8a70-3cd447929bc1",
            "sourceStep": "\/api\/3\/workflow_steps\/c9d1d7a2-55b5-4af7-8ba6-1f471ab9ba01",
            "label": null,
            "isExecuted": false,
            "uuid": "39315980-28d6-4543-b865-3b6d5203c569"
        },
        {
            "@type": "WorkflowRoute",
            "name": "Set -> append",
            "targetStep": "\/api\/3\/workflow_steps\/c9d1d7a2-55b5-4af7-8ba6-1f471ab9ba01",
            "sourceStep": "\/api\/3\/workflow_steps\/101b1b77-31f2-4848-96d7-94d16da46ad0",
            "label": null,
            "isExecuted": false,
            "uuid": "b8b85158-0d39-402e-8265-a2b927413a8e"
        }
    ],
    "priority": null,
    "uuid": "2518a58d-0e73-4f09-8a64-43c19c000f86",
    "recordTags": [],
    "id": 1182,
    "createUser": "\/api\/3\/people\/3451141c-bac6-467c-8d72-85e0fab569ce",
    "createDate": 1633085065,
    "modifyUser": "\/api\/3\/people\/3451141c-bac6-467c-8d72-85e0fab569ce",
    "modifyDate": 1633085065,
    "owners": [],
    "isPrivate": false
}