{
    "@context": "\/api\/3\/contexts\/StagingModelMetadata",
    "@id": "\/api\/3\/staging_model_metadatas\/458efe6b-aeb3-4982-8e6e-dd6e37d2f381",
    "@type": "StagingModelMetadata",
    "type": "mitre_techniques",
    "parentType": null,
    "tableName": "mitre_techniques",
    "ownable": false,
    "userOwnable": false,
    "trackable": false,
    "taggable": true,
    "peerReplicable": false,
    "defaultSort": [],
    "uniqueConstraint": [],
    "indexable": true,
    "writable": true,
    "attributes": [
        {
            "@id": "\/api\/3\/attribute_metadatas\/dac6b4fc-7ab1-42c4-9600-ad3c689951d8",
            "@type": "AttributeMetadata",
            "type": "incidents",
            "name": "incidents",
            "length": null,
            "orderIndex": 1,
            "formType": "manyToMany",
            "dataSource": {
                "model": "incidents"
            },
            "searchable": false,
            "peerReplicable": false,
            "system": false,
            "encrypted": false,
            "gridColumn": false,
            "collection": true,
            "inversedField": "mitretechniques",
            "ownsRelationship": true,
            "validation": {
                "required": false,
                "minlength": 0,
                "maxlength": 10485761
            },
            "bulkAction": [],
            "dataSourceFilters": null,
            "defaultValue": null,
            "tooltip": null,
            "visibility": true,
            "htmlEscape": null,
            "orphanRemoval": null,
            "readable": null,
            "writeable": true,
            "identifier": null,
            "unique": false,
            "recommend": false,
            "sattrib": "\/api\/3\/staging_model_metadatas\/458efe6b-aeb3-4982-8e6e-dd6e37d2f381",
            "uuid": "dac6b4fc-7ab1-42c4-9600-ad3c689951d8",
            "displayName": "{{ incidents }}",
            "descriptions": {
                "singular": "Incidents"
            }
        },
        {
            "@id": "\/api\/3\/attribute_metadatas\/4949a6d6-9277-43a2-bdec-5fa3c08a77e0",
            "@type": "AttributeMetadata",
            "type": "alerts",
            "name": "alerts",
            "length": null,
            "orderIndex": 2,
            "formType": "manyToMany",
            "dataSource": {
                "model": "alerts"
            },
            "searchable": false,
            "peerReplicable": false,
            "system": false,
            "encrypted": false,
            "gridColumn": false,
            "collection": true,
            "inversedField": "mitre_techniques",
            "ownsRelationship": true,
            "validation": {
                "required": false,
                "minlength": 0,
                "maxlength": 10485761
            },
            "bulkAction": [],
            "dataSourceFilters": null,
            "defaultValue": null,
            "tooltip": null,
            "visibility": true,
            "htmlEscape": null,
            "orphanRemoval": null,
            "readable": null,
            "writeable": true,
            "identifier": null,
            "unique": false,
            "recommend": false,
            "sattrib": "\/api\/3\/staging_model_metadatas\/458efe6b-aeb3-4982-8e6e-dd6e37d2f381",
            "uuid": "4949a6d6-9277-43a2-bdec-5fa3c08a77e0",
            "displayName": "{{ alerts }}",
            "descriptions": {
                "singular": "Alerts"
            }
        },
        {
            "@id": "\/api\/3\/attribute_metadatas\/948ba3a1-8bb9-4f21-8790-4e850b1679e1",
            "@type": "AttributeMetadata",
            "type": "string",
            "name": "mitreId",
            "length": null,
            "orderIndex": 2,
            "formType": "text",
            "dataSource": null,
            "searchable": false,
            "peerReplicable": true,
            "system": false,
            "encrypted": false,
            "gridColumn": false,
            "collection": false,
            "inversedField": null,
            "ownsRelationship": false,
            "validation": {
                "required": false,
                "minlength": 0,
                "maxlength": 10485761
            },
            "bulkAction": {
                "allow": false,
                "buttonText": "",
                "buttonIcon": "",
                "buttonClass": "btn btn-default btn-sm"
            },
            "dataSourceFilters": null,
            "defaultValue": "",
            "tooltip": null,
            "visibility": true,
            "htmlEscape": null,
            "orphanRemoval": null,
            "readable": null,
            "writeable": true,
            "identifier": null,
            "unique": false,
            "recommend": false,
            "sattrib": "\/api\/3\/staging_model_metadatas\/458efe6b-aeb3-4982-8e6e-dd6e37d2f381",
            "uuid": "948ba3a1-8bb9-4f21-8790-4e850b1679e1",
            "displayName": "{{ mitreId }}",
            "descriptions": {
                "singular": "Mitre ID"
            }
        },
        {
            "@id": "\/api\/3\/attribute_metadatas\/c66e1928-5edf-49b1-bf9c-73f9940e911e",
            "@type": "AttributeMetadata",
            "type": "integer",
            "name": "created",
            "length": null,
            "orderIndex": 5,
            "formType": "datetime",
            "dataSource": null,
            "searchable": true,
            "peerReplicable": true,
            "system": false,
            "encrypted": false,
            "gridColumn": false,
            "collection": false,
            "inversedField": null,
            "ownsRelationship": false,
            "validation": {
                "required": false,
                "minlength": 0,
                "maxlength": 10485761
            },
            "bulkAction": {
                "allow": false,
                "buttonText": "",
                "buttonIcon": "",
                "buttonClass": "btn btn-default btn-sm"
            },
            "dataSourceFilters": null,
            "defaultValue": null,
            "tooltip": null,
            "visibility": true,
            "htmlEscape": null,
            "orphanRemoval": null,
            "readable": null,
            "writeable": true,
            "identifier": null,
            "unique": false,
            "recommend": false,
            "sattrib": "\/api\/3\/staging_model_metadatas\/458efe6b-aeb3-4982-8e6e-dd6e37d2f381",
            "uuid": "c66e1928-5edf-49b1-bf9c-73f9940e911e",
            "displayName": "{{ created }}",
            "descriptions": {
                "singular": "Created"
            }
        },
        {
            "@id": "\/api\/3\/attribute_metadatas\/8c758a61-fa4d-469b-8118-886682084f0a",
            "@type": "AttributeMetadata",
            "type": "string",
            "name": "name",
            "length": null,
            "orderIndex": 8,
            "formType": "text",
            "dataSource": null,
            "searchable": false,
            "peerReplicable": true,
            "system": false,
            "encrypted": false,
            "gridColumn": false,
            "collection": false,
            "inversedField": null,
            "ownsRelationship": false,
            "validation": {
                "required": false,
                "minlength": 0,
                "maxlength": 10485761
            },
            "bulkAction": {
                "allow": false,
                "buttonText": "",
                "buttonIcon": "",
                "buttonClass": "btn btn-default btn-sm"
            },
            "dataSourceFilters": null,
            "defaultValue": "",
            "tooltip": null,
            "visibility": true,
            "htmlEscape": null,
            "orphanRemoval": null,
            "readable": null,
            "writeable": true,
            "identifier": null,
            "unique": false,
            "recommend": false,
            "sattrib": "\/api\/3\/staging_model_metadatas\/458efe6b-aeb3-4982-8e6e-dd6e37d2f381",
            "uuid": "8c758a61-fa4d-469b-8118-886682084f0a",
            "displayName": "{{ name }}",
            "descriptions": {
                "singular": "Name"
            }
        },
        {
            "@id": "\/api\/3\/attribute_metadatas\/2a4f4397-3013-4166-b6ee-67f9b3260104",
            "@type": "AttributeMetadata",
            "type": "string",
            "name": "description",
            "length": null,
            "orderIndex": 9,
            "formType": "richtext",
            "dataSource": null,
            "searchable": true,
            "peerReplicable": true,
            "system": false,
            "encrypted": false,
            "gridColumn": false,
            "collection": false,
            "inversedField": null,
            "ownsRelationship": false,
            "validation": {
                "required": false,
                "minlength": 0,
                "maxlength": 10485761,
                "_enableRange": false
            },
            "bulkAction": {
                "allow": false,
                "buttonText": "",
                "buttonIcon": "",
                "buttonClass": "btn btn-default btn-sm"
            },
            "dataSourceFilters": null,
            "defaultValue": null,
            "tooltip": null,
            "visibility": true,
            "htmlEscape": null,
            "orphanRemoval": null,
            "readable": null,
            "writeable": true,
            "identifier": null,
            "unique": false,
            "recommend": false,
            "sattrib": "\/api\/3\/staging_model_metadatas\/458efe6b-aeb3-4982-8e6e-dd6e37d2f381",
            "uuid": "2a4f4397-3013-4166-b6ee-67f9b3260104",
            "displayName": "{{ description }}",
            "descriptions": {
                "singular": "Description"
            }
        },
        {
            "@id": "\/api\/3\/attribute_metadatas\/9acc51be-3c8d-4f7d-b221-2559f71bba64",
            "@type": "AttributeMetadata",
            "type": "string",
            "name": "notes",
            "length": null,
            "orderIndex": 10,
            "formType": "text",
            "dataSource": null,
            "searchable": false,
            "peerReplicable": true,
            "system": false,
            "encrypted": false,
            "gridColumn": false,
            "collection": false,
            "inversedField": null,
            "ownsRelationship": false,
            "validation": {
                "required": false,
                "minlength": 0,
                "maxlength": 10485761,
                "_enableRange": false
            },
            "bulkAction": {
                "allow": false,
                "buttonText": "",
                "buttonIcon": "",
                "buttonClass": "btn btn-default btn-sm"
            },
            "dataSourceFilters": null,
            "defaultValue": "",
            "tooltip": null,
            "visibility": true,
            "htmlEscape": null,
            "orphanRemoval": null,
            "readable": null,
            "writeable": true,
            "identifier": null,
            "unique": false,
            "recommend": false,
            "sattrib": "\/api\/3\/staging_model_metadatas\/458efe6b-aeb3-4982-8e6e-dd6e37d2f381",
            "uuid": "9acc51be-3c8d-4f7d-b221-2559f71bba64",
            "displayName": "{{ notes }}",
            "descriptions": {
                "singular": "My Notes"
            }
        },
        {
            "@id": "\/api\/3\/attribute_metadatas\/519d6ffa-52f0-435e-ab86-9df0b75628a4",
            "@type": "AttributeMetadata",
            "type": "mitre_groups",
            "name": "groups",
            "length": null,
            "orderIndex": 11,
            "formType": "manyToMany",
            "dataSource": {
                "model": "mitre_groups"
            },
            "searchable": false,
            "peerReplicable": true,
            "system": false,
            "encrypted": false,
            "gridColumn": false,
            "collection": true,
            "inversedField": "techniques",
            "ownsRelationship": false,
            "validation": {
                "required": false,
                "minlength": 0,
                "maxlength": 10485761,
                "_enableRange": false
            },
            "bulkAction": [],
            "dataSourceFilters": null,
            "defaultValue": null,
            "tooltip": null,
            "visibility": true,
            "htmlEscape": null,
            "orphanRemoval": null,
            "readable": null,
            "writeable": true,
            "identifier": null,
            "unique": false,
            "recommend": false,
            "sattrib": "\/api\/3\/staging_model_metadatas\/458efe6b-aeb3-4982-8e6e-dd6e37d2f381",
            "uuid": "519d6ffa-52f0-435e-ab86-9df0b75628a4",
            "displayName": "{{ groups }}",
            "descriptions": {
                "singular": "Groups"
            }
        },
        {
            "@id": "\/api\/3\/attribute_metadatas\/03c6a1b5-5f8e-46a1-a3f0-d39e6ab7d42d",
            "@type": "AttributeMetadata",
            "type": "string",
            "name": "version",
            "length": null,
            "orderIndex": 12,
            "formType": "text",
            "dataSource": null,
            "searchable": false,
            "peerReplicable": true,
            "system": false,
            "encrypted": false,
            "gridColumn": false,
            "collection": false,
            "inversedField": null,
            "ownsRelationship": false,
            "validation": {
                "required": false,
                "minlength": 0,
                "maxlength": 10485761
            },
            "bulkAction": {
                "allow": false,
                "buttonText": "",
                "buttonIcon": "",
                "buttonClass": "btn btn-default btn-sm"
            },
            "dataSourceFilters": null,
            "defaultValue": "",
            "tooltip": null,
            "visibility": true,
            "htmlEscape": null,
            "orphanRemoval": null,
            "readable": null,
            "writeable": true,
            "identifier": null,
            "unique": false,
            "recommend": false,
            "sattrib": "\/api\/3\/staging_model_metadatas\/458efe6b-aeb3-4982-8e6e-dd6e37d2f381",
            "uuid": "03c6a1b5-5f8e-46a1-a3f0-d39e6ab7d42d",
            "displayName": "{{ version }}",
            "descriptions": {
                "singular": "Version"
            }
        },
        {
            "@id": "\/api\/3\/attribute_metadatas\/65abf5a0-2e90-4203-8ea2-779e018366d4",
            "@type": "AttributeMetadata",
            "type": "string",
            "name": "platforms",
            "length": null,
            "orderIndex": 13,
            "formType": "text",
            "dataSource": null,
            "searchable": false,
            "peerReplicable": true,
            "system": false,
            "encrypted": false,
            "gridColumn": false,
            "collection": false,
            "inversedField": null,
            "ownsRelationship": false,
            "validation": {
                "required": false,
                "minlength": 0,
                "maxlength": 10485761
            },
            "bulkAction": {
                "allow": false,
                "buttonText": "",
                "buttonIcon": "",
                "buttonClass": "btn btn-default btn-sm"
            },
            "dataSourceFilters": null,
            "defaultValue": "",
            "tooltip": null,
            "visibility": true,
            "htmlEscape": null,
            "orphanRemoval": null,
            "readable": null,
            "writeable": true,
            "identifier": null,
            "unique": false,
            "recommend": false,
            "sattrib": "\/api\/3\/staging_model_metadatas\/458efe6b-aeb3-4982-8e6e-dd6e37d2f381",
            "uuid": "65abf5a0-2e90-4203-8ea2-779e018366d4",
            "displayName": "{{ platforms }}",
            "descriptions": {
                "singular": "Platforms"
            }
        },
        {
            "@id": "\/api\/3\/attribute_metadatas\/04499032-9d1c-4905-a161-2bb52c1e13cf",
            "@type": "AttributeMetadata",
            "type": "string",
            "name": "detection",
            "length": null,
            "orderIndex": 7,
            "formType": "html",
            "dataSource": null,
            "searchable": true,
            "peerReplicable": true,
            "system": false,
            "encrypted": false,
            "gridColumn": false,
            "collection": false,
            "inversedField": null,
            "ownsRelationship": false,
            "validation": {
                "required": false,
                "minlength": 0,
                "maxlength": 10485761
            },
            "bulkAction": {
                "allow": false,
                "buttonText": "",
                "buttonIcon": "",
                "buttonClass": "btn btn-default btn-sm"
            },
            "dataSourceFilters": null,
            "defaultValue": "",
            "tooltip": null,
            "visibility": true,
            "htmlEscape": null,
            "orphanRemoval": null,
            "readable": null,
            "writeable": true,
            "identifier": null,
            "unique": false,
            "recommend": false,
            "sattrib": "\/api\/3\/staging_model_metadatas\/458efe6b-aeb3-4982-8e6e-dd6e37d2f381",
            "uuid": "04499032-9d1c-4905-a161-2bb52c1e13cf",
            "displayName": "{{ detection }}",
            "descriptions": {
                "singular": "Detection"
            }
        },
        {
            "@id": "\/api\/3\/attribute_metadatas\/b40492ad-60dd-44d2-9409-cd4c649c3ac4",
            "@type": "AttributeMetadata",
            "type": "string",
            "name": "permissionsRequired",
            "length": null,
            "orderIndex": 14,
            "formType": "text",
            "dataSource": null,
            "searchable": false,
            "peerReplicable": true,
            "system": false,
            "encrypted": false,
            "gridColumn": false,
            "collection": false,
            "inversedField": null,
            "ownsRelationship": false,
            "validation": {
                "required": false,
                "minlength": 0,
                "maxlength": 10485761
            },
            "bulkAction": {
                "allow": false,
                "buttonText": "",
                "buttonIcon": "",
                "buttonClass": "btn btn-default btn-sm"
            },
            "dataSourceFilters": null,
            "defaultValue": "",
            "tooltip": null,
            "visibility": true,
            "htmlEscape": null,
            "orphanRemoval": null,
            "readable": null,
            "writeable": true,
            "identifier": null,
            "unique": false,
            "recommend": false,
            "sattrib": "\/api\/3\/staging_model_metadatas\/458efe6b-aeb3-4982-8e6e-dd6e37d2f381",
            "uuid": "b40492ad-60dd-44d2-9409-cd4c649c3ac4",
            "displayName": "{{ permissionsRequired }}",
            "descriptions": {
                "singular": "Permissions Required"
            }
        },
        {
            "@id": "\/api\/3\/attribute_metadatas\/bd1ae8d6-e9d2-421a-8cc3-8bc1aa512431",
            "@type": "AttributeMetadata",
            "type": "string",
            "name": "dataSources",
            "length": null,
            "orderIndex": 15,
            "formType": "richtext",
            "dataSource": null,
            "searchable": true,
            "peerReplicable": true,
            "system": false,
            "encrypted": false,
            "gridColumn": false,
            "collection": false,
            "inversedField": null,
            "ownsRelationship": false,
            "validation": {
                "required": false,
                "minlength": 0,
                "maxlength": 10485761
            },
            "bulkAction": {
                "allow": false,
                "buttonText": "",
                "buttonIcon": "",
                "buttonClass": "btn btn-default btn-sm"
            },
            "dataSourceFilters": null,
            "defaultValue": null,
            "tooltip": null,
            "visibility": true,
            "htmlEscape": null,
            "orphanRemoval": null,
            "readable": null,
            "writeable": true,
            "identifier": null,
            "unique": false,
            "recommend": false,
            "sattrib": "\/api\/3\/staging_model_metadatas\/458efe6b-aeb3-4982-8e6e-dd6e37d2f381",
            "uuid": "bd1ae8d6-e9d2-421a-8cc3-8bc1aa512431",
            "displayName": "{{ dataSources }}",
            "descriptions": {
                "singular": "Data Sources"
            }
        },
        {
            "@id": "\/api\/3\/attribute_metadatas\/997421a9-e059-48c6-a919-c5365b57ec9e",
            "@type": "AttributeMetadata",
            "type": "mitre_sub_techniques",
            "name": "techniques",
            "length": null,
            "orderIndex": 1,
            "formType": "oneToMany",
            "dataSource": {
                "model": "mitre_sub_techniques"
            },
            "searchable": false,
            "peerReplicable": true,
            "system": false,
            "encrypted": false,
            "gridColumn": false,
            "collection": true,
            "inversedField": "parentTechnique",
            "ownsRelationship": true,
            "validation": {
                "required": false,
                "minlength": 0,
                "maxlength": 10485761,
                "_enableRange": false
            },
            "bulkAction": [],
            "dataSourceFilters": null,
            "defaultValue": null,
            "tooltip": null,
            "visibility": true,
            "htmlEscape": null,
            "orphanRemoval": true,
            "readable": null,
            "writeable": true,
            "identifier": null,
            "unique": false,
            "recommend": false,
            "sattrib": "\/api\/3\/staging_model_metadatas\/458efe6b-aeb3-4982-8e6e-dd6e37d2f381",
            "uuid": "997421a9-e059-48c6-a919-c5365b57ec9e",
            "displayName": "{{ techniques }}",
            "descriptions": {
                "singular": "Sub-techniques"
            }
        },
        {
            "@id": "\/api\/3\/attribute_metadatas\/5ed725bc-f2ed-4d5d-98d9-1234445f4031",
            "@type": "AttributeMetadata",
            "type": "mitre_software",
            "name": "software",
            "length": null,
            "orderIndex": 6,
            "formType": "manyToMany",
            "dataSource": {
                "model": "mitre_software"
            },
            "searchable": false,
            "peerReplicable": true,
            "system": false,
            "encrypted": false,
            "gridColumn": false,
            "collection": true,
            "inversedField": "techniques",
            "ownsRelationship": true,
            "validation": {
                "required": false,
                "minlength": 0,
                "maxlength": 10485761
            },
            "bulkAction": [],
            "dataSourceFilters": null,
            "defaultValue": null,
            "tooltip": null,
            "visibility": true,
            "htmlEscape": null,
            "orphanRemoval": null,
            "readable": null,
            "writeable": true,
            "identifier": null,
            "unique": false,
            "recommend": false,
            "sattrib": "\/api\/3\/staging_model_metadatas\/458efe6b-aeb3-4982-8e6e-dd6e37d2f381",
            "uuid": "5ed725bc-f2ed-4d5d-98d9-1234445f4031",
            "displayName": "{{ software }}",
            "descriptions": {
                "singular": "Software"
            }
        },
        {
            "@id": "\/api\/3\/attribute_metadatas\/831bd585-381c-4062-9502-ae626002a41e",
            "@type": "AttributeMetadata",
            "type": "mitre_tactics",
            "name": "tactics",
            "length": null,
            "orderIndex": 16,
            "formType": "manyToMany",
            "dataSource": {
                "model": "mitre_tactics"
            },
            "searchable": false,
            "peerReplicable": true,
            "system": false,
            "encrypted": false,
            "gridColumn": false,
            "collection": true,
            "inversedField": "techniques",
            "ownsRelationship": true,
            "validation": {
                "required": false,
                "minlength": 0,
                "maxlength": 10485761
            },
            "bulkAction": [],
            "dataSourceFilters": null,
            "defaultValue": null,
            "tooltip": null,
            "visibility": true,
            "htmlEscape": null,
            "orphanRemoval": null,
            "readable": null,
            "writeable": true,
            "identifier": null,
            "unique": false,
            "recommend": false,
            "sattrib": "\/api\/3\/staging_model_metadatas\/458efe6b-aeb3-4982-8e6e-dd6e37d2f381",
            "uuid": "831bd585-381c-4062-9502-ae626002a41e",
            "displayName": "{{ tactics }}",
            "descriptions": {
                "singular": "Tactics"
            }
        },
        {
            "@id": "\/api\/3\/attribute_metadatas\/e40233e0-8b6d-48ec-acf0-60a87b0118d8",
            "@type": "AttributeMetadata",
            "type": "string",
            "name": "capecId",
            "length": null,
            "orderIndex": 3,
            "formType": "text",
            "dataSource": null,
            "searchable": false,
            "peerReplicable": true,
            "system": false,
            "encrypted": false,
            "gridColumn": false,
            "collection": false,
            "inversedField": null,
            "ownsRelationship": false,
            "validation": {
                "required": false,
                "minlength": 0,
                "maxlength": 10485761
            },
            "bulkAction": {
                "allow": false,
                "buttonText": "",
                "buttonIcon": "",
                "buttonClass": "btn btn-default btn-sm"
            },
            "dataSourceFilters": null,
            "defaultValue": "",
            "tooltip": null,
            "visibility": true,
            "htmlEscape": null,
            "orphanRemoval": null,
            "readable": null,
            "writeable": true,
            "identifier": null,
            "unique": false,
            "recommend": false,
            "sattrib": "\/api\/3\/staging_model_metadatas\/458efe6b-aeb3-4982-8e6e-dd6e37d2f381",
            "uuid": "e40233e0-8b6d-48ec-acf0-60a87b0118d8",
            "displayName": "{{ capecId }}",
            "descriptions": {
                "singular": "CAPEC ID"
            }
        },
        {
            "@id": "\/api\/3\/attribute_metadatas\/0f098313-5902-4b6d-8982-54fe2cd3b222",
            "@type": "AttributeMetadata",
            "type": "integer",
            "name": "lastModified",
            "length": null,
            "orderIndex": 4,
            "formType": "datetime",
            "dataSource": null,
            "searchable": true,
            "peerReplicable": true,
            "system": false,
            "encrypted": false,
            "gridColumn": false,
            "collection": false,
            "inversedField": null,
            "ownsRelationship": false,
            "validation": {
                "required": false,
                "minlength": 0,
                "maxlength": 10485761
            },
            "bulkAction": {
                "allow": false,
                "buttonText": "",
                "buttonIcon": "",
                "buttonClass": "btn btn-default btn-sm"
            },
            "dataSourceFilters": null,
            "defaultValue": null,
            "tooltip": null,
            "visibility": true,
            "htmlEscape": null,
            "orphanRemoval": null,
            "readable": null,
            "writeable": true,
            "identifier": null,
            "unique": false,
            "recommend": false,
            "sattrib": "\/api\/3\/staging_model_metadatas\/458efe6b-aeb3-4982-8e6e-dd6e37d2f381",
            "uuid": "0f098313-5902-4b6d-8982-54fe2cd3b222",
            "displayName": "{{ lastModified }}",
            "descriptions": {
                "singular": "Last Modified"
            }
        },
        {
            "@id": "\/api\/3\/attribute_metadatas\/bc560d6e-2844-4218-a22c-4c9122c2a997",
            "@type": "AttributeMetadata",
            "type": "mitre_mitigations",
            "name": "mitigations",
            "length": null,
            "orderIndex": 17,
            "formType": "manyToMany",
            "dataSource": {
                "model": "mitre_mitigations"
            },
            "searchable": false,
            "peerReplicable": true,
            "system": false,
            "encrypted": false,
            "gridColumn": false,
            "collection": true,
            "inversedField": "techniques",
            "ownsRelationship": true,
            "validation": {
                "required": false,
                "minlength": 0,
                "maxlength": 10485761
            },
            "bulkAction": [],
            "dataSourceFilters": null,
            "defaultValue": null,
            "tooltip": null,
            "visibility": true,
            "htmlEscape": null,
            "orphanRemoval": null,
            "readable": null,
            "writeable": true,
            "identifier": null,
            "unique": false,
            "recommend": false,
            "sattrib": "\/api\/3\/staging_model_metadatas\/458efe6b-aeb3-4982-8e6e-dd6e37d2f381",
            "uuid": "bc560d6e-2844-4218-a22c-4c9122c2a997",
            "displayName": "{{ mitigations }}",
            "descriptions": {
                "singular": "Mitigations"
            }
        }
    ],
    "system": false,
    "module": "mitre_techniques",
    "uuid": "458efe6b-aeb3-4982-8e6e-dd6e37d2f381",
    "displayName": "{{ name }}",
    "descriptions": {
        "singular": "Technique",
        "plural": "Techniques"
    }
}