{
    "@context": "\/api\/3\/contexts\/WorkflowCollection",
    "@type": "WorkflowCollection",
    "name": "13 - MITRE ATT&CK\u2122 - Event Triggered Execution",
    "description": "Playbooks designed to hunt Event Triggered Execution Techniques identified in the MITRE ATT&CK Framework",
    "visible": true,
    "image": null,
    "uuid": "8e9e842a-e876-40ed-8ac4-078409ff7c29",
    "id": 97,
    "createUser": "\/api\/3\/people\/3451141c-bac6-467c-8d72-85e0fab569ce",
    "createDate": 1633085064,
    "modifyUser": "\/api\/3\/people\/3451141c-bac6-467c-8d72-85e0fab569ce",
    "modifyDate": 1633085064,
    "recordTags": []
}