{
    "@type": "Workflow",
    "triggerLimit": null,
    "name": "HUNTS - AppInit DLLs (T1546.010)",
    "aliasName": null,
    "tag": "ATT&CK, Persistence, Privilege_Escalation, AppInit_DLLs",
    "description": "Hunts for modification to AppInit DLLs registry keys.",
    "isActive": false,
    "debug": false,
    "singleRecordExecution": false,
    "remoteExecutableFlag": false,
    "parameters": [],
    "synchronous": false,
    "lastModifyDate": 1633085062,
    "collection": "\/api\/3\/workflow_collections\/8e9e842a-e876-40ed-8ac4-078409ff7c29",
    "versions": [],
    "triggerStep": "\/api\/3\/workflow_steps\/c52786d3-f75b-4080-810e-098116e2f1e0",
    "steps": [
        {
            "@type": "WorkflowStep",
            "name": "Start",
            "description": null,
            "arguments": {
                "route": "9f5ada64-67e9-4b3a-9216-220737e27407",
                "title": "T1546.010 - Hunt for AppInit DLLs",
                "resources": [
                    "hunt"
                ],
                "inputVariables": [
                    {
                        "name": "siem",
                        "type": "picklists",
                        "label": "SIEM",
                        "title": "Picklist",
                        "usable": true,
                        "tooltip": "Choose your SIEM",
                        "dataType": "picklist",
                        "formType": "picklist",
                        "required": true,
                        "_expanded": true,
                        "mmdUpdate": true,
                        "collection": false,
                        "dataSource": {
                            "model": "picklists",
                            "query": {
                                "sort": [
                                    {
                                        "field": "orderIndex",
                                        "direction": "ASC"
                                    }
                                ],
                                "logic": "AND",
                                "filters": [
                                    {
                                        "field": "listName__name",
                                        "value": "SIEMs",
                                        "operator": "eq"
                                    }
                                ]
                            },
                            "displayConditions": {
                                "876c1483-416b-4d2f-8138-15769ae16d5c": {
                                    "conditions": null,
                                    "visibility": "visible"
                                },
                                "bcebcab1-3f93-468a-9f3f-91e5c511a0b5": {
                                    "conditions": null,
                                    "visibility": "visible"
                                }
                            }
                        },
                        "searchable": false,
                        "templateUrl": "app\/components\/form\/fields\/typeahead.html",
                        "_nameTouched": true,
                        "defaultValue": {
                            "id": 280,
                            "@id": "\/api\/3\/picklists\/876c1483-416b-4d2f-8138-15769ae16d5c",
                            "icon": null,
                            "@type": "Picklist",
                            "color": null,
                            "display": "Elastic",
                            "listName": "\/api\/3\/picklist_names\/98830189-afff-40e6-bed1-94012551dc67",
                            "itemValue": "Elastic",
                            "orderIndex": 1
                        },
                        "displayTemplate": "{{ itemValue }}",
                        "lengthConstraint": false,
                        "allowedEncryption": false,
                        "allowedGridColumn": true,
                        "useRecordFieldDefault": false
                    }
                ],
                "step_variables": {
                    "input": {
                        "params": {
                            "siem": "{{vars.request.data[\"siem\"]}}"
                        },
                        "records": "{{vars.input.records}}"
                    }
                },
                "_promptexpanded": true,
                "displayConditions": {
                    "hunt": {
                        "sort": [],
                        "limit": 30,
                        "logic": "AND",
                        "filters": []
                    }
                },
                "executeButtonText": "Execute",
                "noRecordExecution": false,
                "singleRecordExecution": false
            },
            "status": null,
            "top": "160",
            "left": "20",
            "stepType": "\/api\/3\/workflow_step_types\/f414d039-bb0d-4e59-9c39-a8f1e880b18a",
            "uuid": "c52786d3-f75b-4080-810e-098116e2f1e0",
            "id": 4556
        },
        {
            "@type": "WorkflowStep",
            "name": "Set Elastic hunt times",
            "description": null,
            "arguments": {
                "elasticHuntEnd": "{% if vars.input.records[0].huntEnd %} {{ arrow.get(vars.input.records[0].huntEnd).format('YYYY-MM-DDTHH:mm:ss.SSSSSSSSSZ') }} {% else %} now {% endif %}",
                "elasticHuntStart": "{{ arrow.get(vars.input.records[0].huntStart).format('YYYY-MM-DDTHH:mm:ss.SSSSSSSSSZ') }}"
            },
            "status": null,
            "top": "240",
            "left": "632",
            "stepType": "\/api\/3\/workflow_step_types\/04d0cf46-b6a8-42c4-8683-60a7eaa69e8f",
            "uuid": "ca193524-ad10-422e-97d9-a27c40195999",
            "id": 4557
        },
        {
            "@type": "WorkflowStep",
            "name": "Create and Link Splunk Alert",
            "description": null,
            "arguments": {
                "for_each": {
                    "item": "{{vars.steps.Retrieve_key_modification_query_results.data.results}}",
                    "condition": ""
                },
                "arguments": {
                    "MD5": "",
                    "url": "",
                    "source": "{{vars.item.EventChannel}}",
                    "comment": "SIEM query indicated AppInit DLL key value {{vars.item.Details}} was added to key {{vars.item.TargetObject}} on {{vars.item.host}} at {{vars.item.TimeCreated}}.",
                    "huntIRI": "{{vars.input.records[0]['@id']}}",
                    "service": "",
                    "filePath": "",
                    "hostName": "{{vars.item.host}}",
                    "sourceIP": "",
                    "userName": "",
                    "alertName": "ATT&CK-AppInit DLLs-{% if vars.item.Details %}{{vars.item.Details}} key value added{% else %}key created{% endif %}",
                    "epochTime": "{{ arrow.get(vars.item.UtcTime).timestamp }}",
                    "eventName": "",
                    "eventTime": "{{vars.item.UtcTime}}",
                    "processID": "{{vars.item.ProcessId}}",
                    "technique": "AppInit DLL (Key Add\/Mod)",
                    "sourceData": "{{vars.item}}",
                    "sourceTool": "{{vars.item.EventChannel}}",
                    "commandline": "",
                    "description": "An AppInit DLL registry key was modified\/added. This is potentially unusual behavior in most networks and could be used by an adversary to achieve persistence. The added\/modified registry key value should be evaluated to determine its legitimacy.",
                    "processGUID": "{{vars.item.ProcessGuid}}",
                    "processName": "{{vars.item.process_exec}}",
                    "registryKey": "{{vars.item.TargetObject}}",
                    "sourceImage": "",
                    "targetImage": "",
                    "computerName": "{{vars.item.Computer}}",
                    "destinationIP": "",
                    "mitre_tech_id": "T1103",
                    "parentProcess": "",
                    "scheduledTask": "",
                    "bitstransferid": "",
                    "parentProcessID": "",
                    "bytestransferred": "",
                    "registryKeyValue": "{{vars.item.Details}}",
                    "parentCommandLine": "",
                    "decodedCommandLine": ""
                },
                "apply_async": false,
                "step_variables": [],
                "workflowReference": "\/api\/3\/workflows\/bf7d418b-7ff3-44c1-b473-90d0a03c4641"
            },
            "status": null,
            "top": "80",
            "left": "1440",
            "stepType": "\/api\/3\/workflow_step_types\/74932bdc-b8b6-4d24-88c4-1a4dfbc524f3",
            "uuid": "b9dd8ba3-fef1-4653-aa31-041fc6dde9bb",
            "id": 4558
        },
        {
            "@type": "WorkflowStep",
            "name": "Create and Link Elastic Alert",
            "description": null,
            "arguments": {
                "for_each": {
                    "item": "{{vars.steps.Elastic_query_for_AppInit_DLLs.data.hits.hits}}",
                    "condition": ""
                },
                "arguments": {
                    "MD5": "",
                    "url": "",
                    "source": "{{vars.item._source.source_name}}",
                    "comment": "SIEM query indicated AppInit DLL key value {{vars.item._source.event_data.Details}} was added to key {{vars.item._source.event_data.TargetObject}} on {{vars.item._source.computer_name | regex_search('([^.]+)')}} at {{vars.item._source.event_data.UtcTime}}.",
                    "huntIRI": "{{vars.input.records[0]['@id']}}",
                    "service": "",
                    "filePath": "",
                    "hostName": "{{vars.item._source.beat.hostname}}",
                    "sourceIP": "",
                    "userName": "",
                    "alertName": "ATT&CK-AppInit DLLs-{% if vars.item._source.event_data.Details %}{{vars.item._source.event_data.Details}} key value added{% else %}key created{% endif %}",
                    "epochTime": "{{ arrow.get(vars.item._source.event_data.UtcTime).timestamp }}",
                    "eventName": "",
                    "eventTime": "{{vars.item._source.event_data.UtcTime}}",
                    "processID": "{{vars.item._source.event_data.ProcessId}}",
                    "technique": "AppInit DLL (Key Add\/Mod)",
                    "sourceData": "{{vars.item}}",
                    "sourceTool": "{{vars.item._source.source_name}}",
                    "commandline": "",
                    "description": "An AppInit DLL registry key was modified\/added. This is potentially unusual behavior in most networks and could be used by an adversary to achieve persistence. The added\/modified registry key value should be evaluated to determine its legitimacy.",
                    "processGUID": "{{vars.item._source.event_data.ProcessGuid}}",
                    "processName": "{{vars.item._source.image_path.split(\"\\\\\")[-1] }}",
                    "registryKey": "{{vars.item._source.event_data.TargetObject}}",
                    "sourceImage": "",
                    "targetImage": "",
                    "computerName": "{{vars.item._source.computer_name}}",
                    "destinationIP": "",
                    "mitre_tech_id": "T1103",
                    "parentProcess": "",
                    "scheduledTask": "",
                    "bitstransferid": "",
                    "parentProcessID": "",
                    "bytestransferred": "",
                    "registryKeyValue": "{{vars.item._source.event_data.Details}}",
                    "parentCommandLine": "",
                    "decodedCommandLine": ""
                },
                "apply_async": false,
                "step_variables": [],
                "workflowReference": "\/api\/3\/workflows\/bf7d418b-7ff3-44c1-b473-90d0a03c4641"
            },
            "status": null,
            "top": "240",
            "left": "1440",
            "stepType": "\/api\/3\/workflow_step_types\/74932bdc-b8b6-4d24-88c4-1a4dfbc524f3",
            "uuid": "3232ace9-ff3a-4688-aa54-1b0c3d18db85",
            "id": 4559
        },
        {
            "@type": "WorkflowStep",
            "name": "Set Splunk hunt times",
            "description": null,
            "arguments": {
                "splunkHuntEnd": "{% if vars.input.records[0].huntEnd %}latest={{vars.input.records[0].huntEnd}}{% endif %}",
                "splunkHuntStart": "earliest={{vars.input.records[0].huntStart}}"
            },
            "status": null,
            "top": "80",
            "left": "631",
            "stepType": "\/api\/3\/workflow_step_types\/04d0cf46-b6a8-42c4-8683-60a7eaa69e8f",
            "uuid": "89345363-2b9d-4802-bc0e-3d6ae5f69563",
            "id": 4560
        },
        {
            "@type": "WorkflowStep",
            "name": "Retrieve key modification query results",
            "description": null,
            "arguments": {
                "name": "Splunk",
                "config": "9ab494b3-68d1-424f-9f76-0693bd787483",
                "params": {
                    "sid": "{'value':\"{{vars.steps.Query_for_AppInit_DLL_registry_key_modification.data.sid}}\"}",
                    "additional_args": "{\"A\":\"B\"}"
                },
                "version": "1.4.0",
                "do_until": {
                    "delay": "1",
                    "retries": "300",
                    "condition": "{{\"results\" in vars.result.data}}"
                },
                "connector": "splunk",
                "operation": "get_results",
                "operationTitle": "Get Results for a Search",
                "step_variables": []
            },
            "status": null,
            "top": "80",
            "left": "1169",
            "stepType": "\/api\/3\/workflow_step_types\/0bfed618-0316-11e7-93ae-92361f002671",
            "uuid": "dbc3e5b6-8225-4b92-a77b-85c81772b8a7",
            "id": 4561
        },
        {
            "@type": "WorkflowStep",
            "name": "Select SIEM",
            "description": null,
            "arguments": {
                "conditions": [
                    {
                        "option": "Elasticsearch",
                        "step_iri": "\/api\/3\/workflow_steps\/ca193524-ad10-422e-97d9-a27c40195999",
                        "condition": "{{ vars.input.params.siem.itemValue == \"Elastic\" }}"
                    },
                    {
                        "option": "Splunk",
                        "step_iri": "\/api\/3\/workflow_steps\/89345363-2b9d-4802-bc0e-3d6ae5f69563",
                        "condition": "{{ vars.input.params.siem.itemValue == \"Splunk\" }}"
                    }
                ]
            },
            "status": null,
            "top": "160",
            "left": "287",
            "stepType": "\/api\/3\/workflow_step_types\/12254cf5-5db7-4b1a-8cb1-3af081924b28",
            "uuid": "affd4200-a75b-4637-a78c-322494aa0a5c",
            "id": 4562
        },
        {
            "@type": "WorkflowStep",
            "name": "Deduplicate comments",
            "description": null,
            "arguments": {
                "arguments": {
                    "hunt_iri": "{{vars.input.records[0]['@id']}}"
                },
                "step_variables": [],
                "workflowReference": "\/api\/3\/workflows\/3fd311be-a1c6-41c7-99a3-8794b33d8f8a"
            },
            "status": null,
            "top": "160",
            "left": "1748",
            "stepType": "\/api\/3\/workflow_step_types\/74932bdc-b8b6-4d24-88c4-1a4dfbc524f3",
            "uuid": "1cd4a390-2829-497b-acdb-91f362629cc5",
            "id": 4563
        },
        {
            "@type": "WorkflowStep",
            "name": "Query for AppInit DLL registry key modification",
            "description": null,
            "arguments": {
                "name": "Splunk",
                "config": "9ab494b3-68d1-424f-9f76-0693bd787483",
                "params": {
                    "query": "index=sysmon (EventCode=12 OR EventCode=13) {{vars.splunkHuntStart}} {{vars.splunkHuntEnd}} TargetObject=\"HKLM\\\\SOFTWARE\\\\Wow6432Node\\\\Microsoft\\\\Windows NT\\\\CurrentVersion\\\\Windows\\\\AppInit_DLLs\" OR TargetObject=\"HKLM\\\\SOFTWARE\\\\Microsoft\\\\Windows NT\\\\CurrentVersion\\\\Windows\\\\AppInit_DLLs\" | dedup host, TargetObject, Details | table host Image process_exec EventChannel UtcTime TimeCreated ProcessId TargetObject Computer Details object_path",
                    "exec_mode": "",
                    "auto_cancel": "",
                    "latest_time": "",
                    "earliest_time": "",
                    "additional_search_args": "{\"A\":\"B\"}"
                },
                "version": "1.5.0",
                "connector": "splunk",
                "operation": "invoke_search",
                "operationTitle": "Invoke Search",
                "step_variables": []
            },
            "status": null,
            "top": "80",
            "left": "900",
            "stepType": "\/api\/3\/workflow_step_types\/0bfed618-0316-11e7-93ae-92361f002671",
            "uuid": "5a146a30-125f-42e7-a0f2-19e2b70158fc",
            "id": 4564
        },
        {
            "@type": "WorkflowStep",
            "name": "Elastic query for AppInit DLLs",
            "description": null,
            "arguments": {
                "name": "ElasticSearch",
                "config": "8d03a01d-1cef-40a8-992a-63d8de2b339f",
                "params": {
                    "index": "logstash-beats-*",
                    "query": "@timestamp:{ {{vars.elasticHuntStart}} TO {{vars.elasticHuntEnd}} } AND event_type:sysmon AND (event_id:\"12\" OR event_id:\"13\") AND (event_data.TargetObject.keyword:HKLM\\\\SOFTWARE\\\\Wow6432Node\\\\Microsoft\\\\Windows\\ NT\\\\CurrentVersion\\\\Windows\\\\AppInit_DLLs OR event_data.TargetObject.keyword:HKLM\\\\SOFTWARE\\\\Microsoft\\\\Windows\\ NT\\\\CurrentVersion\\\\Windows\\\\AppInit_DLLs)",
                    "run_as_user": ""
                },
                "version": "2.2.0",
                "connector": "elasticsearch",
                "operation": "execute_lucene_query",
                "operationTitle": "Execute Lucene Query",
                "step_variables": []
            },
            "status": null,
            "top": "240",
            "left": "900",
            "stepType": "\/api\/3\/workflow_step_types\/0bfed618-0316-11e7-93ae-92361f002671",
            "uuid": "b83a3a64-67de-473f-b8e2-798acb2d080e",
            "id": 4565
        }
    ],
    "routes": [
        {
            "@type": "WorkflowRoute",
            "name": "Query for Netsh helper DLL registry key modification -> Copy  of Retrieve key creation query results",
            "targetStep": "\/api\/3\/workflow_steps\/dbc3e5b6-8225-4b92-a77b-85c81772b8a7",
            "sourceStep": "\/api\/3\/workflow_steps\/5a146a30-125f-42e7-a0f2-19e2b70158fc",
            "label": null,
            "isExecuted": false,
            "uuid": "d78258c7-cee0-4707-a625-9b8a212a4f9c"
        },
        {
            "@type": "WorkflowRoute",
            "name": "Copy  of Create and Link Alert -> Deduplicate comments",
            "targetStep": "\/api\/3\/workflow_steps\/1cd4a390-2829-497b-acdb-91f362629cc5",
            "sourceStep": "\/api\/3\/workflow_steps\/b9dd8ba3-fef1-4653-aa31-041fc6dde9bb",
            "label": null,
            "isExecuted": false,
            "uuid": "716abf6a-792b-4110-9f7d-206605ca7df1"
        },
        {
            "@type": "WorkflowRoute",
            "name": "Create and Link Elastic Alert -> Deduplicate comments",
            "targetStep": "\/api\/3\/workflow_steps\/1cd4a390-2829-497b-acdb-91f362629cc5",
            "sourceStep": "\/api\/3\/workflow_steps\/3232ace9-ff3a-4688-aa54-1b0c3d18db85",
            "label": null,
            "isExecuted": false,
            "uuid": "43bbdc93-f5a2-48a1-8477-2b9b1fad7c8f"
        },
        {
            "@type": "WorkflowRoute",
            "name": "Select SIEM -> Set Splunk hunt times",
            "targetStep": "\/api\/3\/workflow_steps\/89345363-2b9d-4802-bc0e-3d6ae5f69563",
            "sourceStep": "\/api\/3\/workflow_steps\/affd4200-a75b-4637-a78c-322494aa0a5c",
            "label": "Splunk",
            "isExecuted": false,
            "uuid": "84ec19d3-8310-48b9-8bce-350179911fcc"
        },
        {
            "@type": "WorkflowRoute",
            "name": "Start -> Select SIEM",
            "targetStep": "\/api\/3\/workflow_steps\/affd4200-a75b-4637-a78c-322494aa0a5c",
            "sourceStep": "\/api\/3\/workflow_steps\/c52786d3-f75b-4080-810e-098116e2f1e0",
            "label": null,
            "isExecuted": false,
            "uuid": "2a7c89d0-02d2-4706-bb6b-4c357437945a"
        },
        {
            "@type": "WorkflowRoute",
            "name": "Retrieve key modification query results -> Copy  of Create and Link Alert",
            "targetStep": "\/api\/3\/workflow_steps\/b9dd8ba3-fef1-4653-aa31-041fc6dde9bb",
            "sourceStep": "\/api\/3\/workflow_steps\/dbc3e5b6-8225-4b92-a77b-85c81772b8a7",
            "label": null,
            "isExecuted": false,
            "uuid": "cfac5309-b027-4f9a-88c9-cf5bec460cd6"
        },
        {
            "@type": "WorkflowRoute",
            "name": "Set Splunk hunt times -> Query for AppInit DLL registry key modification",
            "targetStep": "\/api\/3\/workflow_steps\/5a146a30-125f-42e7-a0f2-19e2b70158fc",
            "sourceStep": "\/api\/3\/workflow_steps\/89345363-2b9d-4802-bc0e-3d6ae5f69563",
            "label": null,
            "isExecuted": false,
            "uuid": "7afd1ce6-1c6a-45a7-8b65-592c815ecc46"
        },
        {
            "@type": "WorkflowRoute",
            "name": "Select SIEM -> Copy  of Set Splunk hunt times",
            "targetStep": "\/api\/3\/workflow_steps\/ca193524-ad10-422e-97d9-a27c40195999",
            "sourceStep": "\/api\/3\/workflow_steps\/affd4200-a75b-4637-a78c-322494aa0a5c",
            "label": "Elasticsearch",
            "isExecuted": false,
            "uuid": "da791ceb-90d2-4be7-a93d-e984f0c19571"
        },
        {
            "@type": "WorkflowRoute",
            "name": "Elastic query for AppInit DLLs -> Create and Link Elastic Alert",
            "targetStep": "\/api\/3\/workflow_steps\/3232ace9-ff3a-4688-aa54-1b0c3d18db85",
            "sourceStep": "\/api\/3\/workflow_steps\/b83a3a64-67de-473f-b8e2-798acb2d080e",
            "label": null,
            "isExecuted": false,
            "uuid": "2faa50d6-44fa-4c43-b865-1751d4ccb0fc"
        },
        {
            "@type": "WorkflowRoute",
            "name": "Set Elastic hunt times -> Elastic query for AppInit DLLs",
            "targetStep": "\/api\/3\/workflow_steps\/b83a3a64-67de-473f-b8e2-798acb2d080e",
            "sourceStep": "\/api\/3\/workflow_steps\/ca193524-ad10-422e-97d9-a27c40195999",
            "label": null,
            "isExecuted": false,
            "uuid": "9effc6ca-00ee-4efb-a6cc-a2c1939e9a2b"
        }
    ],
    "priority": null,
    "uuid": "00e98266-9618-4345-a20b-09f241c02e96",
    "recordTags": [],
    "id": 1178,
    "createUser": "\/api\/3\/people\/3451141c-bac6-467c-8d72-85e0fab569ce",
    "createDate": 1633085064,
    "modifyUser": "\/api\/3\/people\/3451141c-bac6-467c-8d72-85e0fab569ce",
    "modifyDate": 1633085064,
    "owners": [],
    "isPrivate": false
}