{
    "@context": "\/api\/3\/contexts\/PicklistName",
    "@id": "\/api\/3\/picklist_names\/a20e1090-349b-4f73-bf19-6ea768b804d6",
    "@type": "PicklistName",
    "name": "Mitre ATT&CK Matrics",
    "system": false,
    "picklists": [
        {
            "@id": "\/api\/3\/picklists\/1eca922e-85ff-46a7-af26-cafa7c334883",
            "@type": "Picklist",
            "itemValue": "Enterprise",
            "orderIndex": 0,
            "color": null,
            "icon": null,
            "listName": "\/api\/3\/picklist_names\/a20e1090-349b-4f73-bf19-6ea768b804d6",
            "uuid": "1eca922e-85ff-46a7-af26-cafa7c334883",
            "id": 287
        },
        {
            "@id": "\/api\/3\/picklists\/e617e1bd-070b-4218-8e31-9e54e3f64c81",
            "@type": "Picklist",
            "itemValue": "Mobile",
            "orderIndex": 1,
            "color": null,
            "icon": null,
            "listName": "\/api\/3\/picklist_names\/a20e1090-349b-4f73-bf19-6ea768b804d6",
            "uuid": "e617e1bd-070b-4218-8e31-9e54e3f64c81",
            "id": 288
        },
        {
            "@id": "\/api\/3\/picklists\/6bf383dc-f042-4bf5-8ba6-0dedcdf0aa87",
            "@type": "Picklist",
            "itemValue": "ICS",
            "orderIndex": 2,
            "color": null,
            "icon": null,
            "listName": "\/api\/3\/picklist_names\/a20e1090-349b-4f73-bf19-6ea768b804d6",
            "uuid": "6bf383dc-f042-4bf5-8ba6-0dedcdf0aa87",
            "id": 289
        }
    ],
    "uuid": "a20e1090-349b-4f73-bf19-6ea768b804d6",
    "id": 47
}