{
    "@context": "\/api\/3\/contexts\/StagingModelMetadata",
    "@id": "\/api\/3\/staging_model_metadatas\/439388eb-5354-485f-80fb-c3147c794df5",
    "@type": "StagingModelMetadata",
    "type": "mitre_techniques",
    "parentType": null,
    "tableName": "mitre_techniques",
    "ownable": false,
    "userOwnable": false,
    "trackable": false,
    "taggable": true,
    "peerReplicable": false,
    "defaultSort": [],
    "uniqueConstraint": [],
    "indexable": true,
    "writable": true,
    "attributes": [
        {
            "@id": "\/api\/3\/attribute_metadatas\/33c36633-8fac-49f7-b924-c2293181c677",
            "@type": "AttributeMetadata",
            "type": "alerts",
            "name": "alerts",
            "length": null,
            "orderIndex": 1,
            "formType": "manyToMany",
            "dataSource": {
                "model": "alerts"
            },
            "searchable": false,
            "peerReplicable": true,
            "system": false,
            "encrypted": false,
            "gridColumn": false,
            "collection": true,
            "inversedField": "techniques",
            "ownsRelationship": true,
            "validation": {
                "required": false,
                "minlength": 0,
                "maxlength": 10485761
            },
            "bulkAction": [],
            "dataSourceFilters": null,
            "defaultValue": null,
            "tooltip": null,
            "visibility": true,
            "htmlEscape": null,
            "orphanRemoval": null,
            "readable": null,
            "writeable": true,
            "identifier": null,
            "unique": false,
            "recommend": false,
            "sattrib": "\/api\/3\/staging_model_metadatas\/439388eb-5354-485f-80fb-c3147c794df5",
            "uuid": "33c36633-8fac-49f7-b924-c2293181c677",
            "displayName": "{{ alerts }}",
            "descriptions": {
                "singular": "Alerts"
            }
        },
        {
            "@id": "\/api\/3\/attribute_metadatas\/d1c2a2d0-54ba-4c56-8ee8-4fa12f1d1e6f",
            "@type": "AttributeMetadata",
            "type": "string",
            "name": "mitreId",
            "length": null,
            "orderIndex": 3,
            "formType": "text",
            "dataSource": null,
            "searchable": false,
            "peerReplicable": true,
            "system": false,
            "encrypted": false,
            "gridColumn": false,
            "collection": false,
            "inversedField": null,
            "ownsRelationship": false,
            "validation": {
                "required": false,
                "minlength": 0,
                "maxlength": 10485761
            },
            "bulkAction": {
                "allow": false,
                "buttonText": "",
                "buttonIcon": "",
                "buttonClass": "btn btn-default btn-sm"
            },
            "dataSourceFilters": null,
            "defaultValue": "",
            "tooltip": null,
            "visibility": true,
            "htmlEscape": null,
            "orphanRemoval": null,
            "readable": null,
            "writeable": true,
            "identifier": null,
            "unique": false,
            "recommend": false,
            "sattrib": "\/api\/3\/staging_model_metadatas\/439388eb-5354-485f-80fb-c3147c794df5",
            "uuid": "d1c2a2d0-54ba-4c56-8ee8-4fa12f1d1e6f",
            "displayName": "{{ mitreId }}",
            "descriptions": {
                "singular": "Mitre ID"
            }
        },
        {
            "@id": "\/api\/3\/attribute_metadatas\/7899c8cb-8ca0-40b7-ad60-fc2b5e759733",
            "@type": "AttributeMetadata",
            "type": "integer",
            "name": "created",
            "length": null,
            "orderIndex": 6,
            "formType": "datetime",
            "dataSource": null,
            "searchable": true,
            "peerReplicable": true,
            "system": false,
            "encrypted": false,
            "gridColumn": false,
            "collection": false,
            "inversedField": null,
            "ownsRelationship": false,
            "validation": {
                "required": false,
                "minlength": 0,
                "maxlength": 10485761
            },
            "bulkAction": {
                "allow": false,
                "buttonText": "",
                "buttonIcon": "",
                "buttonClass": "btn btn-default btn-sm"
            },
            "dataSourceFilters": null,
            "defaultValue": null,
            "tooltip": null,
            "visibility": true,
            "htmlEscape": null,
            "orphanRemoval": null,
            "readable": null,
            "writeable": true,
            "identifier": null,
            "unique": false,
            "recommend": false,
            "sattrib": "\/api\/3\/staging_model_metadatas\/439388eb-5354-485f-80fb-c3147c794df5",
            "uuid": "7899c8cb-8ca0-40b7-ad60-fc2b5e759733",
            "displayName": "{{ created }}",
            "descriptions": {
                "singular": "Created"
            }
        },
        {
            "@id": "\/api\/3\/attribute_metadatas\/02ebc0a8-45be-4f2a-9b78-5ccccd832500",
            "@type": "AttributeMetadata",
            "type": "string",
            "name": "name",
            "length": null,
            "orderIndex": 9,
            "formType": "text",
            "dataSource": null,
            "searchable": false,
            "peerReplicable": true,
            "system": false,
            "encrypted": false,
            "gridColumn": false,
            "collection": false,
            "inversedField": null,
            "ownsRelationship": false,
            "validation": {
                "required": false,
                "minlength": 0,
                "maxlength": 10485761
            },
            "bulkAction": {
                "allow": false,
                "buttonText": "",
                "buttonIcon": "",
                "buttonClass": "btn btn-default btn-sm"
            },
            "dataSourceFilters": null,
            "defaultValue": "",
            "tooltip": null,
            "visibility": true,
            "htmlEscape": null,
            "orphanRemoval": null,
            "readable": null,
            "writeable": true,
            "identifier": null,
            "unique": false,
            "recommend": false,
            "sattrib": "\/api\/3\/staging_model_metadatas\/439388eb-5354-485f-80fb-c3147c794df5",
            "uuid": "02ebc0a8-45be-4f2a-9b78-5ccccd832500",
            "displayName": "{{ name }}",
            "descriptions": {
                "singular": "Name"
            }
        },
        {
            "@id": "\/api\/3\/attribute_metadatas\/ee2cafbb-eb62-4ecd-8550-8b14c1aa1cb8",
            "@type": "AttributeMetadata",
            "type": "string",
            "name": "description",
            "length": null,
            "orderIndex": 10,
            "formType": "richtext",
            "dataSource": null,
            "searchable": true,
            "peerReplicable": true,
            "system": false,
            "encrypted": false,
            "gridColumn": false,
            "collection": false,
            "inversedField": null,
            "ownsRelationship": false,
            "validation": {
                "required": false,
                "minlength": 0,
                "maxlength": 10485761,
                "_enableRange": false
            },
            "bulkAction": {
                "allow": false,
                "buttonText": "",
                "buttonIcon": "",
                "buttonClass": "btn btn-default btn-sm"
            },
            "dataSourceFilters": null,
            "defaultValue": null,
            "tooltip": null,
            "visibility": true,
            "htmlEscape": null,
            "orphanRemoval": null,
            "readable": null,
            "writeable": true,
            "identifier": null,
            "unique": false,
            "recommend": false,
            "sattrib": "\/api\/3\/staging_model_metadatas\/439388eb-5354-485f-80fb-c3147c794df5",
            "uuid": "ee2cafbb-eb62-4ecd-8550-8b14c1aa1cb8",
            "displayName": "{{ description }}",
            "descriptions": {
                "singular": "Description"
            }
        },
        {
            "@id": "\/api\/3\/attribute_metadatas\/45b3ad7e-8325-49f1-9914-71a3353959c9",
            "@type": "AttributeMetadata",
            "type": "string",
            "name": "notes",
            "length": null,
            "orderIndex": 11,
            "formType": "text",
            "dataSource": null,
            "searchable": false,
            "peerReplicable": true,
            "system": false,
            "encrypted": false,
            "gridColumn": false,
            "collection": false,
            "inversedField": null,
            "ownsRelationship": false,
            "validation": {
                "required": false,
                "minlength": 0,
                "maxlength": 10485761,
                "_enableRange": false
            },
            "bulkAction": {
                "allow": false,
                "buttonText": "",
                "buttonIcon": "",
                "buttonClass": "btn btn-default btn-sm"
            },
            "dataSourceFilters": null,
            "defaultValue": "",
            "tooltip": null,
            "visibility": true,
            "htmlEscape": null,
            "orphanRemoval": null,
            "readable": null,
            "writeable": true,
            "identifier": null,
            "unique": false,
            "recommend": false,
            "sattrib": "\/api\/3\/staging_model_metadatas\/439388eb-5354-485f-80fb-c3147c794df5",
            "uuid": "45b3ad7e-8325-49f1-9914-71a3353959c9",
            "displayName": "{{ notes }}",
            "descriptions": {
                "singular": "My Notes"
            }
        },
        {
            "@id": "\/api\/3\/attribute_metadatas\/e0c757eb-99b7-4c51-8b35-d33c03836cef",
            "@type": "AttributeMetadata",
            "type": "mitre_groups",
            "name": "groups",
            "length": null,
            "orderIndex": 12,
            "formType": "manyToMany",
            "dataSource": {
                "model": "mitre_groups"
            },
            "searchable": false,
            "peerReplicable": true,
            "system": false,
            "encrypted": false,
            "gridColumn": false,
            "collection": true,
            "inversedField": "techniques",
            "ownsRelationship": false,
            "validation": {
                "required": false,
                "minlength": 0,
                "maxlength": 10485761,
                "_enableRange": false
            },
            "bulkAction": [],
            "dataSourceFilters": null,
            "defaultValue": null,
            "tooltip": null,
            "visibility": true,
            "htmlEscape": null,
            "orphanRemoval": null,
            "readable": null,
            "writeable": true,
            "identifier": null,
            "unique": false,
            "recommend": false,
            "sattrib": "\/api\/3\/staging_model_metadatas\/439388eb-5354-485f-80fb-c3147c794df5",
            "uuid": "e0c757eb-99b7-4c51-8b35-d33c03836cef",
            "displayName": "{{ groups }}",
            "descriptions": {
                "singular": "Groups"
            }
        },
        {
            "@id": "\/api\/3\/attribute_metadatas\/fa187d0e-2487-4939-94ab-59fd8c54cd82",
            "@type": "AttributeMetadata",
            "type": "string",
            "name": "version",
            "length": null,
            "orderIndex": 13,
            "formType": "text",
            "dataSource": null,
            "searchable": false,
            "peerReplicable": true,
            "system": false,
            "encrypted": false,
            "gridColumn": false,
            "collection": false,
            "inversedField": null,
            "ownsRelationship": false,
            "validation": {
                "required": false,
                "minlength": 0,
                "maxlength": 10485761
            },
            "bulkAction": {
                "allow": false,
                "buttonText": "",
                "buttonIcon": "",
                "buttonClass": "btn btn-default btn-sm"
            },
            "dataSourceFilters": null,
            "defaultValue": "",
            "tooltip": null,
            "visibility": true,
            "htmlEscape": null,
            "orphanRemoval": null,
            "readable": null,
            "writeable": true,
            "identifier": null,
            "unique": false,
            "recommend": false,
            "sattrib": "\/api\/3\/staging_model_metadatas\/439388eb-5354-485f-80fb-c3147c794df5",
            "uuid": "fa187d0e-2487-4939-94ab-59fd8c54cd82",
            "displayName": "{{ version }}",
            "descriptions": {
                "singular": "Version"
            }
        },
        {
            "@id": "\/api\/3\/attribute_metadatas\/59e3a6d2-afcf-4588-aaa5-32af9f6b39f7",
            "@type": "AttributeMetadata",
            "type": "string",
            "name": "platforms",
            "length": null,
            "orderIndex": 14,
            "formType": "text",
            "dataSource": null,
            "searchable": false,
            "peerReplicable": true,
            "system": false,
            "encrypted": false,
            "gridColumn": false,
            "collection": false,
            "inversedField": null,
            "ownsRelationship": false,
            "validation": {
                "required": false,
                "minlength": 0,
                "maxlength": 10485761
            },
            "bulkAction": {
                "allow": false,
                "buttonText": "",
                "buttonIcon": "",
                "buttonClass": "btn btn-default btn-sm"
            },
            "dataSourceFilters": null,
            "defaultValue": "",
            "tooltip": null,
            "visibility": true,
            "htmlEscape": null,
            "orphanRemoval": null,
            "readable": null,
            "writeable": true,
            "identifier": null,
            "unique": false,
            "recommend": false,
            "sattrib": "\/api\/3\/staging_model_metadatas\/439388eb-5354-485f-80fb-c3147c794df5",
            "uuid": "59e3a6d2-afcf-4588-aaa5-32af9f6b39f7",
            "displayName": "{{ platforms }}",
            "descriptions": {
                "singular": "Platforms"
            }
        },
        {
            "@id": "\/api\/3\/attribute_metadatas\/d787cfaf-35d9-4e33-8208-349df29f0b57",
            "@type": "AttributeMetadata",
            "type": "string",
            "name": "detection",
            "length": null,
            "orderIndex": 8,
            "formType": "html",
            "dataSource": null,
            "searchable": true,
            "peerReplicable": true,
            "system": false,
            "encrypted": false,
            "gridColumn": false,
            "collection": false,
            "inversedField": null,
            "ownsRelationship": false,
            "validation": {
                "required": false,
                "minlength": 0,
                "maxlength": 10485761
            },
            "bulkAction": {
                "allow": false,
                "buttonText": "",
                "buttonIcon": "",
                "buttonClass": "btn btn-default btn-sm"
            },
            "dataSourceFilters": null,
            "defaultValue": "",
            "tooltip": null,
            "visibility": true,
            "htmlEscape": null,
            "orphanRemoval": null,
            "readable": null,
            "writeable": true,
            "identifier": null,
            "unique": false,
            "recommend": false,
            "sattrib": "\/api\/3\/staging_model_metadatas\/439388eb-5354-485f-80fb-c3147c794df5",
            "uuid": "d787cfaf-35d9-4e33-8208-349df29f0b57",
            "displayName": "{{ detection }}",
            "descriptions": {
                "singular": "Detection"
            }
        },
        {
            "@id": "\/api\/3\/attribute_metadatas\/fca64856-9a86-4725-8a39-6ed60c45a381",
            "@type": "AttributeMetadata",
            "type": "string",
            "name": "permissionsRequired",
            "length": null,
            "orderIndex": 15,
            "formType": "text",
            "dataSource": null,
            "searchable": false,
            "peerReplicable": true,
            "system": false,
            "encrypted": false,
            "gridColumn": false,
            "collection": false,
            "inversedField": null,
            "ownsRelationship": false,
            "validation": {
                "required": false,
                "minlength": 0,
                "maxlength": 10485761
            },
            "bulkAction": {
                "allow": false,
                "buttonText": "",
                "buttonIcon": "",
                "buttonClass": "btn btn-default btn-sm"
            },
            "dataSourceFilters": null,
            "defaultValue": "",
            "tooltip": null,
            "visibility": true,
            "htmlEscape": null,
            "orphanRemoval": null,
            "readable": null,
            "writeable": true,
            "identifier": null,
            "unique": false,
            "recommend": false,
            "sattrib": "\/api\/3\/staging_model_metadatas\/439388eb-5354-485f-80fb-c3147c794df5",
            "uuid": "fca64856-9a86-4725-8a39-6ed60c45a381",
            "displayName": "{{ permissionsRequired }}",
            "descriptions": {
                "singular": "Permissions Required"
            }
        },
        {
            "@id": "\/api\/3\/attribute_metadatas\/a129334f-9d28-48f1-9adf-a7536e2b5315",
            "@type": "AttributeMetadata",
            "type": "string",
            "name": "dataSources",
            "length": null,
            "orderIndex": 16,
            "formType": "richtext",
            "dataSource": null,
            "searchable": true,
            "peerReplicable": true,
            "system": false,
            "encrypted": false,
            "gridColumn": false,
            "collection": false,
            "inversedField": null,
            "ownsRelationship": false,
            "validation": {
                "required": false,
                "minlength": 0,
                "maxlength": 10485761
            },
            "bulkAction": {
                "allow": false,
                "buttonText": "",
                "buttonIcon": "",
                "buttonClass": "btn btn-default btn-sm"
            },
            "dataSourceFilters": null,
            "defaultValue": null,
            "tooltip": null,
            "visibility": true,
            "htmlEscape": null,
            "orphanRemoval": null,
            "readable": null,
            "writeable": true,
            "identifier": null,
            "unique": false,
            "recommend": false,
            "sattrib": "\/api\/3\/staging_model_metadatas\/439388eb-5354-485f-80fb-c3147c794df5",
            "uuid": "a129334f-9d28-48f1-9adf-a7536e2b5315",
            "displayName": "{{ dataSources }}",
            "descriptions": {
                "singular": "Data Sources"
            }
        },
        {
            "@id": "\/api\/3\/attribute_metadatas\/0837024c-b277-4281-9f0c-f7820b1c1f06",
            "@type": "AttributeMetadata",
            "type": "mitre_sub_techniques",
            "name": "techniques",
            "length": null,
            "orderIndex": 2,
            "formType": "oneToMany",
            "dataSource": {
                "model": "mitre_sub_techniques"
            },
            "searchable": false,
            "peerReplicable": true,
            "system": false,
            "encrypted": false,
            "gridColumn": false,
            "collection": true,
            "inversedField": "parentTechnique",
            "ownsRelationship": true,
            "validation": {
                "required": false,
                "minlength": 0,
                "maxlength": 10485761,
                "_enableRange": false
            },
            "bulkAction": [],
            "dataSourceFilters": null,
            "defaultValue": null,
            "tooltip": null,
            "visibility": true,
            "htmlEscape": null,
            "orphanRemoval": true,
            "readable": null,
            "writeable": true,
            "identifier": null,
            "unique": false,
            "recommend": false,
            "sattrib": "\/api\/3\/staging_model_metadatas\/439388eb-5354-485f-80fb-c3147c794df5",
            "uuid": "0837024c-b277-4281-9f0c-f7820b1c1f06",
            "displayName": "{{ techniques }}",
            "descriptions": {
                "singular": "Sub-techniques"
            }
        },
        {
            "@id": "\/api\/3\/attribute_metadatas\/d73ed13c-cc5a-4da6-98bc-1396e6d536c3",
            "@type": "AttributeMetadata",
            "type": "mitre_software",
            "name": "software",
            "length": null,
            "orderIndex": 7,
            "formType": "manyToMany",
            "dataSource": {
                "model": "mitre_software"
            },
            "searchable": false,
            "peerReplicable": true,
            "system": false,
            "encrypted": false,
            "gridColumn": false,
            "collection": true,
            "inversedField": "techniques",
            "ownsRelationship": true,
            "validation": {
                "required": false,
                "minlength": 0,
                "maxlength": 10485761
            },
            "bulkAction": [],
            "dataSourceFilters": null,
            "defaultValue": null,
            "tooltip": null,
            "visibility": true,
            "htmlEscape": null,
            "orphanRemoval": null,
            "readable": null,
            "writeable": true,
            "identifier": null,
            "unique": false,
            "recommend": false,
            "sattrib": "\/api\/3\/staging_model_metadatas\/439388eb-5354-485f-80fb-c3147c794df5",
            "uuid": "d73ed13c-cc5a-4da6-98bc-1396e6d536c3",
            "displayName": "{{ software }}",
            "descriptions": {
                "singular": "Software"
            }
        },
        {
            "@id": "\/api\/3\/attribute_metadatas\/1e9c29f8-fb4e-4a8f-9fbb-82982fe70080",
            "@type": "AttributeMetadata",
            "type": "mitre_tactics",
            "name": "tactics",
            "length": null,
            "orderIndex": 17,
            "formType": "manyToMany",
            "dataSource": {
                "model": "mitre_tactics"
            },
            "searchable": false,
            "peerReplicable": true,
            "system": false,
            "encrypted": false,
            "gridColumn": false,
            "collection": true,
            "inversedField": "techniques",
            "ownsRelationship": true,
            "validation": {
                "required": false,
                "minlength": 0,
                "maxlength": 10485761
            },
            "bulkAction": [],
            "dataSourceFilters": null,
            "defaultValue": null,
            "tooltip": null,
            "visibility": true,
            "htmlEscape": null,
            "orphanRemoval": null,
            "readable": null,
            "writeable": true,
            "identifier": null,
            "unique": false,
            "recommend": false,
            "sattrib": "\/api\/3\/staging_model_metadatas\/439388eb-5354-485f-80fb-c3147c794df5",
            "uuid": "1e9c29f8-fb4e-4a8f-9fbb-82982fe70080",
            "displayName": "{{ tactics }}",
            "descriptions": {
                "singular": "Tactics"
            }
        },
        {
            "@id": "\/api\/3\/attribute_metadatas\/a44edcf7-fa3f-490d-9ade-d1b7fdefbe44",
            "@type": "AttributeMetadata",
            "type": "string",
            "name": "capecId",
            "length": null,
            "orderIndex": 4,
            "formType": "text",
            "dataSource": null,
            "searchable": false,
            "peerReplicable": true,
            "system": false,
            "encrypted": false,
            "gridColumn": false,
            "collection": false,
            "inversedField": null,
            "ownsRelationship": false,
            "validation": {
                "required": false,
                "minlength": 0,
                "maxlength": 10485761
            },
            "bulkAction": {
                "allow": false,
                "buttonText": "",
                "buttonIcon": "",
                "buttonClass": "btn btn-default btn-sm"
            },
            "dataSourceFilters": null,
            "defaultValue": "",
            "tooltip": null,
            "visibility": true,
            "htmlEscape": null,
            "orphanRemoval": null,
            "readable": null,
            "writeable": true,
            "identifier": null,
            "unique": false,
            "recommend": false,
            "sattrib": "\/api\/3\/staging_model_metadatas\/439388eb-5354-485f-80fb-c3147c794df5",
            "uuid": "a44edcf7-fa3f-490d-9ade-d1b7fdefbe44",
            "displayName": "{{ capecId }}",
            "descriptions": {
                "singular": "CAPEC ID"
            }
        },
        {
            "@id": "\/api\/3\/attribute_metadatas\/0c59f39e-b35b-4374-a75f-b339b2a43614",
            "@type": "AttributeMetadata",
            "type": "integer",
            "name": "lastModified",
            "length": null,
            "orderIndex": 5,
            "formType": "datetime",
            "dataSource": null,
            "searchable": true,
            "peerReplicable": true,
            "system": false,
            "encrypted": false,
            "gridColumn": false,
            "collection": false,
            "inversedField": null,
            "ownsRelationship": false,
            "validation": {
                "required": false,
                "minlength": 0,
                "maxlength": 10485761
            },
            "bulkAction": {
                "allow": false,
                "buttonText": "",
                "buttonIcon": "",
                "buttonClass": "btn btn-default btn-sm"
            },
            "dataSourceFilters": null,
            "defaultValue": null,
            "tooltip": null,
            "visibility": true,
            "htmlEscape": null,
            "orphanRemoval": null,
            "readable": null,
            "writeable": true,
            "identifier": null,
            "unique": false,
            "recommend": false,
            "sattrib": "\/api\/3\/staging_model_metadatas\/439388eb-5354-485f-80fb-c3147c794df5",
            "uuid": "0c59f39e-b35b-4374-a75f-b339b2a43614",
            "displayName": "{{ lastModified }}",
            "descriptions": {
                "singular": "Last Modified"
            }
        },
        {
            "@id": "\/api\/3\/attribute_metadatas\/543785a7-4d5f-4acf-a7d0-7e7cd49e16d9",
            "@type": "AttributeMetadata",
            "type": "mitre_mitigations",
            "name": "mitigations",
            "length": null,
            "orderIndex": 18,
            "formType": "manyToMany",
            "dataSource": {
                "model": "mitre_mitigations"
            },
            "searchable": false,
            "peerReplicable": true,
            "system": false,
            "encrypted": false,
            "gridColumn": false,
            "collection": true,
            "inversedField": "techniques",
            "ownsRelationship": true,
            "validation": {
                "required": false,
                "minlength": 0,
                "maxlength": 10485761
            },
            "bulkAction": [],
            "dataSourceFilters": null,
            "defaultValue": null,
            "tooltip": null,
            "visibility": true,
            "htmlEscape": null,
            "orphanRemoval": null,
            "readable": null,
            "writeable": true,
            "identifier": null,
            "unique": false,
            "recommend": false,
            "sattrib": "\/api\/3\/staging_model_metadatas\/439388eb-5354-485f-80fb-c3147c794df5",
            "uuid": "543785a7-4d5f-4acf-a7d0-7e7cd49e16d9",
            "displayName": "{{ mitigations }}",
            "descriptions": {
                "singular": "Mitigations"
            }
        }
    ],
    "system": false,
    "module": "mitre_techniques",
    "uuid": "439388eb-5354-485f-80fb-c3147c794df5",
    "displayName": "{{ name }}",
    "descriptions": {
        "singular": "Technique",
        "plural": "Techniques"
    }
}