{
    "@context": "\/api\/3\/contexts\/Role",
    "@id": "\/api\/3\/roles\/035fe251-fc8d-412d-88ca-8815e03c21cb",
    "@type": "Role",
    "description": "Permissions on all modules that represent Mitre ATT&CK content such as Groups, Tactics and Techniques",
    "name": "Mitre Admin",
    "modulePermissions": [
        {
            "@id": "\/api\/3\/module_permissions\/be4a1e2a-d479-483e-bdce-c6a3fad3309b",
            "@type": "ModulePermission",
            "canCreate": false,
            "canExecute": false,
            "canRead": false,
            "canUpdate": false,
            "canDelete": false,
            "fieldPermissions": [],
            "module": "agents",
            "uuid": "be4a1e2a-d479-483e-bdce-c6a3fad3309b"
        },
        {
            "@id": "\/api\/3\/module_permissions\/0ca6a114-28d5-4f05-8eb5-36f75d57ebc4",
            "@type": "ModulePermission",
            "canCreate": false,
            "canExecute": false,
            "canRead": false,
            "canUpdate": false,
            "canDelete": false,
            "fieldPermissions": [],
            "module": "alerts",
            "uuid": "0ca6a114-28d5-4f05-8eb5-36f75d57ebc4"
        },
        {
            "@id": "\/api\/3\/module_permissions\/4bfbb41b-d854-4103-8b7e-4631eb6f7b74",
            "@type": "ModulePermission",
            "canCreate": false,
            "canExecute": false,
            "canRead": false,
            "canUpdate": false,
            "canDelete": false,
            "fieldPermissions": [],
            "module": "announcements",
            "uuid": "4bfbb41b-d854-4103-8b7e-4631eb6f7b74"
        },
        {
            "@id": "\/api\/3\/module_permissions\/40a26850-7037-422d-9dc3-caf64174e4c2",
            "@type": "ModulePermission",
            "canCreate": false,
            "canExecute": false,
            "canRead": false,
            "canUpdate": false,
            "canDelete": false,
            "fieldPermissions": [],
            "module": "appliances",
            "uuid": "40a26850-7037-422d-9dc3-caf64174e4c2"
        },
        {
            "@id": "\/api\/3\/module_permissions\/fb4528dc-5b68-4ef6-85b5-09fb082d64c3",
            "@type": "ModulePermission",
            "canCreate": false,
            "canExecute": false,
            "canRead": true,
            "canUpdate": false,
            "canDelete": false,
            "fieldPermissions": [],
            "module": "application",
            "uuid": "fb4528dc-5b68-4ef6-85b5-09fb082d64c3"
        },
        {
            "@id": "\/api\/3\/module_permissions\/bc865689-7b5f-409b-8db3-fa3082129907",
            "@type": "ModulePermission",
            "canCreate": false,
            "canExecute": false,
            "canRead": false,
            "canUpdate": false,
            "canDelete": false,
            "fieldPermissions": [],
            "module": "approvals",
            "uuid": "bc865689-7b5f-409b-8db3-fa3082129907"
        },
        {
            "@id": "\/api\/3\/module_permissions\/b0eaf170-767a-40ba-a1e6-f04c01114ccb",
            "@type": "ModulePermission",
            "canCreate": false,
            "canExecute": false,
            "canRead": false,
            "canUpdate": false,
            "canDelete": false,
            "fieldPermissions": [],
            "module": "assets",
            "uuid": "b0eaf170-767a-40ba-a1e6-f04c01114ccb"
        },
        {
            "@id": "\/api\/3\/module_permissions\/2fc4491f-e1fd-45d6-b0a4-939b2baace84",
            "@type": "ModulePermission",
            "canCreate": false,
            "canExecute": false,
            "canRead": false,
            "canUpdate": false,
            "canDelete": false,
            "fieldPermissions": [],
            "module": "attachments",
            "uuid": "2fc4491f-e1fd-45d6-b0a4-939b2baace84"
        },
        {
            "@id": "\/api\/3\/module_permissions\/91c32d56-bceb-4011-a351-c069e621e046",
            "@type": "ModulePermission",
            "canCreate": false,
            "canExecute": false,
            "canRead": false,
            "canUpdate": false,
            "canDelete": false,
            "fieldPermissions": [],
            "module": "activities",
            "uuid": "91c32d56-bceb-4011-a351-c069e621e046"
        },
        {
            "@id": "\/api\/3\/module_permissions\/a7d59a99-ae11-46f6-9967-bed32246bb05",
            "@type": "ModulePermission",
            "canCreate": false,
            "canExecute": false,
            "canRead": false,
            "canUpdate": false,
            "canDelete": false,
            "fieldPermissions": [],
            "module": "comments",
            "uuid": "a7d59a99-ae11-46f6-9967-bed32246bb05"
        },
        {
            "@id": "\/api\/3\/module_permissions\/a97fe8ee-749c-46aa-8ec7-6c7b05eafb32",
            "@type": "ModulePermission",
            "canCreate": false,
            "canExecute": false,
            "canRead": false,
            "canUpdate": false,
            "canDelete": false,
            "fieldPermissions": [],
            "module": "companies",
            "uuid": "a97fe8ee-749c-46aa-8ec7-6c7b05eafb32"
        },
        {
            "@id": "\/api\/3\/module_permissions\/f1ad309a-a0eb-406b-8969-8153f8b4680a",
            "@type": "ModulePermission",
            "canCreate": false,
            "canExecute": false,
            "canRead": false,
            "canUpdate": false,
            "canDelete": false,
            "fieldPermissions": [],
            "module": "connectors",
            "uuid": "f1ad309a-a0eb-406b-8969-8153f8b4680a"
        },
        {
            "@id": "\/api\/3\/module_permissions\/5b43b56c-2064-4a8f-a78f-a90737559f08",
            "@type": "ModulePermission",
            "canCreate": false,
            "canExecute": false,
            "canRead": false,
            "canUpdate": false,
            "canDelete": false,
            "fieldPermissions": [],
            "module": "dashboard",
            "uuid": "5b43b56c-2064-4a8f-a78f-a90737559f08"
        },
        {
            "@id": "\/api\/3\/module_permissions\/53110bf1-65ae-4faf-8997-819539e0a6ef",
            "@type": "ModulePermission",
            "canCreate": false,
            "canExecute": false,
            "canRead": false,
            "canUpdate": false,
            "canDelete": false,
            "fieldPermissions": [],
            "module": "email_templates",
            "uuid": "53110bf1-65ae-4faf-8997-819539e0a6ef"
        },
        {
            "@id": "\/api\/3\/module_permissions\/20f2ce47-1ec0-4b35-ba3c-5e64aacb254b",
            "@type": "ModulePermission",
            "canCreate": false,
            "canExecute": false,
            "canRead": false,
            "canUpdate": false,
            "canDelete": false,
            "fieldPermissions": [],
            "module": "emails",
            "uuid": "20f2ce47-1ec0-4b35-ba3c-5e64aacb254b"
        },
        {
            "@id": "\/api\/3\/module_permissions\/b2d5d6d0-c504-41f1-ab9c-baac997273d7",
            "@type": "ModulePermission",
            "canCreate": false,
            "canExecute": false,
            "canRead": false,
            "canUpdate": false,
            "canDelete": false,
            "fieldPermissions": [],
            "module": "events",
            "uuid": "b2d5d6d0-c504-41f1-ab9c-baac997273d7"
        },
        {
            "@id": "\/api\/3\/module_permissions\/932b909e-2fb7-4b89-a773-09b5bea8c7bf",
            "@type": "ModulePermission",
            "canCreate": false,
            "canExecute": false,
            "canRead": false,
            "canUpdate": false,
            "canDelete": false,
            "fieldPermissions": [],
            "module": "files",
            "uuid": "932b909e-2fb7-4b89-a773-09b5bea8c7bf"
        },
        {
            "@id": "\/api\/3\/module_permissions\/80243e4b-addb-4d80-90d2-0ab29edc6cdb",
            "@type": "ModulePermission",
            "canCreate": false,
            "canExecute": false,
            "canRead": false,
            "canUpdate": false,
            "canDelete": false,
            "fieldPermissions": [],
            "module": "incidents",
            "uuid": "80243e4b-addb-4d80-90d2-0ab29edc6cdb"
        },
        {
            "@id": "\/api\/3\/module_permissions\/0976b2dc-0f08-46d9-8304-107d7815d4cf",
            "@type": "ModulePermission",
            "canCreate": false,
            "canExecute": false,
            "canRead": false,
            "canUpdate": false,
            "canDelete": false,
            "fieldPermissions": [],
            "module": "indicators",
            "uuid": "0976b2dc-0f08-46d9-8304-107d7815d4cf"
        },
        {
            "@id": "\/api\/3\/module_permissions\/6614d3c5-0dd4-4ee5-96f3-784c4c67bf03",
            "@type": "ModulePermission",
            "canCreate": false,
            "canExecute": false,
            "canRead": false,
            "canUpdate": false,
            "canDelete": false,
            "fieldPermissions": [],
            "module": "notes",
            "uuid": "6614d3c5-0dd4-4ee5-96f3-784c4c67bf03"
        },
        {
            "@id": "\/api\/3\/module_permissions\/d0286473-4ff4-4c03-a806-9f26d499ad48",
            "@type": "ModulePermission",
            "canCreate": false,
            "canExecute": false,
            "canRead": false,
            "canUpdate": false,
            "canDelete": false,
            "fieldPermissions": [],
            "module": "people",
            "uuid": "d0286473-4ff4-4c03-a806-9f26d499ad48"
        },
        {
            "@id": "\/api\/3\/module_permissions\/aea2c9f6-a8c5-4b5b-9f22-b023ecb37726",
            "@type": "ModulePermission",
            "canCreate": false,
            "canExecute": false,
            "canRead": false,
            "canUpdate": false,
            "canDelete": false,
            "fieldPermissions": [],
            "module": "workflows",
            "uuid": "aea2c9f6-a8c5-4b5b-9f22-b023ecb37726"
        },
        {
            "@id": "\/api\/3\/module_permissions\/10dc364b-d026-4af6-a952-062c76a164fc",
            "@type": "ModulePermission",
            "canCreate": false,
            "canExecute": false,
            "canRead": false,
            "canUpdate": false,
            "canDelete": false,
            "fieldPermissions": [],
            "module": "reporting",
            "uuid": "10dc364b-d026-4af6-a952-062c76a164fc"
        },
        {
            "@id": "\/api\/3\/module_permissions\/f6043f81-322a-4de8-ace9-291589a25f82",
            "@type": "ModulePermission",
            "canCreate": false,
            "canExecute": false,
            "canRead": false,
            "canUpdate": false,
            "canDelete": false,
            "fieldPermissions": [],
            "module": "routers",
            "uuid": "f6043f81-322a-4de8-ace9-291589a25f82"
        },
        {
            "@id": "\/api\/3\/module_permissions\/5b8b0ad3-f71b-4b12-9ed6-a24d41fdc611",
            "@type": "ModulePermission",
            "canCreate": false,
            "canExecute": false,
            "canRead": false,
            "canUpdate": false,
            "canDelete": false,
            "fieldPermissions": [],
            "module": "rules",
            "uuid": "5b8b0ad3-f71b-4b12-9ed6-a24d41fdc611"
        },
        {
            "@id": "\/api\/3\/module_permissions\/79ac09fb-3022-4424-9975-dfbe07670fbb",
            "@type": "ModulePermission",
            "canCreate": false,
            "canExecute": false,
            "canRead": false,
            "canUpdate": false,
            "canDelete": false,
            "fieldPermissions": [],
            "module": "sla_template",
            "uuid": "79ac09fb-3022-4424-9975-dfbe07670fbb"
        },
        {
            "@id": "\/api\/3\/module_permissions\/7d16242a-6e8e-4eba-b55f-d15e558bb5ed",
            "@type": "ModulePermission",
            "canCreate": false,
            "canExecute": false,
            "canRead": false,
            "canUpdate": false,
            "canDelete": false,
            "fieldPermissions": [],
            "module": "saved_reports",
            "uuid": "7d16242a-6e8e-4eba-b55f-d15e558bb5ed"
        },
        {
            "@id": "\/api\/3\/module_permissions\/2024e8fb-ec4f-44dc-9c75-e21257f07418",
            "@type": "ModulePermission",
            "canCreate": false,
            "canExecute": false,
            "canRead": false,
            "canUpdate": false,
            "canDelete": false,
            "fieldPermissions": [],
            "module": "scans",
            "uuid": "2024e8fb-ec4f-44dc-9c75-e21257f07418"
        },
        {
            "@id": "\/api\/3\/module_permissions\/69c81ea9-6521-4dae-8aa9-bfe5c74a6a5d",
            "@type": "ModulePermission",
            "canCreate": false,
            "canExecute": false,
            "canRead": false,
            "canUpdate": false,
            "canDelete": false,
            "fieldPermissions": [],
            "module": "schedules",
            "uuid": "69c81ea9-6521-4dae-8aa9-bfe5c74a6a5d"
        },
        {
            "@id": "\/api\/3\/module_permissions\/8b251cea-0a86-4c6a-8930-236e1d3bac14",
            "@type": "ModulePermission",
            "canCreate": false,
            "canExecute": false,
            "canRead": false,
            "canUpdate": false,
            "canDelete": false,
            "fieldPermissions": [],
            "module": "security",
            "uuid": "8b251cea-0a86-4c6a-8930-236e1d3bac14"
        },
        {
            "@id": "\/api\/3\/module_permissions\/5c0d82c3-8ab4-4ce6-938b-1ba0192a1db2",
            "@type": "ModulePermission",
            "canCreate": false,
            "canExecute": false,
            "canRead": false,
            "canUpdate": false,
            "canDelete": false,
            "fieldPermissions": [],
            "module": "system_assigned_queues",
            "uuid": "5c0d82c3-8ab4-4ce6-938b-1ba0192a1db2"
        },
        {
            "@id": "\/api\/3\/module_permissions\/fb2e58e9-c418-4eaa-a6ad-5ce48e173044",
            "@type": "ModulePermission",
            "canCreate": false,
            "canExecute": false,
            "canRead": false,
            "canUpdate": false,
            "canDelete": false,
            "fieldPermissions": [],
            "module": "tasks",
            "uuid": "fb2e58e9-c418-4eaa-a6ad-5ce48e173044"
        },
        {
            "@id": "\/api\/3\/module_permissions\/dd533e72-bb63-4a53-8acb-b78939929967",
            "@type": "ModulePermission",
            "canCreate": false,
            "canExecute": false,
            "canRead": false,
            "canUpdate": false,
            "canDelete": false,
            "fieldPermissions": [],
            "module": "tenants",
            "uuid": "dd533e72-bb63-4a53-8acb-b78939929967"
        },
        {
            "@id": "\/api\/3\/module_permissions\/0fb58213-6fe7-4bf9-93c4-64640470fbc8",
            "@type": "ModulePermission",
            "canCreate": false,
            "canExecute": false,
            "canRead": false,
            "canUpdate": false,
            "canDelete": false,
            "fieldPermissions": [],
            "module": "vulnerabilities",
            "uuid": "0fb58213-6fe7-4bf9-93c4-64640470fbc8"
        },
        {
            "@id": "\/api\/3\/module_permissions\/18d5e390-18cd-4fcd-9f5c-c1cfc97e4f55",
            "@type": "ModulePermission",
            "canCreate": false,
            "canExecute": false,
            "canRead": false,
            "canUpdate": false,
            "canDelete": false,
            "fieldPermissions": [],
            "module": "warrooms",
            "uuid": "18d5e390-18cd-4fcd-9f5c-c1cfc97e4f55"
        },
        {
            "@id": "\/api\/3\/module_permissions\/efe52b41-912c-4b07-9f5e-71b5fb9d61f1",
            "@type": "ModulePermission",
            "canCreate": false,
            "canExecute": false,
            "canRead": false,
            "canUpdate": false,
            "canDelete": false,
            "fieldPermissions": [],
            "module": "widgets",
            "uuid": "efe52b41-912c-4b07-9f5e-71b5fb9d61f1"
        },
        {
            "@id": "\/api\/3\/module_permissions\/87bf7aa9-0014-43b1-a0d7-00b554d61f7c",
            "@type": "ModulePermission",
            "canCreate": true,
            "canExecute": true,
            "canRead": true,
            "canUpdate": true,
            "canDelete": true,
            "fieldPermissions": [],
            "module": "mitre_software",
            "uuid": "87bf7aa9-0014-43b1-a0d7-00b554d61f7c"
        },
        {
            "@id": "\/api\/3\/module_permissions\/da6ee9ce-dd94-466a-822b-62f9b786058f",
            "@type": "ModulePermission",
            "canCreate": true,
            "canExecute": true,
            "canRead": true,
            "canUpdate": true,
            "canDelete": true,
            "fieldPermissions": [],
            "module": "mitre_groups",
            "uuid": "da6ee9ce-dd94-466a-822b-62f9b786058f"
        },
        {
            "@id": "\/api\/3\/module_permissions\/aab3e983-19ad-4592-bf5b-0ec56f5a5234",
            "@type": "ModulePermission",
            "canCreate": true,
            "canExecute": true,
            "canRead": true,
            "canUpdate": true,
            "canDelete": true,
            "fieldPermissions": [],
            "module": "mitre_mitigations",
            "uuid": "aab3e983-19ad-4592-bf5b-0ec56f5a5234"
        },
        {
            "@id": "\/api\/3\/module_permissions\/b6c05637-6acd-4f83-9724-0e4be4fe8f10",
            "@type": "ModulePermission",
            "canCreate": true,
            "canExecute": true,
            "canRead": true,
            "canUpdate": true,
            "canDelete": true,
            "fieldPermissions": [],
            "module": "mitre_sub_techniques",
            "uuid": "b6c05637-6acd-4f83-9724-0e4be4fe8f10"
        },
        {
            "@id": "\/api\/3\/module_permissions\/e23dc072-9e03-4ac3-b2ff-62ede71c9297",
            "@type": "ModulePermission",
            "canCreate": true,
            "canExecute": true,
            "canRead": true,
            "canUpdate": true,
            "canDelete": true,
            "fieldPermissions": [],
            "module": "mitre_tactics",
            "uuid": "e23dc072-9e03-4ac3-b2ff-62ede71c9297"
        },
        {
            "@id": "\/api\/3\/module_permissions\/4f22d3c3-8ac3-4a7d-ac8a-0c63cd949fa9",
            "@type": "ModulePermission",
            "canCreate": true,
            "canExecute": true,
            "canRead": true,
            "canUpdate": true,
            "canDelete": true,
            "fieldPermissions": [],
            "module": "mitre_techniques",
            "uuid": "4f22d3c3-8ac3-4a7d-ac8a-0c63cd949fa9"
        }
    ],
    "uuid": "035fe251-fc8d-412d-88ca-8815e03c21cb"
}