{
    "@context": "\/api\/3\/contexts\/WorkflowCollection",
    "@type": "WorkflowCollection",
    "name": "13 - MITRE ATT&CK\u2122 - Defense Evasion",
    "description": "Playbooks designed to hunt Defense Evasion Techniques identified in the MITRE ATT&CK Framework",
    "visible": true,
    "image": null,
    "uuid": "d53a0724-ef01-4a8b-b488-4fd588a54160",
    "id": 96,
    "createUser": "\/api\/3\/people\/3451141c-bac6-467c-8d72-85e0fab569ce",
    "createDate": 1633085064,
    "modifyUser": "\/api\/3\/people\/3451141c-bac6-467c-8d72-85e0fab569ce",
    "modifyDate": 1633085064,
    "recordTags": []
}