{
    "@type": "Workflow",
    "triggerLimit": null,
    "name": "HUNTS - Rogue Domain Controller (T1207)",
    "aliasName": null,
    "tag": "ATT&CK, Defense_Evasion, DCShadow",
    "description": "Hunts for execution of or network traffic generated by Mimikatz module DCShadow. The network-based portion of this playbook requires network detection signatures.",
    "isActive": false,
    "debug": false,
    "singleRecordExecution": false,
    "remoteExecutableFlag": false,
    "parameters": [],
    "synchronous": false,
    "lastModifyDate": 1633085062,
    "collection": "\/api\/3\/workflow_collections\/d53a0724-ef01-4a8b-b488-4fd588a54160",
    "versions": [],
    "triggerStep": "\/api\/3\/workflow_steps\/6bb83099-31da-464d-9f37-15567d0b5422",
    "steps": [
        {
            "@type": "WorkflowStep",
            "name": "Set SecurityOnion Elastic hunt times",
            "description": null,
            "arguments": {
                "SecOnionHuntEnd": "{% if vars.input.records[0].huntEnd  %}{{arrow.get(vars.input.records[0].huntEnd).format('YYYY-MM-DDTHH:mm:ss.SSSZ')}}{% else %}now{% endif %}",
                "SecOnionHuntStart": "{{ arrow.get(vars.input.records[0].huntStart).format('YYYY-MM-DDTHH:mm:ss.SSSZ') }}"
            },
            "status": null,
            "top": "260",
            "left": "640",
            "stepType": "\/api\/3\/workflow_step_types\/04d0cf46-b6a8-42c4-8683-60a7eaa69e8f",
            "uuid": "24896c0c-97dd-4697-b394-b575917835ab",
            "id": 4526
        },
        {
            "@type": "WorkflowStep",
            "name": "Which SIEM",
            "description": null,
            "arguments": {
                "conditions": [
                    {
                        "option": "Splunk",
                        "step_iri": "\/api\/3\/workflow_steps\/b3fa77e3-3cee-4352-a005-45a4fdf0a9a1",
                        "condition": "{{ vars.input.params.siem.itemValue == \"Splunk\" }}"
                    },
                    {
                        "option": "Elasticsearch",
                        "step_iri": "\/api\/3\/workflow_steps\/bf6f1ad2-988a-4716-b45a-d2d4ab5feb16",
                        "condition": "{{ vars.input.params.siem.itemValue == \"Elastic\" }}"
                    }
                ]
            },
            "status": null,
            "top": "52",
            "left": "311",
            "stepType": "\/api\/3\/workflow_step_types\/12254cf5-5db7-4b1a-8cb1-3af081924b28",
            "uuid": "3963fd6c-ed69-4f6d-b1b1-57389aa9a410",
            "id": 4527
        },
        {
            "@type": "WorkflowStep",
            "name": "Get Splunk Results",
            "description": null,
            "arguments": {
                "name": "Splunk",
                "config": "55bf97af-75c2-45ca-ae75-f4d27220cc52",
                "params": {
                    "sid": "{'value': \"{{vars.steps.Query_Splunk.data.sid}}\"}",
                    "additional_args": "{\"a\":\"B\"}"
                },
                "version": "1.4.0",
                "do_until": {
                    "delay": "1",
                    "retries": "300",
                    "condition": "{{\"results\" in vars.result.data}}"
                },
                "connector": "splunk",
                "operation": "get_results",
                "operationTitle": "Get Results for a Search",
                "step_variables": []
            },
            "status": null,
            "top": "8",
            "left": "1300",
            "stepType": "\/api\/3\/workflow_step_types\/0bfed618-0316-11e7-93ae-92361f002671",
            "uuid": "c5294309-e886-427a-96ca-13a1676fb355",
            "id": 4528
        },
        {
            "@type": "WorkflowStep",
            "name": "Query Security Onion Elastic",
            "description": "Queries the ELK stack within Security Onion for network events indicative of a potential DCshadow attack.",
            "arguments": {
                "name": "ElasticSearch",
                "config": "8d03a01d-1cef-40a8-992a-63d8de2b339f",
                "params": {
                    "index": "*logstash-ids*",
                    "query": "{   \"size\": 0,   \"query\": {     \"bool\": {       \"must\": [         {           \"match\": {             \"alert\": \"*DCshadow*\"           }         }       ],       \"filter\": {         \"range\": {           \"@timestamp\": {             \"gte\": \"{{vars.SecOnionHuntStart}}\",             \"lte\": \"{{vars.SecOnionHuntEnd}}\"           }         }       }     }   },   \"aggregations\": {     \"IP_Combinations\": {       \"composite\": {         \"sources\": [           {             \"sourceIP\": {               \"terms\": {                 \"field\": \"source_ip.keyword\"               }             }           },           {             \"destIP\": {               \"terms\": {                 \"field\": \"destination_ip.keyword\"               }             }           }         ]       },       \"aggregations\": {         \"top_hit\": {           \"top_hits\": {             \"size\": 1           }         }       }     }   } }",
                    "routing": "",
                    "doc_type": "",
                    "run_as_user": ""
                },
                "version": "2.2.0",
                "connector": "elasticsearch",
                "operation": "execute_query",
                "operationTitle": "Execute Query",
                "step_variables": []
            },
            "status": null,
            "top": "260",
            "left": "1000",
            "stepType": "\/api\/3\/workflow_step_types\/0bfed618-0316-11e7-93ae-92361f002671",
            "uuid": "823f1c51-28c6-40b1-b9e3-9bbe001f7557",
            "id": 4529
        },
        {
            "@type": "WorkflowStep",
            "name": "No Security Onion Query",
            "description": null,
            "arguments": {
                "params": [],
                "version": "2.4.0",
                "connector": "cyops_utilities",
                "operation": "no_op",
                "operationTitle": "Utils: No Operation",
                "step_variables": []
            },
            "status": null,
            "top": "380",
            "left": "320",
            "stepType": "\/api\/3\/workflow_step_types\/0109f35d-090b-4a2b-bd8a-94cbc3508562",
            "uuid": "7008ce24-e353-4653-8a3b-92aaa0f7c01c",
            "id": 4530
        },
        {
            "@type": "WorkflowStep",
            "name": "Set Splunk hunt times",
            "description": null,
            "arguments": {
                "splunkHuntEnd": "{% if vars.input.records[0].huntEnd %}latest={{vars.input.records[0].huntEnd}}{% endif %}",
                "splunkHuntStart": "earliest={{vars.input.records[0].huntStart}}"
            },
            "status": null,
            "top": "8",
            "left": "640",
            "stepType": "\/api\/3\/workflow_step_types\/04d0cf46-b6a8-42c4-8683-60a7eaa69e8f",
            "uuid": "b3fa77e3-3cee-4352-a005-45a4fdf0a9a1",
            "id": 4531
        },
        {
            "@type": "WorkflowStep",
            "name": "Set Elastic hunt times",
            "description": null,
            "arguments": {
                "elasticHuntEnd": "{% if vars.input.records[0].huntEnd %} {{ arrow.get(vars.input.records[0].huntEnd).format('YYYY-MM-DDTHH:mm:ss.SSSSSSSSSZ') }} {% else %} now {% endif %}",
                "elasticHuntStart": "{{ arrow.get(vars.input.records[0].huntStart).format('YYYY-MM-DDTHH:mm:ss.SSSSSSSSSZ') }}"
            },
            "status": null,
            "top": "168",
            "left": "640",
            "stepType": "\/api\/3\/workflow_step_types\/04d0cf46-b6a8-42c4-8683-60a7eaa69e8f",
            "uuid": "bf6f1ad2-988a-4716-b45a-d2d4ab5feb16",
            "id": 4532
        },
        {
            "@type": "WorkflowStep",
            "name": "Start",
            "description": null,
            "arguments": {
                "route": "52a0debe-7ec2-4c0b-b096-df149c2632d4",
                "title": "T1207 - Hunt for Rogue Domain Controller",
                "resources": [
                    "hunt"
                ],
                "inputVariables": [
                    {
                        "name": "siem",
                        "type": "picklists",
                        "label": "SIEM",
                        "title": "Picklist",
                        "usable": true,
                        "tooltip": "Choose your SIEM",
                        "dataType": "picklist",
                        "formType": "picklist",
                        "required": true,
                        "_expanded": true,
                        "collection": false,
                        "dataSource": {
                            "model": "picklists",
                            "query": {
                                "sort": [
                                    {
                                        "field": "orderIndex",
                                        "direction": "ASC"
                                    }
                                ],
                                "logic": "AND",
                                "filters": [
                                    {
                                        "field": "listName__name",
                                        "value": "SIEMs",
                                        "operator": "eq"
                                    }
                                ]
                            },
                            "displayConditions": {
                                "876c1483-416b-4d2f-8138-15769ae16d5c": {
                                    "conditions": null,
                                    "visibility": "visible"
                                },
                                "bcebcab1-3f93-468a-9f3f-91e5c511a0b5": {
                                    "conditions": null,
                                    "visibility": "visible"
                                }
                            }
                        },
                        "searchable": false,
                        "templateUrl": "app\/components\/form\/fields\/typeahead.html",
                        "_nameTouched": true,
                        "defaultValue": {
                            "id": 280,
                            "@id": "\/api\/3\/picklists\/876c1483-416b-4d2f-8138-15769ae16d5c",
                            "icon": null,
                            "@type": "Picklist",
                            "color": null,
                            "display": "Elastic",
                            "listName": "\/api\/3\/picklist_names\/98830189-afff-40e6-bed1-94012551dc67",
                            "itemValue": "Elastic",
                            "orderIndex": 1
                        },
                        "displayTemplate": "{{ itemValue }}",
                        "allowedEncryption": false,
                        "allowedGridColumn": true,
                        "useRecordFieldDefault": false
                    },
                    {
                        "name": "seconion",
                        "type": "boolean",
                        "label": "Query Security Onion?",
                        "title": "Checkbox",
                        "usable": true,
                        "tooltip": "Query Security Onion for IDS Alerts",
                        "dataType": "checkbox",
                        "formType": "checkbox",
                        "required": false,
                        "_expanded": true,
                        "collection": false,
                        "searchable": true,
                        "templateUrl": "app\/components\/form\/fields\/checkbox.html",
                        "_nameTouched": true,
                        "defaultValue": null,
                        "allowedEncryption": false,
                        "allowedGridColumn": true,
                        "useRecordFieldDefault": false
                    }
                ],
                "step_variables": {
                    "input": {
                        "params": {
                            "siem": "{{vars.request.data[\"siem\"]}}",
                            "seconion": "{{vars.request.data[\"seconion\"]}}"
                        },
                        "records": "{{vars.input.records}}"
                    }
                },
                "_promptexpanded": true,
                "displayConditions": {
                    "hunt": {
                        "sort": [],
                        "limit": 30,
                        "logic": "AND",
                        "filters": []
                    },
                    "alerts": {
                        "sort": [],
                        "limit": 30,
                        "logic": "AND",
                        "filters": []
                    }
                },
                "executeButtonText": "Execute",
                "noRecordExecution": false,
                "singleRecordExecution": false
            },
            "status": null,
            "top": "100",
            "left": "20",
            "stepType": "\/api\/3\/workflow_step_types\/f414d039-bb0d-4e59-9c39-a8f1e880b18a",
            "uuid": "6bb83099-31da-464d-9f37-15567d0b5422",
            "id": 4533
        },
        {
            "@type": "WorkflowStep",
            "name": "Query Splunk",
            "description": "Queries Splunk for Sysmon events for Mimikatz with lsadump::dcshadow as a command line parameter",
            "arguments": {
                "name": "Splunk",
                "config": "55bf97af-75c2-45ca-ae75-f4d27220cc52",
                "params": {
                    "query": "index=\"sysmon\" {{vars.splunkHuntStart}} {{vars.splunkHuntEnd}} EventCode=1 CommandLine=\"*lsadump::dcshadow*\" | table host Image MD5 ParentImage User CommandLine process_exec vendor_product TimeCreated ParentProcessId ProcessId ParentCommandLine ProcessGuid UtcTime EventChannel Computer",
                    "exec_mode": "",
                    "auto_cancel": "",
                    "latest_time": "",
                    "earliest_time": "",
                    "additional_search_args": "{\"a\":\"B\"}"
                },
                "version": "1.5.0",
                "connector": "splunk",
                "operation": "invoke_search",
                "operationTitle": "Invoke Search",
                "step_variables": []
            },
            "status": null,
            "top": "8",
            "left": "1000",
            "stepType": "\/api\/3\/workflow_step_types\/0bfed618-0316-11e7-93ae-92361f002671",
            "uuid": "23ef2b97-2c62-4d16-be01-a054ba7b309d",
            "id": 4534
        },
        {
            "@type": "WorkflowStep",
            "name": "Security Onion Query",
            "description": null,
            "arguments": {
                "conditions": [
                    {
                        "option": "No",
                        "default": true,
                        "step_iri": "\/api\/3\/workflow_steps\/7008ce24-e353-4653-8a3b-92aaa0f7c01c"
                    },
                    {
                        "option": "SecOnion",
                        "step_iri": "\/api\/3\/workflow_steps\/24896c0c-97dd-4697-b394-b575917835ab",
                        "condition": "{{ vars.input.params.seconion == True }}"
                    }
                ]
            },
            "status": null,
            "top": "260",
            "left": "320",
            "stepType": "\/api\/3\/workflow_step_types\/12254cf5-5db7-4b1a-8cb1-3af081924b28",
            "uuid": "96d754fe-b727-4723-972b-f6c38e84b355",
            "id": 4535
        },
        {
            "@type": "WorkflowStep",
            "name": "Deduplicate Comments",
            "description": null,
            "arguments": {
                "arguments": {
                    "hunt_iri": "{{vars.input.records[0]['@id']}}"
                },
                "step_variables": [],
                "workflowReference": "\/api\/3\/workflows\/3fd311be-a1c6-41c7-99a3-8794b33d8f8a"
            },
            "status": null,
            "top": "168",
            "left": "1994",
            "stepType": "\/api\/3\/workflow_step_types\/74932bdc-b8b6-4d24-88c4-1a4dfbc524f3",
            "uuid": "d66b7483-d958-4604-91c0-2c17bf5602a2",
            "id": 4536
        },
        {
            "@type": "WorkflowStep",
            "name": "Query Elastic for Sysmon logs",
            "description": null,
            "arguments": {
                "name": "ElasticSearch",
                "config": "8d03a01d-1cef-40a8-992a-63d8de2b339f",
                "params": {
                    "index": "logstash-beats-*",
                    "query": "event_id:1 AND event_type:sysmon AND @timestamp:{ {{vars.elasticHuntStart}} TO {{vars.elasticHuntEnd}} } AND event_data.CommandLine:\"*lsadump\\:\\:dcshadow*\"",
                    "run_as_user": ""
                },
                "version": "2.2.0",
                "connector": "elasticsearch",
                "operation": "execute_lucene_query",
                "operationTitle": "Execute Lucene Query",
                "step_variables": []
            },
            "status": null,
            "top": "168",
            "left": "1000",
            "stepType": "\/api\/3\/workflow_step_types\/0bfed618-0316-11e7-93ae-92361f002671",
            "uuid": "4a383d26-d2f9-442c-a00c-23202e133fb2",
            "id": 4537
        },
        {
            "@type": "WorkflowStep",
            "name": "Copy  of Create and Link Alert",
            "description": null,
            "arguments": {
                "for_each": {
                    "item": "{{vars.steps.Query_Elastic_for_Sysmon_logs.data.hits.hits}}",
                    "condition": ""
                },
                "arguments": {
                    "MD5": "{{vars.item._source.event_data.Hashes.split(\"MD5=\")[1].split(',')[0]}}",
                    "url": "",
                    "source": "{{vars.item._source.source_name}}",
                    "comment": "SIEM query identified Mimikatz module DCShadow execution from {{vars.item._source.image_path.split(\"\\\\\")[-1]}} on {{vars.item._source.beat.hostname}} at {{vars.item._source.event_data.UtcTime}}.",
                    "huntIRI": "{{vars.input.records[0]['@id']}}",
                    "service": "",
                    "filePath": "{{vars.item._source.image_path}}",
                    "hostName": "{{vars.item._source.beat.hostname}}",
                    "sourceIP": "null",
                    "userName": "{{vars.item._source.username}}",
                    "alertName": "ATT&CK-DCShadow-{{vars.item._source.image_path.split(\"\\\\\")[-1]}} executed with DCShadow commandline arguments",
                    "epochTime": "{{arrow.get(vars.item._source.event_data.UtcTime).timestamp}}",
                    "eventName": "",
                    "eventTime": "{{vars.item._source.event_data.UtcTime}}",
                    "processID": "{{vars.item._source.event_data.ProcessId}}",
                    "technique": "DCShadow",
                    "sourceData": "{{vars.item}}",
                    "sourceTool": "{{vars.item._source.source_name}}",
                    "commandline": "{{vars.item._source.event_data.CommandLine}}",
                    "description": "A command line argument was passed containing \"lsadump::dcshadow\". This is indicative of attempted execution of Mimikatz module DCShadow, which is used to cause a host to masquerade as a Domain Controller. This host should be investigated for further signs of compromise.",
                    "processGUID": "{{vars.item._source.event_data.ProcessGuid}}",
                    "processName": "{{vars.item._source.image_path.split(\"\\\\\")[-1]}}",
                    "registryKey": "",
                    "sourceImage": "",
                    "targetImage": "",
                    "computerName": "{{vars.item._source.computer_name}}",
                    "destinationIP": "null",
                    "mitre_tech_id": "T1207",
                    "parentProcess": "{{vars.item._source.parent_image_path}}",
                    "scheduledTask": "",
                    "bitstransferid": "",
                    "parentProcessID": "{{vars.item._source.event_data.ParentProcessId}}",
                    "bytestransferred": "",
                    "registryKeyValue": "",
                    "parentCommandLine": "{{vars.item._source.event_data.ParentCommandLine}}",
                    "decodedCommandLine": ""
                },
                "apply_async": false,
                "step_variables": [],
                "workflowReference": "\/api\/3\/workflows\/bf7d418b-7ff3-44c1-b473-90d0a03c4641"
            },
            "status": null,
            "top": "168",
            "left": "1631",
            "stepType": "\/api\/3\/workflow_step_types\/74932bdc-b8b6-4d24-88c4-1a4dfbc524f3",
            "uuid": "47e46b47-3d91-45e4-8f07-50460f06a81e",
            "id": 4538
        },
        {
            "@type": "WorkflowStep",
            "name": "Copy  of Copy  of Create and Link Network Alert",
            "description": null,
            "arguments": {
                "for_each": {
                    "item": "{{vars.steps.Query_Security_Onion_Elastic.data.aggregations.IP_Combinations.buckets}}",
                    "condition": ""
                },
                "arguments": {
                    "comment": "SIEM query identified a non-Domain Controller host at {{vars.item.top_hit.hits.hits[0]._source.source_ips}} attempting to push changes to Active Directory using the DRSUAPI, which is potentially indicative of Mimikatz's DCShadow module being used, at {{vars.item.top_hit.hits.hits[0]._source[\"@timestamp\"]}}",
                    "huntIRI": "{{vars.input.records[0]['@id']}}",
                    "hostName": "",
                    "sourceIP": "{{vars.item.top_hit.hits.hits[0]._source.source_ip}}",
                    "userName": "",
                    "alertName": "ATT&CK-DCShadow-{{vars.item.top_hit.hits.hits[0]._source.destination_ip}} targeted by potential DCShadow attack",
                    "epochTime": "{{arrow.get(vars.item.top_hit.hits.hits[0]._source['@timestamp']).timestamp}}",
                    "eventName": "{{vars.item.top_hit.hits.hits[0]._source.alert}}",
                    "eventTime": "{{vars.item.top_hit.hits.hits[0]._source[\"@timestamp\"]}}",
                    "technique": "DCShadow",
                    "sourceData": "{{vars.item.top_hit.hits.hits[0]._source}}",
                    "sourcePort": "{{vars.item.top_hit.hits.hits[0]._source.source_port}}",
                    "sourceTool": "IDS",
                    "description": "A non-Domain Controller has been observed attempting to make changes to Active Directory using the DRSUAPI. This may be indicative of DCShadow usage. The initiating host should be investigated for further signs of compromise.",
                    "mitreTechId": "T1207",
                    "destinationIP": "{{vars.item.top_hit.hits.hits[0]._source.destination_ip}}",
                    "destinationPort": "{{vars.item.top_hit.hits.hits[0]._source.destination_port}}"
                },
                "apply_async": false,
                "step_variables": [],
                "workflowReference": "\/api\/3\/workflows\/4c558395-6eba-4ef9-b416-6056749487f7"
            },
            "status": null,
            "top": "260",
            "left": "1626",
            "stepType": "\/api\/3\/workflow_step_types\/74932bdc-b8b6-4d24-88c4-1a4dfbc524f3",
            "uuid": "4042c2d2-511b-48bd-8e4b-335adca9ee84",
            "id": 4539
        },
        {
            "@type": "WorkflowStep",
            "name": "Create and Link Alert",
            "description": null,
            "arguments": {
                "for_each": {
                    "item": "{{vars.steps.Get_Splunk_Results.data.results}}",
                    "condition": ""
                },
                "arguments": {
                    "MD5": "{{vars.item.MD5}}",
                    "url": "",
                    "source": "{{vars.item.EventChannel}}",
                    "comment": "SIEM query identified Mimikatz module DCShadow execution from {{vars.item.process_exec}} on {{vars.item.host}} at {{vars.item.UtcTime}}.",
                    "huntIRI": "{{vars.input.records[0]['@id']}}",
                    "service": "",
                    "filePath": "{{vars.item.Image}}",
                    "hostName": "{{vars.item.host}}",
                    "sourceIP": "null",
                    "userName": "{{vars.item.User}}",
                    "alertName": "ATT&CK-DCShadow-{{vars.item.process_exec}} executed with DCShadow commandline arguments",
                    "epochTime": "{{ arrow.get(vars.item.UtcTime).timestamp }}",
                    "eventName": "",
                    "eventTime": "{{vars.item.UtcTime}}",
                    "processID": "{{vars.item.ProcessId}}",
                    "technique": "DCShadow",
                    "sourceData": "{{vars.item}}",
                    "sourceTool": "{{vars.item.vendor_product}}",
                    "commandline": "{{vars.item.CommandLine}}",
                    "description": "A command line argument was passed containing \"lsadump::dcshadow\". This is indicative of attempted execution of Mimikatz module DCShadow, which is used to cause a host to masquerade as a Domain Controller. This host should be investigated for further signs of compromise.",
                    "processGUID": "{{vars.item.ProcessGuid}}",
                    "processName": "{{vars.item.process_exec}}",
                    "registryKey": "",
                    "sourceImage": "",
                    "targetImage": "",
                    "computerName": "{{vars.item.Computer}}",
                    "destinationIP": "null",
                    "mitre_tech_id": "T1207",
                    "parentProcess": "{{vars.item.ParentImage}}",
                    "scheduledTask": "",
                    "bitstransferid": "",
                    "parentProcessID": "{{vars.item.ParentProcessId}}",
                    "bytestransferred": "",
                    "registryKeyValue": "",
                    "parentCommandLine": "{{vars.item.ParentCommandLine}}",
                    "decodedCommandLine": ""
                },
                "apply_async": false,
                "step_variables": [],
                "workflowReference": "\/api\/3\/workflows\/bf7d418b-7ff3-44c1-b473-90d0a03c4641"
            },
            "status": null,
            "top": "8",
            "left": "1632",
            "stepType": "\/api\/3\/workflow_step_types\/74932bdc-b8b6-4d24-88c4-1a4dfbc524f3",
            "uuid": "76b258fe-4b2f-450b-8920-009382f14649",
            "id": 4540
        }
    ],
    "routes": [
        {
            "@type": "WorkflowRoute",
            "name": "Which SIEM -> Set Splunk hunt times",
            "targetStep": "\/api\/3\/workflow_steps\/b3fa77e3-3cee-4352-a005-45a4fdf0a9a1",
            "sourceStep": "\/api\/3\/workflow_steps\/3963fd6c-ed69-4f6d-b1b1-57389aa9a410",
            "label": "Splunk",
            "isExecuted": false,
            "uuid": "67072c20-033d-488b-aed1-673185d3ec75"
        },
        {
            "@type": "WorkflowRoute",
            "name": "Security Onion Query -> Set SecurityOnion Elastic hunt times",
            "targetStep": "\/api\/3\/workflow_steps\/24896c0c-97dd-4697-b394-b575917835ab",
            "sourceStep": "\/api\/3\/workflow_steps\/96d754fe-b727-4723-972b-f6c38e84b355",
            "label": "SecOnion",
            "isExecuted": false,
            "uuid": "fd3f8c89-9552-47ae-906c-5464337f759f"
        },
        {
            "@type": "WorkflowRoute",
            "name": "Copy  of Create and Link Alert -> Deduplicate Comments",
            "targetStep": "\/api\/3\/workflow_steps\/d66b7483-d958-4604-91c0-2c17bf5602a2",
            "sourceStep": "\/api\/3\/workflow_steps\/47e46b47-3d91-45e4-8f07-50460f06a81e",
            "label": null,
            "isExecuted": false,
            "uuid": "7f452167-4e29-4a2d-a261-fbbc74275be1"
        },
        {
            "@type": "WorkflowRoute",
            "name": "Copy  of Copy  of Create and Link Network Alert -> Deduplicate Comments",
            "targetStep": "\/api\/3\/workflow_steps\/d66b7483-d958-4604-91c0-2c17bf5602a2",
            "sourceStep": "\/api\/3\/workflow_steps\/4042c2d2-511b-48bd-8e4b-335adca9ee84",
            "label": null,
            "isExecuted": false,
            "uuid": "fc17ab50-e439-4074-9b43-1071cc228041"
        },
        {
            "@type": "WorkflowRoute",
            "name": "Query Elastic for Sysmon logs -> Copy  of Create and Link Alert",
            "targetStep": "\/api\/3\/workflow_steps\/47e46b47-3d91-45e4-8f07-50460f06a81e",
            "sourceStep": "\/api\/3\/workflow_steps\/4a383d26-d2f9-442c-a00c-23202e133fb2",
            "label": null,
            "isExecuted": false,
            "uuid": "5387b7cd-2f5a-4c76-b24f-9b558432426f"
        },
        {
            "@type": "WorkflowRoute",
            "name": "Create and Link Alert -> Deduplicate Comments",
            "targetStep": "\/api\/3\/workflow_steps\/d66b7483-d958-4604-91c0-2c17bf5602a2",
            "sourceStep": "\/api\/3\/workflow_steps\/76b258fe-4b2f-450b-8920-009382f14649",
            "label": null,
            "isExecuted": false,
            "uuid": "13cf71ab-0ed2-499c-8406-b7d09342b033"
        },
        {
            "@type": "WorkflowRoute",
            "name": "Start -> Security Onion Query",
            "targetStep": "\/api\/3\/workflow_steps\/96d754fe-b727-4723-972b-f6c38e84b355",
            "sourceStep": "\/api\/3\/workflow_steps\/6bb83099-31da-464d-9f37-15567d0b5422",
            "label": null,
            "isExecuted": false,
            "uuid": "4c17b3f7-2b23-41d4-aa1a-e4bf3ac8c67e"
        },
        {
            "@type": "WorkflowRoute",
            "name": "Get Splunk Results -> Create Host Alert",
            "targetStep": "\/api\/3\/workflow_steps\/76b258fe-4b2f-450b-8920-009382f14649",
            "sourceStep": "\/api\/3\/workflow_steps\/c5294309-e886-427a-96ca-13a1676fb355",
            "label": null,
            "isExecuted": false,
            "uuid": "fef8bd43-34d8-45cd-a10d-76d21040d118"
        },
        {
            "@type": "WorkflowRoute",
            "name": "Query Splunk -> Get Splunk Results",
            "targetStep": "\/api\/3\/workflow_steps\/c5294309-e886-427a-96ca-13a1676fb355",
            "sourceStep": "\/api\/3\/workflow_steps\/23ef2b97-2c62-4d16-be01-a054ba7b309d",
            "label": null,
            "isExecuted": false,
            "uuid": "db12b946-38d3-4c97-816b-1699b4925798"
        },
        {
            "@type": "WorkflowRoute",
            "name": "Start -> Which SIEM",
            "targetStep": "\/api\/3\/workflow_steps\/3963fd6c-ed69-4f6d-b1b1-57389aa9a410",
            "sourceStep": "\/api\/3\/workflow_steps\/6bb83099-31da-464d-9f37-15567d0b5422",
            "label": null,
            "isExecuted": false,
            "uuid": "4131eed1-729e-4aa6-a3a9-3be8775a8b01"
        },
        {
            "@type": "WorkflowRoute",
            "name": "Which SIEM -> Set Elastic hunt times",
            "targetStep": "\/api\/3\/workflow_steps\/bf6f1ad2-988a-4716-b45a-d2d4ab5feb16",
            "sourceStep": "\/api\/3\/workflow_steps\/3963fd6c-ed69-4f6d-b1b1-57389aa9a410",
            "label": "Elasticsearch",
            "isExecuted": false,
            "uuid": "66bbc0fd-204a-42be-a795-308fe2737280"
        },
        {
            "@type": "WorkflowRoute",
            "name": "Set Elastic hunt times -> Query Elastic for Sysmon logs",
            "targetStep": "\/api\/3\/workflow_steps\/4a383d26-d2f9-442c-a00c-23202e133fb2",
            "sourceStep": "\/api\/3\/workflow_steps\/bf6f1ad2-988a-4716-b45a-d2d4ab5feb16",
            "label": null,
            "isExecuted": false,
            "uuid": "6b88e58c-0d2b-4372-bfd1-09020a841f25"
        },
        {
            "@type": "WorkflowRoute",
            "name": "Query Security Onion Elastic -> Copy  of Copy  of Create and Link Network Alert",
            "targetStep": "\/api\/3\/workflow_steps\/4042c2d2-511b-48bd-8e4b-335adca9ee84",
            "sourceStep": "\/api\/3\/workflow_steps\/823f1c51-28c6-40b1-b9e3-9bbe001f7557",
            "label": null,
            "isExecuted": false,
            "uuid": "956cd08a-7549-4611-8d7b-cb751ac89452"
        },
        {
            "@type": "WorkflowRoute",
            "name": "Security Onion Query -> No Security Onion Query",
            "targetStep": "\/api\/3\/workflow_steps\/7008ce24-e353-4653-8a3b-92aaa0f7c01c",
            "sourceStep": "\/api\/3\/workflow_steps\/96d754fe-b727-4723-972b-f6c38e84b355",
            "label": "No",
            "isExecuted": false,
            "uuid": "21731239-ec0b-42bc-9458-979926d9078f"
        },
        {
            "@type": "WorkflowRoute",
            "name": "Set Splunk hunt times -> Query Splunk",
            "targetStep": "\/api\/3\/workflow_steps\/23ef2b97-2c62-4d16-be01-a054ba7b309d",
            "sourceStep": "\/api\/3\/workflow_steps\/b3fa77e3-3cee-4352-a005-45a4fdf0a9a1",
            "label": null,
            "isExecuted": false,
            "uuid": "84f72c7d-1c8d-41d1-b770-8de57d4a0f92"
        },
        {
            "@type": "WorkflowRoute",
            "name": "Set SecurityOnion Elastic hunt times -> Query Security Onion Elastic",
            "targetStep": "\/api\/3\/workflow_steps\/823f1c51-28c6-40b1-b9e3-9bbe001f7557",
            "sourceStep": "\/api\/3\/workflow_steps\/24896c0c-97dd-4697-b394-b575917835ab",
            "label": null,
            "isExecuted": false,
            "uuid": "40a05b8b-05b0-4039-96bb-a0372f8e1ea2"
        }
    ],
    "priority": null,
    "uuid": "00e0fc49-d7c6-4a18-abcf-f9a7abaafce9",
    "recordTags": [],
    "id": 1176,
    "createUser": "\/api\/3\/people\/3451141c-bac6-467c-8d72-85e0fab569ce",
    "createDate": 1633085064,
    "modifyUser": "\/api\/3\/people\/3451141c-bac6-467c-8d72-85e0fab569ce",
    "modifyDate": 1633085064,
    "owners": [],
    "isPrivate": false
}