{
    "@type": "Workflow",
    "triggerLimit": null,
    "name": "HUNTS - Deobfuscate\/Decode Files or Information (T1140)",
    "aliasName": null,
    "tag": "ATT&CK, Defense_Evasion, Certutil, Copy, Deobfuscate_Decode_Files_or_Information",
    "description": "Identifies use of Certutil or copy \/b to deobfuscate data\/files",
    "isActive": false,
    "debug": false,
    "singleRecordExecution": false,
    "remoteExecutableFlag": false,
    "parameters": [],
    "synchronous": false,
    "lastModifyDate": 1633085062,
    "collection": "\/api\/3\/workflow_collections\/d53a0724-ef01-4a8b-b488-4fd588a54160",
    "versions": [],
    "triggerStep": "\/api\/3\/workflow_steps\/61865ce0-99e8-4b5d-a71c-3cb716f28012",
    "steps": [
        {
            "@type": "WorkflowStep",
            "name": "return certutil query",
            "description": null,
            "arguments": {
                "name": "Splunk",
                "config": "55bf97af-75c2-45ca-ae75-f4d27220cc52",
                "params": {
                    "sid": "{'value': \"{{vars.steps.Query_for_certutil.data.sid}}\"}",
                    "additional_args": "{\"A\":\"B\"}"
                },
                "version": "1.4.0",
                "do_until": {
                    "delay": "1",
                    "retries": "300",
                    "condition": "{{\"results\" in vars.result.data}}"
                },
                "connector": "splunk",
                "operation": "get_results",
                "operationTitle": "Get Results for a Search",
                "step_variables": []
            },
            "status": null,
            "top": "420",
            "left": "1180",
            "stepType": "\/api\/3\/workflow_step_types\/0bfed618-0316-11e7-93ae-92361f002671",
            "uuid": "f25e922d-f613-4c49-ad95-01bb82084402",
            "id": 4541
        },
        {
            "@type": "WorkflowStep",
            "name": "Create and Link Alert2",
            "description": null,
            "arguments": {
                "for_each": {
                    "item": "{{vars.steps.Return_copy_b_query.data.results}}",
                    "condition": ""
                },
                "arguments": {
                    "MD5": "{{vars.item.MD5}}",
                    "url": "",
                    "source": "{{vars.item.EventChannel}}",
                    "comment": "SIEM query identified a potential attempt to use the command \"copy \/b\" to deobfuscate\/decode files or information through {{vars.item.process_exec}} on {{vars.item.host}} at {{vars.item.UtcTime}}.",
                    "huntIRI": "{{vars.input.records[0]['@id']}}",
                    "service": "",
                    "filePath": "{{vars.item.Image}}",
                    "hostName": "{{vars.item.host}}",
                    "sourceIP": "null",
                    "userName": "{{vars.item.User}}",
                    "alertName": "ATT&CK-Deobfuscate\/Decode-cmd executed with \"copy \/b\" argument",
                    "epochTime": "{{vars.item.epoch_time}}",
                    "eventName": "",
                    "eventTime": "{{vars.item.UtcTime}}",
                    "processID": "{{vars.item.ProcessId}}",
                    "technique": "Deobfuscate\/Decode Files or Information- Copy \/b",
                    "sourceData": "{{vars.item}}",
                    "sourceTool": "{{vars.item.EventChannel}}",
                    "commandline": "{{vars.item.CommandLine}}",
                    "description": "An attempt to utilize Copy \/b to was observed. An attacker could use the command Copy \/b to read data as binary and then interact with\/utilize the data elsewhere. This attack has been observed being conducted by nation-state actors and other malicious entities to join together binary fragments to assemble and run executables.",
                    "processGUID": "{{vars.item.ProcessGuid}}",
                    "processName": "{{vars.item.process_exec}}",
                    "registryKey": "",
                    "sourceImage": "",
                    "targetImage": "",
                    "computerName": "{{vars.item.Computer}}",
                    "destinationIP": "null",
                    "mitre_tech_id": "T1140",
                    "parentProcess": "{{vars.item.ParentImage}}",
                    "scheduledTask": "",
                    "bitstransferid": "",
                    "parentProcessID": "{{vars.item.ParentProcessId}}",
                    "bytestransferred": "",
                    "registryKeyValue": "",
                    "parentCommandLine": "{{vars.item.ParentCommandLine}}",
                    "decodedCommandLine": ""
                },
                "apply_async": false,
                "step_variables": [],
                "workflowReference": "\/api\/3\/workflows\/bf7d418b-7ff3-44c1-b473-90d0a03c4641"
            },
            "status": null,
            "top": "340",
            "left": "1460",
            "stepType": "\/api\/3\/workflow_step_types\/74932bdc-b8b6-4d24-88c4-1a4dfbc524f3",
            "uuid": "9469a648-9628-4769-8652-e9ffb9a5b9f2",
            "id": 4542
        },
        {
            "@type": "WorkflowStep",
            "name": "Query for certutil",
            "description": null,
            "arguments": {
                "name": "Splunk",
                "config": "55bf97af-75c2-45ca-ae75-f4d27220cc52",
                "params": {
                    "query": "index=sysmon EventCode=1 {{vars.splunkHuntStart}} {{vars.splunkHuntEnd}} Image=\"C:\\\\Windows\\\\System32\\\\certutil.exe\" OR  Image=\"C:\\\\Windows\\\\SysWOW64\\\\certutil.exe\" |  table host Image MD5 ParentImage User CommandLine process_exec EventChannel UtcTime ParentProcessId ProcessId ParentCommandLine ProcessGuid Computer",
                    "exec_mode": "",
                    "auto_cancel": "",
                    "latest_time": "",
                    "earliest_time": "",
                    "additional_search_args": "{\"A\":\"B\"}"
                },
                "version": "1.5.0",
                "connector": "splunk",
                "operation": "invoke_search",
                "operationTitle": "Invoke Search",
                "step_variables": []
            },
            "status": null,
            "top": "420",
            "left": "900",
            "stepType": "\/api\/3\/workflow_step_types\/0bfed618-0316-11e7-93ae-92361f002671",
            "uuid": "84d255ce-4b2c-4e4b-b749-f7f4e8dd5850",
            "id": 4543
        },
        {
            "@type": "WorkflowStep",
            "name": "Query for Copy B",
            "description": null,
            "arguments": {
                "name": "Splunk",
                "config": "55bf97af-75c2-45ca-ae75-f4d27220cc52",
                "params": {
                    "query": "index=sysmon EventCode=1 {{vars.splunkHuntStart}} {{vars.splunkHuntEnd}} Image=\"C:\\\\Windows\\\\System32\\\\cmd.exe\" OR  Image=\"C:\\\\Windows\\\\SysWOW64\\\\cmd.exe\" CommandLine=\"*copy \/b*\" | table host Image MD5 ParentImage User CommandLine process_exec EventChannel UtcTime ParentProcessId ProcessId ParentCommandLine ProcessGuid Computer",
                    "exec_mode": "",
                    "auto_cancel": "",
                    "latest_time": "",
                    "earliest_time": "",
                    "additional_search_args": "{\"A\":\"B\"}"
                },
                "version": "1.5.0",
                "connector": "splunk",
                "operation": "invoke_search",
                "operationTitle": "Invoke Search",
                "step_variables": []
            },
            "status": null,
            "top": "340",
            "left": "900",
            "stepType": "\/api\/3\/workflow_step_types\/0bfed618-0316-11e7-93ae-92361f002671",
            "uuid": "c210244e-a86e-4c89-825d-480861dff2de",
            "id": 4544
        },
        {
            "@type": "WorkflowStep",
            "name": "Start",
            "description": null,
            "arguments": {
                "route": "060e8284-feb9-479f-8cba-640cbbbf0771",
                "title": "T1140 - Hunt for Deobfuscate\/Decode Files or Information",
                "resources": [
                    "hunt"
                ],
                "inputVariables": [
                    {
                        "name": "siem",
                        "type": "picklists",
                        "label": "SIEM",
                        "title": "Picklist",
                        "usable": true,
                        "_ignore": false,
                        "tooltip": "Choose your SIEM",
                        "dataType": "picklist",
                        "formType": "picklist",
                        "required": true,
                        "_expanded": true,
                        "collection": false,
                        "dataSource": {
                            "model": "picklists",
                            "query": {
                                "sort": [
                                    {
                                        "field": "orderIndex",
                                        "direction": "ASC"
                                    }
                                ],
                                "logic": "AND",
                                "filters": [
                                    {
                                        "field": "listName__name",
                                        "value": "SIEMs",
                                        "operator": "eq"
                                    }
                                ]
                            },
                            "displayConditions": {
                                "876c1483-416b-4d2f-8138-15769ae16d5c": {
                                    "conditions": null,
                                    "visibility": "visible"
                                },
                                "bcebcab1-3f93-468a-9f3f-91e5c511a0b5": {
                                    "conditions": null,
                                    "visibility": "visible"
                                }
                            }
                        },
                        "searchable": false,
                        "templateUrl": "app\/components\/form\/fields\/typeahead.html",
                        "_nameTouched": true,
                        "defaultValue": {
                            "id": 280,
                            "@id": "\/api\/3\/picklists\/876c1483-416b-4d2f-8138-15769ae16d5c",
                            "icon": null,
                            "@type": "Picklist",
                            "color": null,
                            "display": "Elastic",
                            "listName": "\/api\/3\/picklist_names\/98830189-afff-40e6-bed1-94012551dc67",
                            "itemValue": "Elastic",
                            "orderIndex": 1
                        },
                        "useModuleField": false,
                        "displayTemplate": "{{ itemValue }}",
                        "allowedEncryption": false,
                        "allowedGridColumn": true,
                        "useRecordFieldDefault": false
                    }
                ],
                "step_variables": {
                    "input": {
                        "params": {
                            "siem": "{{vars.request.data[\"siem\"]}}"
                        },
                        "records": "{{vars.input.records}}"
                    }
                },
                "_promptexpanded": true,
                "displayConditions": {
                    "hunt": {
                        "sort": [],
                        "limit": 30,
                        "logic": "AND",
                        "filters": []
                    },
                    "alerts": {
                        "sort": [],
                        "limit": 30,
                        "logic": "AND",
                        "filters": []
                    }
                },
                "executeButtonText": "Execute",
                "noRecordExecution": false,
                "singleRecordExecution": false
            },
            "status": null,
            "top": "260",
            "left": "20",
            "stepType": "\/api\/3\/workflow_step_types\/f414d039-bb0d-4e59-9c39-a8f1e880b18a",
            "uuid": "61865ce0-99e8-4b5d-a71c-3cb716f28012",
            "id": 4545
        },
        {
            "@type": "WorkflowStep",
            "name": "Select SIEM",
            "description": null,
            "arguments": {
                "conditions": [
                    {
                        "step_iri": "\/api\/3\/workflow_steps\/f0954a26-abf5-4cc6-878b-b040cadcb55d",
                        "condition": "{{ vars.input.params.siem.itemValue == \"Elastic\" }}"
                    },
                    {
                        "step_iri": "\/api\/3\/workflow_steps\/4cecccc2-bfad-4cf5-9f5a-974bbac854cf",
                        "condition": "{{ vars.input.params.siem.itemValue == \"Splunk\" }}"
                    }
                ]
            },
            "status": null,
            "top": "260",
            "left": "308",
            "stepType": "\/api\/3\/workflow_step_types\/12254cf5-5db7-4b1a-8cb1-3af081924b28",
            "uuid": "c09b497d-696e-4e93-9250-44e866603e11",
            "id": 4546
        },
        {
            "@type": "WorkflowStep",
            "name": "Set Elastic hunt times",
            "description": null,
            "arguments": {
                "elasticHuntEnd": "{% if vars.input.records[0].huntEnd %} {{ arrow.get(vars.input.records[0].huntEnd).format('YYYY-MM-DDTHH:mm:ss.SSSSSSSSSZ') }} {% else %} now {% endif %}",
                "elasticHuntStart": "{{ arrow.get(vars.input.records[0].huntStart).format('YYYY-MM-DDTHH:mm:ss.SSSSSSSSSZ') }}"
            },
            "status": null,
            "top": "140",
            "left": "600",
            "stepType": "\/api\/3\/workflow_step_types\/04d0cf46-b6a8-42c4-8683-60a7eaa69e8f",
            "uuid": "f0954a26-abf5-4cc6-878b-b040cadcb55d",
            "id": 4547
        },
        {
            "@type": "WorkflowStep",
            "name": "Return copy b query",
            "description": null,
            "arguments": {
                "name": "Splunk",
                "config": "55bf97af-75c2-45ca-ae75-f4d27220cc52",
                "params": {
                    "sid": "{'value': \"{{vars.steps.Query_for_Copy_B.data.sid}}\"}",
                    "additional_args": "{\"A\":\"B\"}"
                },
                "version": "1.4.0",
                "do_until": {
                    "delay": "1",
                    "retries": "300",
                    "condition": "{{\"results\" in vars.result.data}}"
                },
                "connector": "splunk",
                "operation": "get_results",
                "operationTitle": "Get Results for a Search",
                "step_variables": []
            },
            "status": null,
            "top": "340",
            "left": "1180",
            "stepType": "\/api\/3\/workflow_step_types\/0bfed618-0316-11e7-93ae-92361f002671",
            "uuid": "9b2f056b-039b-487c-b49f-d2e7eedf06d1",
            "id": 4548
        },
        {
            "@type": "WorkflowStep",
            "name": "Create and Elastic Link Alert",
            "description": null,
            "arguments": {
                "for_each": {
                    "item": "{{vars.steps.Elastic_query_for_Certutil.data.hits.hits}}",
                    "condition": ""
                },
                "arguments": {
                    "MD5": "{{vars.item._source.event_data.Hashes.split(\"MD5=\")[1].split(',')[0]}}",
                    "url": "",
                    "source": "{{vars.item._source.source_name}}",
                    "comment": "SIEM query identified a possible attempt to use {{vars.item._source.image_path.split(\"\\\\\")[-1]}} to Deobfuscate\/Decode Files or Information on {{vars.item._source.beat.hostname}} at {{vars.item._source.event_data.UtcTime}}.",
                    "huntIRI": "{{vars.input.records[0]['@id']}}",
                    "service": "",
                    "filePath": "{{vars.item._source.image_path}}",
                    "hostName": "{{vars.item._source.beat.hostname}}",
                    "sourceIP": "null",
                    "userName": "{{vars.item._source.username}}",
                    "alertName": "ATT&CK-Deobfuscate\/Decode-Certutil executed",
                    "epochTime": "{{arrow.get(vars.item._source.event_data.UtcTime).timestamp}}",
                    "eventName": "",
                    "eventTime": "{{vars.item._source.event_data.UtcTime}}",
                    "processID": "{{vars.item._source.event_data.ProcessId}}",
                    "technique": "Deobfuscate\/Decode Files or Information- Certutil",
                    "sourceData": "{{vars.item}}",
                    "sourceTool": "{{vars.item._source.source_name}}",
                    "commandline": "{{vars.item._source.event_data.CommandLine}}",
                    "description": "An attempt to utilize Certutil.exe to decode data was observed. An attacker could use Certutil to deobfuscate data and then interact with\/utilize the data elsewhere.",
                    "processGUID": "{{vars.item._source.event_data.ProcessGuid}}",
                    "processName": "{{vars.item._source.image_path.split(\"\\\\\")[-1]}}",
                    "registryKey": "",
                    "sourceImage": "",
                    "targetImage": "",
                    "computerName": "{{vars.item._source.computer_name}}",
                    "destinationIP": "null",
                    "mitre_tech_id": "T1140",
                    "parentProcess": "{{vars.item._source.parent_image_path}}",
                    "scheduledTask": "",
                    "bitstransferid": "",
                    "parentProcessID": "{{vars.item._source.event_data.ParentProcessId}}",
                    "bytestransferred": "",
                    "registryKeyValue": "",
                    "parentCommandLine": "{{vars.item._source.event_data.ParentCommandLine}}",
                    "decodedCommandLine": ""
                },
                "apply_async": false,
                "step_variables": [],
                "workflowReference": "\/api\/3\/workflows\/bf7d418b-7ff3-44c1-b473-90d0a03c4641"
            },
            "status": null,
            "top": "100",
            "left": "1454",
            "stepType": "\/api\/3\/workflow_step_types\/74932bdc-b8b6-4d24-88c4-1a4dfbc524f3",
            "uuid": "bd9ad92a-b115-4ba4-9375-ab056e6ee013",
            "id": 4549
        },
        {
            "@type": "WorkflowStep",
            "name": "Create and Elastic Link Alert2",
            "description": null,
            "arguments": {
                "for_each": {
                    "item": "{{vars.steps.Elastic_query_for_Copy_B.data.hits.hits}}",
                    "condition": ""
                },
                "arguments": {
                    "MD5": "{{vars.item._source.event_data.Hashes.split(\"MD5=\")[1].split(',')[0]}}",
                    "url": "",
                    "source": "{{vars.item._source.source_name}}",
                    "comment": "SIEM query identified a potential attempt to use the command \"copy \/b\" to deobfuscate\/decode files or information through {{vars.item._source.image_path.split(\"\\\\\")[-1]}} to Deobfuscate\/Decode Files or Information on {{vars.item._source.beat.hostname}} at {{vars.item._source.event_data.UtcTime}}.",
                    "huntIRI": "{{vars.input.records[0]['@id']}}",
                    "service": "",
                    "filePath": "{{vars.item._source.image_path}}",
                    "hostName": "{{vars.item._source.beat.hostname}}",
                    "sourceIP": "null",
                    "userName": "{{vars.item._source.username}}",
                    "alertName": "ATT&CK-Deobfuscate\/Decode-cmd executed with \"copy \/b\" argument",
                    "epochTime": "{{arrow.get(vars.item._source.event_data.UtcTime).timestamp}}",
                    "eventName": "",
                    "eventTime": "{{vars.item._source.event_data.UtcTime}}",
                    "processID": "{{vars.item._source.event_data.ProcessId}}",
                    "technique": "Deobfuscate\/Decode Files or Information- Copy \/b",
                    "sourceData": "{{vars.item}}",
                    "sourceTool": "{{vars.item._source.source_name}}",
                    "commandline": "{{vars.item._source.event_data.CommandLine}}",
                    "description": "An attempt to utilize Copy \/b to was observed. An attacker could use the command Copy \/b to read data as binary and then interact with\/utilize the data elsewhere. This attack has been observed being conducted by nation-state actors and other malicious entities to join together binary fragments to assemble and run executables.",
                    "processGUID": "{{vars.item._source.event_data.ProcessGuid}}",
                    "processName": "{{vars.item._source.image_path.split(\"\\\\\")[-1]}}",
                    "registryKey": "",
                    "sourceImage": "",
                    "targetImage": "",
                    "computerName": "{{vars.item._source.computer_name}}",
                    "destinationIP": "null",
                    "mitre_tech_id": "T1140",
                    "parentProcess": "{{vars.item._source.parent_image_path}}",
                    "scheduledTask": "",
                    "bitstransferid": "",
                    "parentProcessID": "{{vars.item._source.event_data.ParentProcessId}}",
                    "bytestransferred": "",
                    "registryKeyValue": "",
                    "parentCommandLine": "{{vars.item._source.event_data.ParentCommandLine}}",
                    "decodedCommandLine": ""
                },
                "apply_async": false,
                "step_variables": [],
                "workflowReference": "\/api\/3\/workflows\/bf7d418b-7ff3-44c1-b473-90d0a03c4641"
            },
            "status": null,
            "top": "180",
            "left": "1452",
            "stepType": "\/api\/3\/workflow_step_types\/74932bdc-b8b6-4d24-88c4-1a4dfbc524f3",
            "uuid": "0d13295e-20e2-4fa8-ad21-3dc6020ca034",
            "id": 4550
        },
        {
            "@type": "WorkflowStep",
            "name": "Create and Link Alert",
            "description": null,
            "arguments": {
                "for_each": {
                    "item": "{{vars.steps.return_certutil_query.data.results}}",
                    "condition": ""
                },
                "arguments": {
                    "MD5": "{{vars.item.MD5}}",
                    "url": "",
                    "source": "{{vars.item.EventChannel}}",
                    "comment": "SIEM query identified a possible attempt to use {{vars.item.process_exec}} to Deobfuscate\/Decode Files or Information on {{vars.item.host}} at {{vars.item.UtcTime}}.",
                    "huntIRI": "{{vars.input.records[0]['@id']}}",
                    "service": "",
                    "filePath": "{{vars.item.Image}}",
                    "hostName": "{{vars.item.host}}",
                    "sourceIP": "null",
                    "userName": "{{vars.item.User}}",
                    "alertName": "ATT&CK-Deobfuscate\/Decode-Certutil executed",
                    "epochTime": "{{vars.item.epoch_time}}",
                    "eventName": "",
                    "eventTime": "{{vars.item.UtcTime}}",
                    "processID": "{{vars.item.ProcessId}}",
                    "technique": "Deobfuscate\/Decode Files or Information- Certutil",
                    "sourceData": "{{vars.item}}",
                    "sourceTool": "{{vars.item.EventChannel}}",
                    "commandline": "{{vars.item.CommandLine}}",
                    "description": "An attempt to utilize Certutil.exe to decode data was observed. An attacker could use Certutil to deobfuscate data and then interact with\/utilize the data elsewhere.",
                    "processGUID": "{{vars.item.ProcessGuid}}",
                    "processName": "{{vars.item.process_exec}}",
                    "registryKey": "",
                    "sourceImage": "",
                    "targetImage": "",
                    "computerName": "{{vars.item.Computer}}",
                    "destinationIP": "null",
                    "mitre_tech_id": "T1140",
                    "parentProcess": "{{vars.item.ParentImage}}",
                    "scheduledTask": "",
                    "bitstransferid": "",
                    "parentProcessID": "{{vars.item.ParentProcessId}}",
                    "bytestransferred": "",
                    "registryKeyValue": "",
                    "parentCommandLine": "{{vars.item.ParentCommandLine}}",
                    "decodedCommandLine": ""
                },
                "apply_async": false,
                "step_variables": [],
                "workflowReference": "\/api\/3\/workflows\/bf7d418b-7ff3-44c1-b473-90d0a03c4641"
            },
            "status": null,
            "top": "420",
            "left": "1460",
            "stepType": "\/api\/3\/workflow_step_types\/74932bdc-b8b6-4d24-88c4-1a4dfbc524f3",
            "uuid": "59365307-a7fd-4e5d-96a4-59a00e1f68a2",
            "id": 4551
        },
        {
            "@type": "WorkflowStep",
            "name": "Deduplicate Comments",
            "description": null,
            "arguments": {
                "arguments": {
                    "hunt_iri": "{{vars.input.records[0]['@id']}}"
                },
                "step_variables": [],
                "workflowReference": "\/api\/3\/workflows\/3fd311be-a1c6-41c7-99a3-8794b33d8f8a"
            },
            "status": null,
            "top": "260",
            "left": "1772",
            "stepType": "\/api\/3\/workflow_step_types\/74932bdc-b8b6-4d24-88c4-1a4dfbc524f3",
            "uuid": "22dea7e1-050e-41dc-944d-5b77a89ddc76",
            "id": 4552
        },
        {
            "@type": "WorkflowStep",
            "name": "Elastic query for Certutil",
            "description": null,
            "arguments": {
                "name": "ElasticSearch",
                "config": "8d03a01d-1cef-40a8-992a-63d8de2b339f",
                "params": {
                    "index": "logstash-beats-*",
                    "query": "event_type:sysmon @timestamp:{ {{vars.elasticHuntStart}} TO {{vars.elasticHuntEnd}} } AND event_id:1 AND (image_path:\"C:\\\\Windows\\\\System32\\\\certutil.exe\" OR image_path:\"C:\\\\Windows\\\\SysWOW64\\\\certutil.exe\") AND event_data.CommandLine:\"*-decode*\"",
                    "run_as_user": ""
                },
                "version": "2.2.0",
                "connector": "elasticsearch",
                "operation": "execute_lucene_query",
                "operationTitle": "Execute Lucene Query",
                "step_variables": []
            },
            "status": null,
            "top": "100",
            "left": "900",
            "stepType": "\/api\/3\/workflow_step_types\/0bfed618-0316-11e7-93ae-92361f002671",
            "uuid": "1dafcb44-6aa5-42dd-9841-27735d65bf16",
            "id": 4553
        },
        {
            "@type": "WorkflowStep",
            "name": "Set Splunk hunt times",
            "description": null,
            "arguments": {
                "splunkHuntEnd": "{% if vars.input.records[0].huntEnd %}latest={{vars.input.records[0].huntEnd}}{% endif %}",
                "splunkHuntStart": "earliest={{vars.input.records[0].huntStart}}"
            },
            "status": null,
            "top": "366",
            "left": "600",
            "stepType": "\/api\/3\/workflow_step_types\/04d0cf46-b6a8-42c4-8683-60a7eaa69e8f",
            "uuid": "4cecccc2-bfad-4cf5-9f5a-974bbac854cf",
            "id": 4554
        },
        {
            "@type": "WorkflowStep",
            "name": "Elastic query for Copy B",
            "description": null,
            "arguments": {
                "name": "ElasticSearch",
                "config": "8d03a01d-1cef-40a8-992a-63d8de2b339f",
                "params": {
                    "index": "logstash-beats-*",
                    "query": "event_type:sysmon AND @timestamp:{ {{vars.elasticHuntStart}} TO {{vars.elasticHuntEnd}} } AND event_id:1 AND (image_path:\"C:\\\\Windows\\\\System32\\\\cmd.exe\" OR  image_path:\"C:\\\\Windows\\\\SysWOW64\\\\cmd.exe\") AND event_data.CommandLine:\"*copy\\ \\\/b*\"",
                    "run_as_user": ""
                },
                "version": "2.2.0",
                "connector": "elasticsearch",
                "operation": "execute_lucene_query",
                "operationTitle": "Execute Lucene Query",
                "step_variables": []
            },
            "status": null,
            "top": "180",
            "left": "900",
            "stepType": "\/api\/3\/workflow_step_types\/0bfed618-0316-11e7-93ae-92361f002671",
            "uuid": "d8f0efa5-de04-48b1-95fc-385af48d21da",
            "id": 4555
        }
    ],
    "routes": [
        {
            "@type": "WorkflowRoute",
            "name": "Query for Copy B -> Copy  of return certutil query",
            "targetStep": "\/api\/3\/workflow_steps\/9b2f056b-039b-487c-b49f-d2e7eedf06d1",
            "sourceStep": "\/api\/3\/workflow_steps\/c210244e-a86e-4c89-825d-480861dff2de",
            "label": null,
            "isExecuted": false,
            "uuid": "82feccf9-0b33-4313-8f69-4d2ab986b1e9"
        },
        {
            "@type": "WorkflowRoute",
            "name": "Set Elastic hunt times -> Copy  of Elastic query for Certutil",
            "targetStep": "\/api\/3\/workflow_steps\/d8f0efa5-de04-48b1-95fc-385af48d21da",
            "sourceStep": "\/api\/3\/workflow_steps\/f0954a26-abf5-4cc6-878b-b040cadcb55d",
            "label": null,
            "isExecuted": false,
            "uuid": "c2536bad-1341-4ba6-8b24-e7b722a8c6cf"
        },
        {
            "@type": "WorkflowRoute",
            "name": "Create and Elastic Link Alert -> Deduplicate Comments",
            "targetStep": "\/api\/3\/workflow_steps\/22dea7e1-050e-41dc-944d-5b77a89ddc76",
            "sourceStep": "\/api\/3\/workflow_steps\/bd9ad92a-b115-4ba4-9375-ab056e6ee013",
            "label": null,
            "isExecuted": false,
            "uuid": "4e328a26-efa3-4025-b0c0-7861a3ff2472"
        },
        {
            "@type": "WorkflowRoute",
            "name": "Select SIEM -> Set Splunk hunt times",
            "targetStep": "\/api\/3\/workflow_steps\/4cecccc2-bfad-4cf5-9f5a-974bbac854cf",
            "sourceStep": "\/api\/3\/workflow_steps\/c09b497d-696e-4e93-9250-44e866603e11",
            "label": null,
            "isExecuted": false,
            "uuid": "aee663ea-064d-4907-9be2-a1ffab0a179c"
        },
        {
            "@type": "WorkflowRoute",
            "name": "Set Elastic hunt times -> Elastic query for Certutil",
            "targetStep": "\/api\/3\/workflow_steps\/1dafcb44-6aa5-42dd-9841-27735d65bf16",
            "sourceStep": "\/api\/3\/workflow_steps\/f0954a26-abf5-4cc6-878b-b040cadcb55d",
            "label": null,
            "isExecuted": false,
            "uuid": "7fd5ae29-4b12-432f-a678-548bd48e7e1c"
        },
        {
            "@type": "WorkflowRoute",
            "name": "Copy  of Create Splunk Alert -> Deduplicate Comments",
            "targetStep": "\/api\/3\/workflow_steps\/22dea7e1-050e-41dc-944d-5b77a89ddc76",
            "sourceStep": "\/api\/3\/workflow_steps\/9469a648-9628-4769-8652-e9ffb9a5b9f2",
            "label": null,
            "isExecuted": false,
            "uuid": "36470efd-79d4-4de0-a9e2-d7796ec05683"
        },
        {
            "@type": "WorkflowRoute",
            "name": "Create Splunk Alert -> Deduplicate Comments",
            "targetStep": "\/api\/3\/workflow_steps\/22dea7e1-050e-41dc-944d-5b77a89ddc76",
            "sourceStep": "\/api\/3\/workflow_steps\/59365307-a7fd-4e5d-96a4-59a00e1f68a2",
            "label": null,
            "isExecuted": false,
            "uuid": "07762e54-4e17-4067-a43c-ab4c48541d94"
        },
        {
            "@type": "WorkflowRoute",
            "name": "Elastic query for Certutil -> Copy  of Create and Link Alert",
            "targetStep": "\/api\/3\/workflow_steps\/bd9ad92a-b115-4ba4-9375-ab056e6ee013",
            "sourceStep": "\/api\/3\/workflow_steps\/1dafcb44-6aa5-42dd-9841-27735d65bf16",
            "label": null,
            "isExecuted": false,
            "uuid": "dd7ffbe3-2db0-468f-a2f0-caedfa0cca0e"
        },
        {
            "@type": "WorkflowRoute",
            "name": "return certutil query -> Create Splunk Alert",
            "targetStep": "\/api\/3\/workflow_steps\/59365307-a7fd-4e5d-96a4-59a00e1f68a2",
            "sourceStep": "\/api\/3\/workflow_steps\/f25e922d-f613-4c49-ad95-01bb82084402",
            "label": null,
            "isExecuted": false,
            "uuid": "0ce8e2a2-8609-4094-b2d1-ceb41db0f92d"
        },
        {
            "@type": "WorkflowRoute",
            "name": "Copy  of Elastic query for Certutil -> Create and Elastic Link Alert2",
            "targetStep": "\/api\/3\/workflow_steps\/0d13295e-20e2-4fa8-ad21-3dc6020ca034",
            "sourceStep": "\/api\/3\/workflow_steps\/d8f0efa5-de04-48b1-95fc-385af48d21da",
            "label": null,
            "isExecuted": false,
            "uuid": "508290b2-3133-4a91-b66f-f646144729a8"
        },
        {
            "@type": "WorkflowRoute",
            "name": "Set Splunk hunt times -> Query for certutil",
            "targetStep": "\/api\/3\/workflow_steps\/84d255ce-4b2c-4e4b-b749-f7f4e8dd5850",
            "sourceStep": "\/api\/3\/workflow_steps\/4cecccc2-bfad-4cf5-9f5a-974bbac854cf",
            "label": null,
            "isExecuted": false,
            "uuid": "4a5eeb3a-c984-4f8e-a365-3d011e79403a"
        },
        {
            "@type": "WorkflowRoute",
            "name": "Copy  of Create and Elastic Link Alert -> Deduplicate Comments",
            "targetStep": "\/api\/3\/workflow_steps\/22dea7e1-050e-41dc-944d-5b77a89ddc76",
            "sourceStep": "\/api\/3\/workflow_steps\/0d13295e-20e2-4fa8-ad21-3dc6020ca034",
            "label": null,
            "isExecuted": false,
            "uuid": "67d134f8-62dc-4a52-8482-cad5513529f3"
        },
        {
            "@type": "WorkflowRoute",
            "name": "Return copy b query -> Copy  of Create Splunk Alert",
            "targetStep": "\/api\/3\/workflow_steps\/9469a648-9628-4769-8652-e9ffb9a5b9f2",
            "sourceStep": "\/api\/3\/workflow_steps\/9b2f056b-039b-487c-b49f-d2e7eedf06d1",
            "label": null,
            "isExecuted": false,
            "uuid": "c237dfa2-d631-4382-b88c-031b08d6528b"
        },
        {
            "@type": "WorkflowRoute",
            "name": "Start -> Select SIEM",
            "targetStep": "\/api\/3\/workflow_steps\/c09b497d-696e-4e93-9250-44e866603e11",
            "sourceStep": "\/api\/3\/workflow_steps\/61865ce0-99e8-4b5d-a71c-3cb716f28012",
            "label": null,
            "isExecuted": false,
            "uuid": "9733003f-b258-4d82-a39a-26e599a49d19"
        },
        {
            "@type": "WorkflowRoute",
            "name": "Set Splunk hunt times -> Query for Copy B",
            "targetStep": "\/api\/3\/workflow_steps\/c210244e-a86e-4c89-825d-480861dff2de",
            "sourceStep": "\/api\/3\/workflow_steps\/4cecccc2-bfad-4cf5-9f5a-974bbac854cf",
            "label": null,
            "isExecuted": false,
            "uuid": "76d61afc-3aaf-4c58-bede-67b762a40dbc"
        },
        {
            "@type": "WorkflowRoute",
            "name": "Query for certutil -> return certutil query",
            "targetStep": "\/api\/3\/workflow_steps\/f25e922d-f613-4c49-ad95-01bb82084402",
            "sourceStep": "\/api\/3\/workflow_steps\/84d255ce-4b2c-4e4b-b749-f7f4e8dd5850",
            "label": null,
            "isExecuted": false,
            "uuid": "b55bd404-92e7-4e10-b399-28f6b7d054c3"
        },
        {
            "@type": "WorkflowRoute",
            "name": "Select SIEM -> Convert time for elastic",
            "targetStep": "\/api\/3\/workflow_steps\/f0954a26-abf5-4cc6-878b-b040cadcb55d",
            "sourceStep": "\/api\/3\/workflow_steps\/c09b497d-696e-4e93-9250-44e866603e11",
            "label": null,
            "isExecuted": false,
            "uuid": "b5f263fd-a7fe-45e7-a6f7-59010a8f0db5"
        }
    ],
    "priority": null,
    "uuid": "0a596dd7-d068-423a-ad43-163be40138f3",
    "recordTags": [],
    "id": 1177,
    "createUser": "\/api\/3\/people\/3451141c-bac6-467c-8d72-85e0fab569ce",
    "createDate": 1633085064,
    "modifyUser": "\/api\/3\/people\/3451141c-bac6-467c-8d72-85e0fab569ce",
    "modifyDate": 1633085064,
    "owners": [],
    "isPrivate": false
}