{
    "@context": "\/api\/3\/contexts\/StagingModelMetadata",
    "@id": "\/api\/3\/staging_model_metadatas\/2a9663a6-a7bc-4716-aacf-ffcfad165846",
    "@type": "StagingModelMetadata",
    "type": "mitre_software",
    "parentType": null,
    "tableName": "mitre_software",
    "ownable": false,
    "userOwnable": false,
    "trackable": false,
    "taggable": true,
    "peerReplicable": false,
    "defaultSort": [],
    "uniqueConstraint": [],
    "indexable": true,
    "writable": true,
    "attributes": [
        {
            "@id": "\/api\/3\/attribute_metadatas\/434e646d-928d-486c-9bf5-2813579310a9",
            "@type": "AttributeMetadata",
            "type": "incidents",
            "name": "incidents",
            "length": null,
            "orderIndex": 1,
            "formType": "manyToMany",
            "dataSource": {
                "model": "incidents"
            },
            "searchable": false,
            "peerReplicable": false,
            "system": false,
            "encrypted": false,
            "gridColumn": false,
            "collection": true,
            "inversedField": "mitresoftware",
            "ownsRelationship": true,
            "validation": {
                "required": false,
                "minlength": 0,
                "maxlength": 10485761
            },
            "bulkAction": [],
            "dataSourceFilters": null,
            "defaultValue": null,
            "tooltip": null,
            "visibility": true,
            "htmlEscape": null,
            "orphanRemoval": null,
            "readable": null,
            "writeable": true,
            "identifier": null,
            "unique": false,
            "recommend": false,
            "sattrib": "\/api\/3\/staging_model_metadatas\/2a9663a6-a7bc-4716-aacf-ffcfad165846",
            "uuid": "434e646d-928d-486c-9bf5-2813579310a9",
            "displayName": "{{ incidents }}",
            "descriptions": {
                "singular": "Incidents"
            }
        },
        {
            "@id": "\/api\/3\/attribute_metadatas\/35b7ca45-3fa1-4d98-9092-7f635b912166",
            "@type": "AttributeMetadata",
            "type": "alerts",
            "name": "alerts",
            "length": null,
            "orderIndex": 2,
            "formType": "manyToMany",
            "dataSource": {
                "model": "alerts"
            },
            "searchable": false,
            "peerReplicable": false,
            "system": false,
            "encrypted": false,
            "gridColumn": false,
            "collection": true,
            "inversedField": "mitresoftware",
            "ownsRelationship": true,
            "validation": {
                "required": false,
                "minlength": 0,
                "maxlength": 10485761
            },
            "bulkAction": [],
            "dataSourceFilters": null,
            "defaultValue": null,
            "tooltip": null,
            "visibility": true,
            "htmlEscape": null,
            "orphanRemoval": null,
            "readable": null,
            "writeable": true,
            "identifier": null,
            "unique": false,
            "recommend": false,
            "sattrib": "\/api\/3\/staging_model_metadatas\/2a9663a6-a7bc-4716-aacf-ffcfad165846",
            "uuid": "35b7ca45-3fa1-4d98-9092-7f635b912166",
            "displayName": "{{ alerts }}",
            "descriptions": {
                "singular": "Alerts"
            }
        },
        {
            "@id": "\/api\/3\/attribute_metadatas\/b82ae406-1643-4936-9fc3-abb1829e998d",
            "@type": "AttributeMetadata",
            "type": "string",
            "name": "mitreId",
            "length": null,
            "orderIndex": 1,
            "formType": "text",
            "dataSource": null,
            "searchable": false,
            "peerReplicable": true,
            "system": false,
            "encrypted": false,
            "gridColumn": false,
            "collection": false,
            "inversedField": null,
            "ownsRelationship": false,
            "validation": {
                "required": false,
                "minlength": 0,
                "maxlength": 10485761
            },
            "bulkAction": {
                "allow": false,
                "buttonText": "",
                "buttonIcon": "",
                "buttonClass": "btn btn-default btn-sm"
            },
            "dataSourceFilters": null,
            "defaultValue": "",
            "tooltip": null,
            "visibility": true,
            "htmlEscape": null,
            "orphanRemoval": null,
            "readable": null,
            "writeable": true,
            "identifier": null,
            "unique": false,
            "recommend": false,
            "sattrib": "\/api\/3\/staging_model_metadatas\/2a9663a6-a7bc-4716-aacf-ffcfad165846",
            "uuid": "b82ae406-1643-4936-9fc3-abb1829e998d",
            "displayName": "{{ mitreId }}",
            "descriptions": {
                "singular": "Mitre ID"
            }
        },
        {
            "@id": "\/api\/3\/attribute_metadatas\/800880cd-e0c7-4f4b-b443-822e1bd38072",
            "@type": "AttributeMetadata",
            "type": "picklists",
            "name": "type",
            "length": null,
            "orderIndex": 9,
            "formType": "picklist",
            "dataSource": {
                "model": "picklists",
                "query": {
                    "logic": "AND",
                    "filters": [
                        {
                            "field": "listName__name",
                            "operator": "eq",
                            "value": "Mitre Software Types"
                        }
                    ],
                    "sort": [
                        {
                            "field": "orderIndex",
                            "direction": "ASC"
                        }
                    ]
                },
                "displayConditions": {
                    "525fae90-2293-497d-b4f6-c767796fe765": {
                        "visibility": "visible",
                        "conditions": null
                    },
                    "00746ab3-a4e1-41f1-984f-de27b251cdba": {
                        "visibility": "visible",
                        "conditions": null
                    }
                }
            },
            "searchable": false,
            "peerReplicable": true,
            "system": false,
            "encrypted": false,
            "gridColumn": false,
            "collection": false,
            "inversedField": null,
            "ownsRelationship": false,
            "validation": {
                "required": false,
                "minlength": 0,
                "maxlength": 10485761
            },
            "bulkAction": {
                "allow": false,
                "buttonText": "",
                "buttonIcon": "",
                "buttonClass": "btn btn-default btn-sm"
            },
            "dataSourceFilters": null,
            "defaultValue": null,
            "tooltip": null,
            "visibility": true,
            "htmlEscape": null,
            "orphanRemoval": null,
            "readable": null,
            "writeable": true,
            "identifier": null,
            "unique": false,
            "recommend": false,
            "sattrib": "\/api\/3\/staging_model_metadatas\/2a9663a6-a7bc-4716-aacf-ffcfad165846",
            "uuid": "800880cd-e0c7-4f4b-b443-822e1bd38072",
            "displayName": "{{ type }}",
            "descriptions": {
                "singular": "Type"
            }
        },
        {
            "@id": "\/api\/3\/attribute_metadatas\/b13a0fd8-1694-4acc-94e4-08f70296d327",
            "@type": "AttributeMetadata",
            "type": "string",
            "name": "myNotes",
            "length": null,
            "orderIndex": 11,
            "formType": "richtext",
            "dataSource": null,
            "searchable": true,
            "peerReplicable": true,
            "system": false,
            "encrypted": false,
            "gridColumn": false,
            "collection": false,
            "inversedField": null,
            "ownsRelationship": false,
            "validation": {
                "required": false,
                "minlength": 0,
                "maxlength": 10485761
            },
            "bulkAction": {
                "allow": false,
                "buttonText": "",
                "buttonIcon": "",
                "buttonClass": "btn btn-default btn-sm"
            },
            "dataSourceFilters": null,
            "defaultValue": null,
            "tooltip": null,
            "visibility": true,
            "htmlEscape": null,
            "orphanRemoval": null,
            "readable": null,
            "writeable": true,
            "identifier": null,
            "unique": false,
            "recommend": false,
            "sattrib": "\/api\/3\/staging_model_metadatas\/2a9663a6-a7bc-4716-aacf-ffcfad165846",
            "uuid": "b13a0fd8-1694-4acc-94e4-08f70296d327",
            "displayName": "{{ myNotes }}",
            "descriptions": {
                "singular": "My Notes"
            }
        },
        {
            "@id": "\/api\/3\/attribute_metadatas\/ba8fefaf-8fde-44aa-ba8f-39b2ba031460",
            "@type": "AttributeMetadata",
            "type": "string",
            "name": "aliases",
            "length": null,
            "orderIndex": 14,
            "formType": "text",
            "dataSource": null,
            "searchable": false,
            "peerReplicable": true,
            "system": false,
            "encrypted": false,
            "gridColumn": false,
            "collection": false,
            "inversedField": null,
            "ownsRelationship": false,
            "validation": {
                "required": false,
                "minlength": 0,
                "maxlength": 10485761
            },
            "bulkAction": {
                "allow": false,
                "buttonText": "",
                "buttonIcon": "",
                "buttonClass": "btn btn-default btn-sm"
            },
            "dataSourceFilters": null,
            "defaultValue": "",
            "tooltip": null,
            "visibility": true,
            "htmlEscape": null,
            "orphanRemoval": null,
            "readable": null,
            "writeable": true,
            "identifier": null,
            "unique": false,
            "recommend": false,
            "sattrib": "\/api\/3\/staging_model_metadatas\/2a9663a6-a7bc-4716-aacf-ffcfad165846",
            "uuid": "ba8fefaf-8fde-44aa-ba8f-39b2ba031460",
            "displayName": "{{ aliases }}",
            "descriptions": {
                "singular": "Associated Software"
            }
        },
        {
            "@id": "\/api\/3\/attribute_metadatas\/31acf124-ec09-4ea4-96d5-147efbbd56f0",
            "@type": "AttributeMetadata",
            "type": "string",
            "name": "name",
            "length": null,
            "orderIndex": 2,
            "formType": "text",
            "dataSource": null,
            "searchable": false,
            "peerReplicable": true,
            "system": false,
            "encrypted": false,
            "gridColumn": false,
            "collection": false,
            "inversedField": null,
            "ownsRelationship": false,
            "validation": {
                "required": false,
                "minlength": 0,
                "maxlength": 10485761
            },
            "bulkAction": {
                "allow": false,
                "buttonText": "",
                "buttonIcon": "",
                "buttonClass": "btn btn-default btn-sm"
            },
            "dataSourceFilters": null,
            "defaultValue": "",
            "tooltip": null,
            "visibility": true,
            "htmlEscape": null,
            "orphanRemoval": null,
            "readable": null,
            "writeable": true,
            "identifier": null,
            "unique": false,
            "recommend": false,
            "sattrib": "\/api\/3\/staging_model_metadatas\/2a9663a6-a7bc-4716-aacf-ffcfad165846",
            "uuid": "31acf124-ec09-4ea4-96d5-147efbbd56f0",
            "displayName": "{{ name }}",
            "descriptions": {
                "singular": "Name"
            }
        },
        {
            "@id": "\/api\/3\/attribute_metadatas\/32fb1df8-cf02-44a5-b01f-1cf6e502f70a",
            "@type": "AttributeMetadata",
            "type": "string",
            "name": "platform",
            "length": null,
            "orderIndex": 3,
            "formType": "text",
            "dataSource": null,
            "searchable": false,
            "peerReplicable": true,
            "system": false,
            "encrypted": false,
            "gridColumn": false,
            "collection": false,
            "inversedField": null,
            "ownsRelationship": false,
            "validation": {
                "required": false,
                "minlength": 0,
                "maxlength": 10485761
            },
            "bulkAction": {
                "allow": false,
                "buttonText": "",
                "buttonIcon": "",
                "buttonClass": "btn btn-default btn-sm"
            },
            "dataSourceFilters": null,
            "defaultValue": "",
            "tooltip": null,
            "visibility": true,
            "htmlEscape": null,
            "orphanRemoval": null,
            "readable": null,
            "writeable": true,
            "identifier": null,
            "unique": false,
            "recommend": false,
            "sattrib": "\/api\/3\/staging_model_metadatas\/2a9663a6-a7bc-4716-aacf-ffcfad165846",
            "uuid": "32fb1df8-cf02-44a5-b01f-1cf6e502f70a",
            "displayName": "{{ platform }}",
            "descriptions": {
                "singular": "Platform"
            }
        },
        {
            "@id": "\/api\/3\/attribute_metadatas\/82252319-1b36-43bf-8bc7-72940b1a96fb",
            "@type": "AttributeMetadata",
            "type": "string",
            "name": "contributors",
            "length": null,
            "orderIndex": 4,
            "formType": "text",
            "dataSource": null,
            "searchable": false,
            "peerReplicable": true,
            "system": false,
            "encrypted": false,
            "gridColumn": false,
            "collection": false,
            "inversedField": null,
            "ownsRelationship": false,
            "validation": {
                "required": false,
                "minlength": 0,
                "maxlength": 10485761
            },
            "bulkAction": {
                "allow": false,
                "buttonText": "",
                "buttonIcon": "",
                "buttonClass": "btn btn-default btn-sm"
            },
            "dataSourceFilters": null,
            "defaultValue": "",
            "tooltip": null,
            "visibility": true,
            "htmlEscape": null,
            "orphanRemoval": null,
            "readable": null,
            "writeable": true,
            "identifier": null,
            "unique": false,
            "recommend": false,
            "sattrib": "\/api\/3\/staging_model_metadatas\/2a9663a6-a7bc-4716-aacf-ffcfad165846",
            "uuid": "82252319-1b36-43bf-8bc7-72940b1a96fb",
            "displayName": "{{ contributors }}",
            "descriptions": {
                "singular": "Contributors"
            }
        },
        {
            "@id": "\/api\/3\/attribute_metadatas\/95f7032c-6ff9-4a00-81de-3bf44e564b5a",
            "@type": "AttributeMetadata",
            "type": "string",
            "name": "version",
            "length": null,
            "orderIndex": 5,
            "formType": "text",
            "dataSource": null,
            "searchable": false,
            "peerReplicable": true,
            "system": false,
            "encrypted": false,
            "gridColumn": false,
            "collection": false,
            "inversedField": null,
            "ownsRelationship": false,
            "validation": {
                "required": false,
                "minlength": 0,
                "maxlength": 10485761
            },
            "bulkAction": {
                "allow": false,
                "buttonText": "",
                "buttonIcon": "",
                "buttonClass": "btn btn-default btn-sm"
            },
            "dataSourceFilters": null,
            "defaultValue": "",
            "tooltip": null,
            "visibility": true,
            "htmlEscape": null,
            "orphanRemoval": null,
            "readable": null,
            "writeable": true,
            "identifier": null,
            "unique": false,
            "recommend": false,
            "sattrib": "\/api\/3\/staging_model_metadatas\/2a9663a6-a7bc-4716-aacf-ffcfad165846",
            "uuid": "95f7032c-6ff9-4a00-81de-3bf44e564b5a",
            "displayName": "{{ version }}",
            "descriptions": {
                "singular": "Version"
            }
        },
        {
            "@id": "\/api\/3\/attribute_metadatas\/4d8b1812-3b78-4b75-8686-a0feee1f8bc9",
            "@type": "AttributeMetadata",
            "type": "mitre_groups",
            "name": "groups",
            "length": null,
            "orderIndex": 6,
            "formType": "manyToMany",
            "dataSource": {
                "model": "mitre_groups"
            },
            "searchable": false,
            "peerReplicable": true,
            "system": false,
            "encrypted": false,
            "gridColumn": false,
            "collection": true,
            "inversedField": "software",
            "ownsRelationship": false,
            "validation": {
                "required": false,
                "minlength": 0,
                "maxlength": 10485761,
                "_enableRange": false
            },
            "bulkAction": [],
            "dataSourceFilters": null,
            "defaultValue": null,
            "tooltip": null,
            "visibility": true,
            "htmlEscape": null,
            "orphanRemoval": null,
            "readable": null,
            "writeable": true,
            "identifier": null,
            "unique": false,
            "recommend": false,
            "sattrib": "\/api\/3\/staging_model_metadatas\/2a9663a6-a7bc-4716-aacf-ffcfad165846",
            "uuid": "4d8b1812-3b78-4b75-8686-a0feee1f8bc9",
            "displayName": "{{ groups }}",
            "descriptions": {
                "singular": "Groups"
            }
        },
        {
            "@id": "\/api\/3\/attribute_metadatas\/99b885db-5eb4-4ea1-837d-ec4438ea37be",
            "@type": "AttributeMetadata",
            "type": "mitre_techniques",
            "name": "techniques",
            "length": null,
            "orderIndex": 7,
            "formType": "manyToMany",
            "dataSource": {
                "model": "mitre_techniques"
            },
            "searchable": false,
            "peerReplicable": true,
            "system": false,
            "encrypted": false,
            "gridColumn": false,
            "collection": true,
            "inversedField": "software",
            "ownsRelationship": false,
            "validation": {
                "required": false,
                "minlength": 0,
                "maxlength": 10485761,
                "_enableRange": false
            },
            "bulkAction": [],
            "dataSourceFilters": null,
            "defaultValue": null,
            "tooltip": null,
            "visibility": true,
            "htmlEscape": null,
            "orphanRemoval": null,
            "readable": null,
            "writeable": true,
            "identifier": null,
            "unique": false,
            "recommend": false,
            "sattrib": "\/api\/3\/staging_model_metadatas\/2a9663a6-a7bc-4716-aacf-ffcfad165846",
            "uuid": "99b885db-5eb4-4ea1-837d-ec4438ea37be",
            "displayName": "{{ techniques }}",
            "descriptions": {
                "singular": "Techniques"
            }
        },
        {
            "@id": "\/api\/3\/attribute_metadatas\/32e73d68-fa86-47e8-9e31-b64238297167",
            "@type": "AttributeMetadata",
            "type": "string",
            "name": "description",
            "length": null,
            "orderIndex": 8,
            "formType": "richtext",
            "dataSource": null,
            "searchable": true,
            "peerReplicable": true,
            "system": false,
            "encrypted": false,
            "gridColumn": false,
            "collection": false,
            "inversedField": null,
            "ownsRelationship": false,
            "validation": {
                "required": false,
                "minlength": 0,
                "maxlength": 10485761,
                "_enableRange": false
            },
            "bulkAction": {
                "allow": false,
                "buttonText": "",
                "buttonIcon": "",
                "buttonClass": "btn btn-default btn-sm"
            },
            "dataSourceFilters": null,
            "defaultValue": null,
            "tooltip": null,
            "visibility": true,
            "htmlEscape": null,
            "orphanRemoval": null,
            "readable": null,
            "writeable": true,
            "identifier": null,
            "unique": false,
            "recommend": false,
            "sattrib": "\/api\/3\/staging_model_metadatas\/2a9663a6-a7bc-4716-aacf-ffcfad165846",
            "uuid": "32e73d68-fa86-47e8-9e31-b64238297167",
            "displayName": "{{ description }}",
            "descriptions": {
                "singular": "Description"
            }
        },
        {
            "@id": "\/api\/3\/attribute_metadatas\/cbe169b4-cc47-47e3-a514-a0e9a8811352",
            "@type": "AttributeMetadata",
            "type": "mitre_sub_techniques",
            "name": "subtechniques",
            "length": null,
            "orderIndex": 10,
            "formType": "manyToMany",
            "dataSource": {
                "model": "mitre_sub_techniques"
            },
            "searchable": false,
            "peerReplicable": true,
            "system": false,
            "encrypted": false,
            "gridColumn": false,
            "collection": true,
            "inversedField": "software",
            "ownsRelationship": false,
            "validation": {
                "required": false,
                "minlength": 0,
                "maxlength": 10485761,
                "_enableRange": false
            },
            "bulkAction": [],
            "dataSourceFilters": null,
            "defaultValue": null,
            "tooltip": null,
            "visibility": true,
            "htmlEscape": null,
            "orphanRemoval": null,
            "readable": null,
            "writeable": true,
            "identifier": null,
            "unique": false,
            "recommend": false,
            "sattrib": "\/api\/3\/staging_model_metadatas\/2a9663a6-a7bc-4716-aacf-ffcfad165846",
            "uuid": "cbe169b4-cc47-47e3-a514-a0e9a8811352",
            "displayName": "{{ subtechniques }}",
            "descriptions": {
                "singular": "Sub-techniques"
            }
        },
        {
            "@id": "\/api\/3\/attribute_metadatas\/05ccbac6-b7ff-4c7b-8365-354965e53df0",
            "@type": "AttributeMetadata",
            "type": "integer",
            "name": "created",
            "length": null,
            "orderIndex": 12,
            "formType": "datetime",
            "dataSource": null,
            "searchable": true,
            "peerReplicable": true,
            "system": false,
            "encrypted": false,
            "gridColumn": false,
            "collection": false,
            "inversedField": null,
            "ownsRelationship": false,
            "validation": {
                "required": false,
                "minlength": 0,
                "maxlength": 10485761
            },
            "bulkAction": {
                "allow": false,
                "buttonText": "",
                "buttonIcon": "",
                "buttonClass": "btn btn-default btn-sm"
            },
            "dataSourceFilters": null,
            "defaultValue": null,
            "tooltip": null,
            "visibility": true,
            "htmlEscape": null,
            "orphanRemoval": null,
            "readable": null,
            "writeable": true,
            "identifier": null,
            "unique": false,
            "recommend": false,
            "sattrib": "\/api\/3\/staging_model_metadatas\/2a9663a6-a7bc-4716-aacf-ffcfad165846",
            "uuid": "05ccbac6-b7ff-4c7b-8365-354965e53df0",
            "displayName": "{{ created }}",
            "descriptions": {
                "singular": "Created"
            }
        },
        {
            "@id": "\/api\/3\/attribute_metadatas\/e4d0394b-359b-4509-a779-74d98be06d3c",
            "@type": "AttributeMetadata",
            "type": "integer",
            "name": "lastModified",
            "length": null,
            "orderIndex": 13,
            "formType": "datetime",
            "dataSource": null,
            "searchable": true,
            "peerReplicable": true,
            "system": false,
            "encrypted": false,
            "gridColumn": false,
            "collection": false,
            "inversedField": null,
            "ownsRelationship": false,
            "validation": {
                "required": false,
                "minlength": 0,
                "maxlength": 10485761
            },
            "bulkAction": {
                "allow": false,
                "buttonText": "",
                "buttonIcon": "",
                "buttonClass": "btn btn-default btn-sm"
            },
            "dataSourceFilters": null,
            "defaultValue": null,
            "tooltip": null,
            "visibility": true,
            "htmlEscape": null,
            "orphanRemoval": null,
            "readable": null,
            "writeable": true,
            "identifier": null,
            "unique": false,
            "recommend": false,
            "sattrib": "\/api\/3\/staging_model_metadatas\/2a9663a6-a7bc-4716-aacf-ffcfad165846",
            "uuid": "e4d0394b-359b-4509-a779-74d98be06d3c",
            "displayName": "{{ lastModified }}",
            "descriptions": {
                "singular": "Last Modified"
            }
        }
    ],
    "system": false,
    "module": "mitre_software",
    "uuid": "2a9663a6-a7bc-4716-aacf-ffcfad165846",
    "displayName": "{{ name }}",
    "descriptions": {
        "singular": "Software",
        "plural": "Software"
    }
}