{
    "@context": "\/api\/3\/contexts\/SystemViewTemplate",
    "@type": "SystemViewTemplate",
    "type": "rows",
    "config": {
        "rows": [
            {
                "columns": [
                    {
                        "widgets": [
                            {
                                "type": "primaryDetail",
                                "config": {
                                    "wid": "75630366-757a-40df-9020-f4d19f5fc5de",
                                    "idField": "mitreId",
                                    "picklistFieldReadOnly": false,
                                    "titleFieldReadOnly": true,
                                    "titleFieldLinky": true,
                                    "featuredRelationship": {
                                        "field": null,
                                        "preText": "Under Investigation In",
                                        "query": null,
                                        "statusField": null,
                                        "sort": []
                                    },
                                    "titleField": "name"
                                }
                            }
                        ],
                        "style": "col-lg-12"
                    }
                ],
                "wid": "8f404872-5c8b-4a27-9d72-a63b4aeb48b9",
                "_collapsed": false
            },
            {
                "columns": [
                    {
                        "widgets": [
                            {
                                "type": "editableFormGroup",
                                "config": {
                                    "wid": "8ae5d32a-3fc5-4a33-8da9-f6fe2f8afed5",
                                    "rows": [
                                        {
                                            "columns": [
                                                {
                                                    "fields": [
                                                        {
                                                            "name": "description",
                                                            "highlightMode": true,
                                                            "linky": true,
                                                            "readOnly": true
                                                        },
                                                        {
                                                            "name": "myNotes",
                                                            "highlightMode": true,
                                                            "linky": true,
                                                            "readOnly": false
                                                        }
                                                    ]
                                                }
                                            ]
                                        }
                                    ]
                                }
                            }
                        ],
                        "style": "col-lg-9"
                    },
                    {
                        "widgets": [
                            {
                                "type": "editableFormGroup",
                                "config": {
                                    "wid": "5c719385-ebe4-4526-ac58-5df593edfc1a",
                                    "rows": [
                                        {
                                            "columns": [
                                                {
                                                    "fields": [
                                                        {
                                                            "name": "parentTechnique",
                                                            "highlightMode": true,
                                                            "linky": true,
                                                            "readOnly": true
                                                        },
                                                        {
                                                            "name": "platforms",
                                                            "highlightMode": true,
                                                            "linky": true,
                                                            "readOnly": true
                                                        },
                                                        {
                                                            "name": "permissionsRequired",
                                                            "highlightMode": true,
                                                            "linky": true,
                                                            "readOnly": true
                                                        },
                                                        {
                                                            "name": "dataSources",
                                                            "highlightMode": true,
                                                            "linky": true,
                                                            "readOnly": true
                                                        },
                                                        {
                                                            "name": "version",
                                                            "highlightMode": true,
                                                            "linky": true,
                                                            "readOnly": true
                                                        },
                                                        {
                                                            "name": "created",
                                                            "highlightMode": true,
                                                            "linky": true,
                                                            "readOnly": true
                                                        },
                                                        {
                                                            "name": "lastModified",
                                                            "highlightMode": true,
                                                            "linky": true,
                                                            "readOnly": true
                                                        }
                                                    ]
                                                }
                                            ]
                                        }
                                    ]
                                }
                            }
                        ],
                        "style": "col-lg-3"
                    }
                ],
                "wid": "a4834add-b809-40df-9660-e76960e67586",
                "collapsible": false,
                "collapsibleIndex": 0,
                "_collapsed": false
            },
            {
                "columns": [
                    {
                        "widgets": [
                            {
                                "type": "tabs",
                                "config": {
                                    "tabs": [
                                        {
                                            "title": "Related Records",
                                            "widget": {
                                                "type": "relationship.subtab",
                                                "config": {
                                                    "excludes": [
                                                        "notes",
                                                        "comments",
                                                        "userOwners",
                                                        "attachments"
                                                    ],
                                                    "wid": "6f9169a4-d99e-4254-ac6c-92a6fd69940c"
                                                }
                                            },
                                            "show": true,
                                            "icon": "fa fa-none"
                                        }
                                    ],
                                    "wid": "7d31fba4-2b0c-4886-b0ac-a43a5b990a11"
                                }
                            }
                        ],
                        "style": "col-lg-12"
                    }
                ],
                "wid": "5c397d2c-6363-4124-8238-a5093b49d7b0",
                "_collapsed": false
            }
        ],
        "actionButtons": [],
        "wid": "de146a5f-2551-4c0c-ba83-c5ce727271fb"
    },
    "uuid": "modules-mitre_sub_techniques-detail"
}