{
    "@context": "\/api\/3\/contexts\/StagingModelMetadata",
    "@id": "\/api\/3\/staging_model_metadatas\/65bcc74d-edd8-4491-959d-e57755eaf1cd",
    "@type": "StagingModelMetadata",
    "type": "mitre_sub_techniques",
    "parentType": null,
    "tableName": "mitre_sub_techniques",
    "ownable": false,
    "userOwnable": false,
    "trackable": false,
    "taggable": true,
    "peerReplicable": false,
    "defaultSort": [],
    "uniqueConstraint": [],
    "indexable": true,
    "writable": true,
    "attributes": [
        {
            "@id": "\/api\/3\/attribute_metadatas\/9c788831-6ab6-49c9-8994-f3e4b1c87e51",
            "@type": "AttributeMetadata",
            "type": "alerts",
            "name": "alerts",
            "length": null,
            "orderIndex": 1,
            "formType": "manyToMany",
            "dataSource": {
                "model": "alerts"
            },
            "searchable": false,
            "peerReplicable": true,
            "system": false,
            "encrypted": false,
            "gridColumn": false,
            "collection": true,
            "inversedField": "subtechniques",
            "ownsRelationship": true,
            "validation": {
                "required": false,
                "minlength": 0,
                "maxlength": 10485761
            },
            "bulkAction": [],
            "dataSourceFilters": null,
            "defaultValue": null,
            "tooltip": null,
            "visibility": true,
            "htmlEscape": null,
            "orphanRemoval": null,
            "readable": null,
            "writeable": true,
            "identifier": null,
            "unique": false,
            "recommend": false,
            "sattrib": "\/api\/3\/staging_model_metadatas\/65bcc74d-edd8-4491-959d-e57755eaf1cd",
            "uuid": "9c788831-6ab6-49c9-8994-f3e4b1c87e51",
            "displayName": "{{ alerts }}",
            "descriptions": {
                "singular": "Alerts"
            }
        },
        {
            "@id": "\/api\/3\/attribute_metadatas\/bbbece7b-d033-4c86-b371-01446e0ea5f5",
            "@type": "AttributeMetadata",
            "type": "mitre_techniques",
            "name": "parentTechnique",
            "length": null,
            "orderIndex": 7,
            "formType": "lookup",
            "dataSource": {
                "model": "mitre_techniques"
            },
            "searchable": false,
            "peerReplicable": true,
            "system": false,
            "encrypted": false,
            "gridColumn": false,
            "collection": false,
            "inversedField": null,
            "ownsRelationship": false,
            "validation": {
                "required": false,
                "minlength": 0,
                "maxlength": 10485761
            },
            "bulkAction": {
                "allow": false,
                "buttonText": "",
                "buttonIcon": "",
                "buttonClass": "btn btn-default btn-sm"
            },
            "dataSourceFilters": null,
            "defaultValue": null,
            "tooltip": null,
            "visibility": true,
            "htmlEscape": null,
            "orphanRemoval": null,
            "readable": null,
            "writeable": true,
            "identifier": null,
            "unique": false,
            "recommend": false,
            "sattrib": "\/api\/3\/staging_model_metadatas\/65bcc74d-edd8-4491-959d-e57755eaf1cd",
            "uuid": "bbbece7b-d033-4c86-b371-01446e0ea5f5",
            "displayName": "{{ parentTechnique }}",
            "descriptions": {
                "singular": "Sub-technique of"
            }
        },
        {
            "@id": "\/api\/3\/attribute_metadatas\/1a0a12e5-44d3-4662-b778-2ffbe2fe81e8",
            "@type": "AttributeMetadata",
            "type": "string",
            "name": "version",
            "length": null,
            "orderIndex": 8,
            "formType": "text",
            "dataSource": null,
            "searchable": false,
            "peerReplicable": true,
            "system": false,
            "encrypted": false,
            "gridColumn": false,
            "collection": false,
            "inversedField": null,
            "ownsRelationship": false,
            "validation": {
                "required": false,
                "minlength": 0,
                "maxlength": 10485761
            },
            "bulkAction": {
                "allow": false,
                "buttonText": "",
                "buttonIcon": "",
                "buttonClass": "btn btn-default btn-sm"
            },
            "dataSourceFilters": null,
            "defaultValue": "",
            "tooltip": null,
            "visibility": true,
            "htmlEscape": null,
            "orphanRemoval": null,
            "readable": null,
            "writeable": true,
            "identifier": null,
            "unique": false,
            "recommend": false,
            "sattrib": "\/api\/3\/staging_model_metadatas\/65bcc74d-edd8-4491-959d-e57755eaf1cd",
            "uuid": "1a0a12e5-44d3-4662-b778-2ffbe2fe81e8",
            "displayName": "{{ version }}",
            "descriptions": {
                "singular": "Version"
            }
        },
        {
            "@id": "\/api\/3\/attribute_metadatas\/9330490a-f535-4130-8cf5-56dc5bc9e341",
            "@type": "AttributeMetadata",
            "type": "string",
            "name": "myNotes",
            "length": null,
            "orderIndex": 9,
            "formType": "html",
            "dataSource": null,
            "searchable": true,
            "peerReplicable": true,
            "system": false,
            "encrypted": false,
            "gridColumn": false,
            "collection": false,
            "inversedField": null,
            "ownsRelationship": false,
            "validation": {
                "required": false,
                "minlength": 0,
                "maxlength": 10485761
            },
            "bulkAction": {
                "allow": false,
                "buttonText": "",
                "buttonIcon": "",
                "buttonClass": "btn btn-default btn-sm"
            },
            "dataSourceFilters": null,
            "defaultValue": "",
            "tooltip": null,
            "visibility": true,
            "htmlEscape": null,
            "orphanRemoval": null,
            "readable": null,
            "writeable": true,
            "identifier": null,
            "unique": false,
            "recommend": false,
            "sattrib": "\/api\/3\/staging_model_metadatas\/65bcc74d-edd8-4491-959d-e57755eaf1cd",
            "uuid": "9330490a-f535-4130-8cf5-56dc5bc9e341",
            "displayName": "{{ myNotes }}",
            "descriptions": {
                "singular": "My Notes"
            }
        },
        {
            "@id": "\/api\/3\/attribute_metadatas\/4b97f8fb-b041-4de3-ab80-ed0d4cf27ec8",
            "@type": "AttributeMetadata",
            "type": "string",
            "name": "description",
            "length": null,
            "orderIndex": 5,
            "formType": "richtext",
            "dataSource": null,
            "searchable": true,
            "peerReplicable": true,
            "system": false,
            "encrypted": false,
            "gridColumn": false,
            "collection": false,
            "inversedField": null,
            "ownsRelationship": false,
            "validation": {
                "required": false,
                "minlength": 0,
                "maxlength": 10485761,
                "_enableRange": false
            },
            "bulkAction": {
                "allow": false,
                "buttonText": "",
                "buttonIcon": "",
                "buttonClass": "btn btn-default btn-sm"
            },
            "dataSourceFilters": null,
            "defaultValue": null,
            "tooltip": null,
            "visibility": true,
            "htmlEscape": null,
            "orphanRemoval": null,
            "readable": null,
            "writeable": true,
            "identifier": null,
            "unique": false,
            "recommend": false,
            "sattrib": "\/api\/3\/staging_model_metadatas\/65bcc74d-edd8-4491-959d-e57755eaf1cd",
            "uuid": "4b97f8fb-b041-4de3-ab80-ed0d4cf27ec8",
            "displayName": "{{ description }}",
            "descriptions": {
                "singular": "Description"
            }
        },
        {
            "@id": "\/api\/3\/attribute_metadatas\/58de4992-b703-400b-86ee-f9bab08eb7e9",
            "@type": "AttributeMetadata",
            "type": "string",
            "name": "detection",
            "length": null,
            "orderIndex": 6,
            "formType": "richtext",
            "dataSource": null,
            "searchable": true,
            "peerReplicable": true,
            "system": false,
            "encrypted": false,
            "gridColumn": false,
            "collection": false,
            "inversedField": null,
            "ownsRelationship": false,
            "validation": {
                "required": false,
                "minlength": 0,
                "maxlength": 10485761,
                "_enableRange": false
            },
            "bulkAction": {
                "allow": false,
                "buttonText": "",
                "buttonIcon": "",
                "buttonClass": "btn btn-default btn-sm"
            },
            "dataSourceFilters": null,
            "defaultValue": null,
            "tooltip": null,
            "visibility": true,
            "htmlEscape": null,
            "orphanRemoval": null,
            "readable": null,
            "writeable": true,
            "identifier": null,
            "unique": false,
            "recommend": false,
            "sattrib": "\/api\/3\/staging_model_metadatas\/65bcc74d-edd8-4491-959d-e57755eaf1cd",
            "uuid": "58de4992-b703-400b-86ee-f9bab08eb7e9",
            "displayName": "{{ detection }}",
            "descriptions": {
                "singular": "Detection"
            }
        },
        {
            "@id": "\/api\/3\/attribute_metadatas\/46543c78-69f7-445f-8bbe-5442b34f91c7",
            "@type": "AttributeMetadata",
            "type": "string",
            "name": "mitreId",
            "length": null,
            "orderIndex": 2,
            "formType": "text",
            "dataSource": null,
            "searchable": false,
            "peerReplicable": true,
            "system": false,
            "encrypted": false,
            "gridColumn": false,
            "collection": false,
            "inversedField": null,
            "ownsRelationship": false,
            "validation": {
                "required": false,
                "minlength": 0,
                "maxlength": 10485761
            },
            "bulkAction": {
                "allow": false,
                "buttonText": "",
                "buttonIcon": "",
                "buttonClass": "btn btn-default btn-sm"
            },
            "dataSourceFilters": null,
            "defaultValue": "",
            "tooltip": null,
            "visibility": true,
            "htmlEscape": null,
            "orphanRemoval": null,
            "readable": null,
            "writeable": true,
            "identifier": null,
            "unique": false,
            "recommend": false,
            "sattrib": "\/api\/3\/staging_model_metadatas\/65bcc74d-edd8-4491-959d-e57755eaf1cd",
            "uuid": "46543c78-69f7-445f-8bbe-5442b34f91c7",
            "displayName": "{{ mitreId }}",
            "descriptions": {
                "singular": "Mitre ID"
            }
        },
        {
            "@id": "\/api\/3\/attribute_metadatas\/3074d2ab-49fa-42c7-a2b1-319d3401c5c0",
            "@type": "AttributeMetadata",
            "type": "string",
            "name": "name",
            "length": null,
            "orderIndex": 4,
            "formType": "text",
            "dataSource": null,
            "searchable": false,
            "peerReplicable": true,
            "system": false,
            "encrypted": false,
            "gridColumn": false,
            "collection": false,
            "inversedField": null,
            "ownsRelationship": false,
            "validation": {
                "required": false,
                "minlength": 0,
                "maxlength": 10485761
            },
            "bulkAction": {
                "allow": false,
                "buttonText": "",
                "buttonIcon": "",
                "buttonClass": "btn btn-default btn-sm"
            },
            "dataSourceFilters": null,
            "defaultValue": "",
            "tooltip": null,
            "visibility": true,
            "htmlEscape": null,
            "orphanRemoval": null,
            "readable": null,
            "writeable": true,
            "identifier": null,
            "unique": false,
            "recommend": false,
            "sattrib": "\/api\/3\/staging_model_metadatas\/65bcc74d-edd8-4491-959d-e57755eaf1cd",
            "uuid": "3074d2ab-49fa-42c7-a2b1-319d3401c5c0",
            "displayName": "{{ name }}",
            "descriptions": {
                "singular": "Name"
            }
        },
        {
            "@id": "\/api\/3\/attribute_metadatas\/ebd4d207-eb5d-4df9-bc1e-a6a068aaff6d",
            "@type": "AttributeMetadata",
            "type": "mitre_software",
            "name": "software",
            "length": null,
            "orderIndex": 13,
            "formType": "manyToMany",
            "dataSource": {
                "model": "mitre_software"
            },
            "searchable": false,
            "peerReplicable": true,
            "system": false,
            "encrypted": false,
            "gridColumn": false,
            "collection": true,
            "inversedField": "subtechniques",
            "ownsRelationship": true,
            "validation": {
                "required": false,
                "minlength": 0,
                "maxlength": 10485761
            },
            "bulkAction": [],
            "dataSourceFilters": null,
            "defaultValue": null,
            "tooltip": null,
            "visibility": true,
            "htmlEscape": null,
            "orphanRemoval": null,
            "readable": null,
            "writeable": true,
            "identifier": null,
            "unique": false,
            "recommend": false,
            "sattrib": "\/api\/3\/staging_model_metadatas\/65bcc74d-edd8-4491-959d-e57755eaf1cd",
            "uuid": "ebd4d207-eb5d-4df9-bc1e-a6a068aaff6d",
            "displayName": "{{ software }}",
            "descriptions": {
                "singular": "Software"
            }
        },
        {
            "@id": "\/api\/3\/attribute_metadatas\/16b4b5a0-d76c-4948-b40d-c43280d2a43a",
            "@type": "AttributeMetadata",
            "type": "string",
            "name": "permissionsRequired",
            "length": null,
            "orderIndex": 11,
            "formType": "text",
            "dataSource": null,
            "searchable": false,
            "peerReplicable": true,
            "system": false,
            "encrypted": false,
            "gridColumn": false,
            "collection": false,
            "inversedField": null,
            "ownsRelationship": false,
            "validation": {
                "required": false,
                "minlength": 0,
                "maxlength": 10485761
            },
            "bulkAction": {
                "allow": false,
                "buttonText": "",
                "buttonIcon": "",
                "buttonClass": "btn btn-default btn-sm"
            },
            "dataSourceFilters": null,
            "defaultValue": "",
            "tooltip": null,
            "visibility": true,
            "htmlEscape": null,
            "orphanRemoval": null,
            "readable": null,
            "writeable": true,
            "identifier": null,
            "unique": false,
            "recommend": false,
            "sattrib": "\/api\/3\/staging_model_metadatas\/65bcc74d-edd8-4491-959d-e57755eaf1cd",
            "uuid": "16b4b5a0-d76c-4948-b40d-c43280d2a43a",
            "displayName": "{{ permissionsRequired }}",
            "descriptions": {
                "singular": "Permissions Required"
            }
        },
        {
            "@id": "\/api\/3\/attribute_metadatas\/d2da84e6-b410-4bfe-bf2d-16f8c06514e6",
            "@type": "AttributeMetadata",
            "type": "integer",
            "name": "lastModified",
            "length": null,
            "orderIndex": 3,
            "formType": "datetime",
            "dataSource": null,
            "searchable": true,
            "peerReplicable": true,
            "system": false,
            "encrypted": false,
            "gridColumn": false,
            "collection": false,
            "inversedField": null,
            "ownsRelationship": false,
            "validation": {
                "required": false,
                "minlength": 0,
                "maxlength": 10485761
            },
            "bulkAction": {
                "allow": false,
                "buttonText": "",
                "buttonIcon": "",
                "buttonClass": "btn btn-default btn-sm"
            },
            "dataSourceFilters": null,
            "defaultValue": null,
            "tooltip": null,
            "visibility": true,
            "htmlEscape": null,
            "orphanRemoval": null,
            "readable": null,
            "writeable": true,
            "identifier": null,
            "unique": false,
            "recommend": false,
            "sattrib": "\/api\/3\/staging_model_metadatas\/65bcc74d-edd8-4491-959d-e57755eaf1cd",
            "uuid": "d2da84e6-b410-4bfe-bf2d-16f8c06514e6",
            "displayName": "{{ lastModified }}",
            "descriptions": {
                "singular": "Last Modified"
            }
        },
        {
            "@id": "\/api\/3\/attribute_metadatas\/34dfe9b1-7c36-4504-b581-ae2f5e239e84",
            "@type": "AttributeMetadata",
            "type": "string",
            "name": "platforms",
            "length": null,
            "orderIndex": 10,
            "formType": "text",
            "dataSource": null,
            "searchable": false,
            "peerReplicable": true,
            "system": false,
            "encrypted": false,
            "gridColumn": false,
            "collection": false,
            "inversedField": null,
            "ownsRelationship": false,
            "validation": {
                "required": false,
                "minlength": 0,
                "maxlength": 10485761
            },
            "bulkAction": {
                "allow": false,
                "buttonText": "",
                "buttonIcon": "",
                "buttonClass": "btn btn-default btn-sm"
            },
            "dataSourceFilters": null,
            "defaultValue": "",
            "tooltip": null,
            "visibility": true,
            "htmlEscape": null,
            "orphanRemoval": null,
            "readable": null,
            "writeable": true,
            "identifier": null,
            "unique": false,
            "recommend": false,
            "sattrib": "\/api\/3\/staging_model_metadatas\/65bcc74d-edd8-4491-959d-e57755eaf1cd",
            "uuid": "34dfe9b1-7c36-4504-b581-ae2f5e239e84",
            "displayName": "{{ platforms }}",
            "descriptions": {
                "singular": "Platforms"
            }
        },
        {
            "@id": "\/api\/3\/attribute_metadatas\/e8e454ab-5ae7-42e6-80df-d4cdd128d442",
            "@type": "AttributeMetadata",
            "type": "integer",
            "name": "created",
            "length": null,
            "orderIndex": 14,
            "formType": "datetime",
            "dataSource": null,
            "searchable": true,
            "peerReplicable": true,
            "system": false,
            "encrypted": false,
            "gridColumn": false,
            "collection": false,
            "inversedField": null,
            "ownsRelationship": false,
            "validation": {
                "required": false,
                "minlength": 0,
                "maxlength": 10485761
            },
            "bulkAction": {
                "allow": false,
                "buttonText": "",
                "buttonIcon": "",
                "buttonClass": "btn btn-default btn-sm"
            },
            "dataSourceFilters": null,
            "defaultValue": null,
            "tooltip": null,
            "visibility": true,
            "htmlEscape": null,
            "orphanRemoval": null,
            "readable": null,
            "writeable": true,
            "identifier": null,
            "unique": false,
            "recommend": false,
            "sattrib": "\/api\/3\/staging_model_metadatas\/65bcc74d-edd8-4491-959d-e57755eaf1cd",
            "uuid": "e8e454ab-5ae7-42e6-80df-d4cdd128d442",
            "displayName": "{{ created }}",
            "descriptions": {
                "singular": "Created"
            }
        },
        {
            "@id": "\/api\/3\/attribute_metadatas\/12cfe3bd-d6f0-4f73-880e-abcacce6c0df",
            "@type": "AttributeMetadata",
            "type": "string",
            "name": "capecId",
            "length": null,
            "orderIndex": 15,
            "formType": "text",
            "dataSource": null,
            "searchable": false,
            "peerReplicable": true,
            "system": false,
            "encrypted": false,
            "gridColumn": false,
            "collection": false,
            "inversedField": null,
            "ownsRelationship": false,
            "validation": {
                "required": false,
                "minlength": 0,
                "maxlength": 10485761
            },
            "bulkAction": {
                "allow": false,
                "buttonText": "",
                "buttonIcon": "",
                "buttonClass": "btn btn-default btn-sm"
            },
            "dataSourceFilters": null,
            "defaultValue": "",
            "tooltip": null,
            "visibility": true,
            "htmlEscape": null,
            "orphanRemoval": null,
            "readable": null,
            "writeable": true,
            "identifier": null,
            "unique": false,
            "recommend": false,
            "sattrib": "\/api\/3\/staging_model_metadatas\/65bcc74d-edd8-4491-959d-e57755eaf1cd",
            "uuid": "12cfe3bd-d6f0-4f73-880e-abcacce6c0df",
            "displayName": "{{ capecId }}",
            "descriptions": {
                "singular": "CAPEC ID"
            }
        },
        {
            "@id": "\/api\/3\/attribute_metadatas\/522c3a21-15ca-4611-aab8-4a254c025e12",
            "@type": "AttributeMetadata",
            "type": "string",
            "name": "dataSources",
            "length": null,
            "orderIndex": 12,
            "formType": "text",
            "dataSource": null,
            "searchable": false,
            "peerReplicable": true,
            "system": false,
            "encrypted": false,
            "gridColumn": false,
            "collection": false,
            "inversedField": null,
            "ownsRelationship": false,
            "validation": {
                "required": false,
                "minlength": 0,
                "maxlength": 10485761
            },
            "bulkAction": {
                "allow": false,
                "buttonText": "",
                "buttonIcon": "",
                "buttonClass": "btn btn-default btn-sm"
            },
            "dataSourceFilters": null,
            "defaultValue": "",
            "tooltip": null,
            "visibility": true,
            "htmlEscape": null,
            "orphanRemoval": null,
            "readable": null,
            "writeable": true,
            "identifier": null,
            "unique": false,
            "recommend": false,
            "sattrib": "\/api\/3\/staging_model_metadatas\/65bcc74d-edd8-4491-959d-e57755eaf1cd",
            "uuid": "522c3a21-15ca-4611-aab8-4a254c025e12",
            "displayName": "{{ dataSources }}",
            "descriptions": {
                "singular": "Data Sources"
            }
        }
    ],
    "system": false,
    "module": "mitre_sub_techniques",
    "uuid": "65bcc74d-edd8-4491-959d-e57755eaf1cd",
    "displayName": "{{ name }}",
    "descriptions": {
        "singular": "Sub-technique",
        "plural": "Sub-techniques"
    }
}