{
    "@context": "\/api\/3\/contexts\/SystemViewTemplate",
    "@type": "SystemViewTemplate",
    "type": "rows",
    "config": {
        "rows": [
            {
                "columns": [
                    {
                        "widgets": [
                            {
                                "type": "primaryDetail",
                                "config": {
                                    "wid": "fcb87d65-3b27-4533-b28f-e0af76104fa7",
                                    "idField": "mitreId",
                                    "picklistFieldReadOnly": false,
                                    "titleFieldReadOnly": false,
                                    "titleFieldLinky": true,
                                    "featuredRelationship": {
                                        "field": null,
                                        "preText": "Under Investigation In",
                                        "query": null,
                                        "statusField": null,
                                        "sort": []
                                    },
                                    "titleField": "name"
                                }
                            }
                        ],
                        "style": "col-lg-12"
                    }
                ],
                "wid": "adcc66ca-7996-4ecf-b315-70ff8059c5f0",
                "_collapsed": false
            },
            {
                "columns": [
                    {
                        "widgets": [
                            {
                                "type": "editableFormGroup",
                                "config": {
                                    "wid": "2ba9312f-b798-4178-a80b-0fa3eb1242ad",
                                    "rows": [
                                        {
                                            "columns": [
                                                {
                                                    "fields": [
                                                        {
                                                            "name": "description",
                                                            "highlightMode": true,
                                                            "linky": true,
                                                            "readOnly": true
                                                        },
                                                        {
                                                            "name": "myNotes",
                                                            "highlightMode": true,
                                                            "linky": true,
                                                            "readOnly": false
                                                        }
                                                    ]
                                                }
                                            ]
                                        }
                                    ]
                                }
                            }
                        ],
                        "style": "col-lg-9"
                    },
                    {
                        "widgets": [
                            {
                                "type": "editableFormGroup",
                                "config": {
                                    "wid": "f263c7f7-c379-42bb-8af8-9e4928ef6466",
                                    "rows": [
                                        {
                                            "columns": [
                                                {
                                                    "fields": [
                                                        {
                                                            "name": "created",
                                                            "highlightMode": true,
                                                            "linky": true,
                                                            "readOnly": true
                                                        },
                                                        {
                                                            "name": "lastModified",
                                                            "highlightMode": true,
                                                            "linky": true,
                                                            "readOnly": true
                                                        }
                                                    ]
                                                }
                                            ]
                                        }
                                    ]
                                }
                            }
                        ],
                        "style": "col-lg-3"
                    }
                ],
                "wid": "890a4e4c-e492-4199-82fa-48b2fb8a6d0b",
                "collapsible": false,
                "collapsibleIndex": 0,
                "_collapsed": false
            },
            {
                "columns": [
                    {
                        "widgets": [
                            {
                                "type": "tabs",
                                "config": {
                                    "tabs": [
                                        {
                                            "title": "Techniques",
                                            "widget": {
                                                "type": "relationship.subtab",
                                                "config": {
                                                    "excludes": [
                                                        "notes",
                                                        "comments",
                                                        "userOwners",
                                                        "attachments"
                                                    ],
                                                    "wid": "c64d582b-3886-481c-800a-fb1769a2cd3f"
                                                }
                                            },
                                            "show": true,
                                            "icon": "fa fa-th-list"
                                        }
                                    ],
                                    "wid": "2ed2b389-383d-4200-aabe-20dcbde63a83"
                                }
                            }
                        ],
                        "style": "col-lg-12"
                    }
                ],
                "wid": "fe8b0af0-4108-4720-b5ba-e28a91948de3",
                "_collapsed": false
            }
        ],
        "actionButtons": [],
        "wid": "216f31a4-74c5-4032-a726-6ea55f015d38"
    },
    "uuid": "modules-mitre_tactics-detail"
}