{
    "@context": "\/api\/3\/contexts\/StagingModelMetadata",
    "@id": "\/api\/3\/staging_model_metadatas\/7766783d-93e3-4466-a7cf-6bc8917260e6",
    "@type": "StagingModelMetadata",
    "type": "mitre_tactics",
    "parentType": null,
    "tableName": "mitre_tactics",
    "ownable": false,
    "userOwnable": false,
    "trackable": false,
    "taggable": true,
    "peerReplicable": false,
    "defaultSort": [],
    "uniqueConstraint": [],
    "indexable": true,
    "writable": true,
    "attributes": [
        {
            "@id": "\/api\/3\/attribute_metadatas\/8d493d57-5dff-4ad8-9f84-1c9f1472814d",
            "@type": "AttributeMetadata",
            "type": "string",
            "name": "mitreId",
            "length": null,
            "orderIndex": 1,
            "formType": "text",
            "dataSource": null,
            "searchable": false,
            "peerReplicable": true,
            "system": false,
            "encrypted": false,
            "gridColumn": false,
            "collection": false,
            "inversedField": null,
            "ownsRelationship": false,
            "validation": {
                "required": false,
                "minlength": 0,
                "maxlength": 10485761
            },
            "bulkAction": {
                "allow": false,
                "buttonText": "",
                "buttonIcon": "",
                "buttonClass": "btn btn-default btn-sm"
            },
            "dataSourceFilters": null,
            "defaultValue": "",
            "tooltip": null,
            "visibility": true,
            "htmlEscape": null,
            "orphanRemoval": null,
            "readable": null,
            "writeable": true,
            "identifier": null,
            "unique": false,
            "recommend": false,
            "sattrib": "\/api\/3\/staging_model_metadatas\/7766783d-93e3-4466-a7cf-6bc8917260e6",
            "uuid": "8d493d57-5dff-4ad8-9f84-1c9f1472814d",
            "displayName": "{{ mitreId }}",
            "descriptions": {
                "singular": "Mitre ID"
            }
        },
        {
            "@id": "\/api\/3\/attribute_metadatas\/44edb785-24b8-42f6-a881-23872d1d82e6",
            "@type": "AttributeMetadata",
            "type": "string",
            "name": "domains",
            "length": null,
            "orderIndex": 8,
            "formType": "text",
            "dataSource": null,
            "searchable": false,
            "peerReplicable": true,
            "system": false,
            "encrypted": false,
            "gridColumn": false,
            "collection": false,
            "inversedField": null,
            "ownsRelationship": false,
            "validation": {
                "required": false,
                "minlength": 0,
                "maxlength": 10485761
            },
            "bulkAction": {
                "allow": false,
                "buttonText": "",
                "buttonIcon": "",
                "buttonClass": "btn btn-default btn-sm"
            },
            "dataSourceFilters": null,
            "defaultValue": "",
            "tooltip": null,
            "visibility": true,
            "htmlEscape": null,
            "orphanRemoval": null,
            "readable": null,
            "writeable": true,
            "identifier": null,
            "unique": false,
            "recommend": false,
            "sattrib": "\/api\/3\/staging_model_metadatas\/7766783d-93e3-4466-a7cf-6bc8917260e6",
            "uuid": "44edb785-24b8-42f6-a881-23872d1d82e6",
            "displayName": "{{ domains }}",
            "descriptions": {
                "singular": "Domains"
            }
        },
        {
            "@id": "\/api\/3\/attribute_metadatas\/677952e6-95cf-4ef3-ac9e-2103c44f6512",
            "@type": "AttributeMetadata",
            "type": "string",
            "name": "description",
            "length": null,
            "orderIndex": 3,
            "formType": "richtext",
            "dataSource": null,
            "searchable": true,
            "peerReplicable": true,
            "system": false,
            "encrypted": false,
            "gridColumn": false,
            "collection": false,
            "inversedField": null,
            "ownsRelationship": false,
            "validation": {
                "required": false,
                "minlength": 0,
                "maxlength": 10485761,
                "_enableRange": false
            },
            "bulkAction": {
                "allow": false,
                "buttonText": "",
                "buttonIcon": "",
                "buttonClass": "btn btn-default btn-sm"
            },
            "dataSourceFilters": null,
            "defaultValue": null,
            "tooltip": null,
            "visibility": true,
            "htmlEscape": null,
            "orphanRemoval": null,
            "readable": null,
            "writeable": true,
            "identifier": null,
            "unique": false,
            "recommend": false,
            "sattrib": "\/api\/3\/staging_model_metadatas\/7766783d-93e3-4466-a7cf-6bc8917260e6",
            "uuid": "677952e6-95cf-4ef3-ac9e-2103c44f6512",
            "displayName": "{{ description }}",
            "descriptions": {
                "singular": "Description"
            }
        },
        {
            "@id": "\/api\/3\/attribute_metadatas\/3d2b93ef-7cb8-4870-a590-448c443c04de",
            "@type": "AttributeMetadata",
            "type": "string",
            "name": "name",
            "length": null,
            "orderIndex": 2,
            "formType": "text",
            "dataSource": null,
            "searchable": false,
            "peerReplicable": true,
            "system": false,
            "encrypted": false,
            "gridColumn": false,
            "collection": false,
            "inversedField": null,
            "ownsRelationship": false,
            "validation": {
                "required": false,
                "minlength": 0,
                "maxlength": 10485761
            },
            "bulkAction": {
                "allow": false,
                "buttonText": "",
                "buttonIcon": "",
                "buttonClass": "btn btn-default btn-sm"
            },
            "dataSourceFilters": null,
            "defaultValue": "",
            "tooltip": null,
            "visibility": true,
            "htmlEscape": null,
            "orphanRemoval": null,
            "readable": null,
            "writeable": true,
            "identifier": null,
            "unique": false,
            "recommend": false,
            "sattrib": "\/api\/3\/staging_model_metadatas\/7766783d-93e3-4466-a7cf-6bc8917260e6",
            "uuid": "3d2b93ef-7cb8-4870-a590-448c443c04de",
            "displayName": "{{ name }}",
            "descriptions": {
                "singular": "Name"
            }
        },
        {
            "@id": "\/api\/3\/attribute_metadatas\/38a7c78d-1a48-4e92-871c-ff1cb2a79f57",
            "@type": "AttributeMetadata",
            "type": "string",
            "name": "myNotes",
            "length": null,
            "orderIndex": 4,
            "formType": "richtext",
            "dataSource": null,
            "searchable": true,
            "peerReplicable": true,
            "system": false,
            "encrypted": false,
            "gridColumn": false,
            "collection": false,
            "inversedField": null,
            "ownsRelationship": false,
            "validation": {
                "required": false,
                "minlength": 0,
                "maxlength": 10485761,
                "_enableRange": false
            },
            "bulkAction": {
                "allow": false,
                "buttonText": "",
                "buttonIcon": "",
                "buttonClass": "btn btn-default btn-sm"
            },
            "dataSourceFilters": null,
            "defaultValue": null,
            "tooltip": null,
            "visibility": true,
            "htmlEscape": null,
            "orphanRemoval": null,
            "readable": null,
            "writeable": true,
            "identifier": null,
            "unique": false,
            "recommend": false,
            "sattrib": "\/api\/3\/staging_model_metadatas\/7766783d-93e3-4466-a7cf-6bc8917260e6",
            "uuid": "38a7c78d-1a48-4e92-871c-ff1cb2a79f57",
            "displayName": "{{ myNotes }}",
            "descriptions": {
                "singular": "My Notes"
            }
        },
        {
            "@id": "\/api\/3\/attribute_metadatas\/f286409f-c9ab-44b4-aef6-d85cbe0b0137",
            "@type": "AttributeMetadata",
            "type": "integer",
            "name": "created",
            "length": null,
            "orderIndex": 6,
            "formType": "datetime",
            "dataSource": null,
            "searchable": true,
            "peerReplicable": true,
            "system": false,
            "encrypted": false,
            "gridColumn": false,
            "collection": false,
            "inversedField": null,
            "ownsRelationship": false,
            "validation": {
                "required": false,
                "minlength": 0,
                "maxlength": 10485761
            },
            "bulkAction": {
                "allow": false,
                "buttonText": "",
                "buttonIcon": "",
                "buttonClass": "btn btn-default btn-sm"
            },
            "dataSourceFilters": null,
            "defaultValue": null,
            "tooltip": null,
            "visibility": true,
            "htmlEscape": null,
            "orphanRemoval": null,
            "readable": null,
            "writeable": true,
            "identifier": null,
            "unique": false,
            "recommend": false,
            "sattrib": "\/api\/3\/staging_model_metadatas\/7766783d-93e3-4466-a7cf-6bc8917260e6",
            "uuid": "f286409f-c9ab-44b4-aef6-d85cbe0b0137",
            "displayName": "{{ created }}",
            "descriptions": {
                "singular": "Created"
            }
        },
        {
            "@id": "\/api\/3\/attribute_metadatas\/14a956e1-9b31-4a1b-9dc7-1e1439559a92",
            "@type": "AttributeMetadata",
            "type": "integer",
            "name": "lastModified",
            "length": null,
            "orderIndex": 7,
            "formType": "datetime",
            "dataSource": null,
            "searchable": true,
            "peerReplicable": true,
            "system": false,
            "encrypted": false,
            "gridColumn": false,
            "collection": false,
            "inversedField": null,
            "ownsRelationship": false,
            "validation": {
                "required": false,
                "minlength": 0,
                "maxlength": 10485761
            },
            "bulkAction": {
                "allow": false,
                "buttonText": "",
                "buttonIcon": "",
                "buttonClass": "btn btn-default btn-sm"
            },
            "dataSourceFilters": null,
            "defaultValue": null,
            "tooltip": null,
            "visibility": true,
            "htmlEscape": null,
            "orphanRemoval": null,
            "readable": null,
            "writeable": true,
            "identifier": null,
            "unique": false,
            "recommend": false,
            "sattrib": "\/api\/3\/staging_model_metadatas\/7766783d-93e3-4466-a7cf-6bc8917260e6",
            "uuid": "14a956e1-9b31-4a1b-9dc7-1e1439559a92",
            "displayName": "{{ lastModified }}",
            "descriptions": {
                "singular": "Last Modified"
            }
        },
        {
            "@id": "\/api\/3\/attribute_metadatas\/70054ed1-a59e-43b3-a4fd-799029944c37",
            "@type": "AttributeMetadata",
            "type": "mitre_techniques",
            "name": "techniques",
            "length": null,
            "orderIndex": 5,
            "formType": "manyToMany",
            "dataSource": {
                "model": "mitre_techniques"
            },
            "searchable": false,
            "peerReplicable": true,
            "system": false,
            "encrypted": false,
            "gridColumn": false,
            "collection": true,
            "inversedField": "tactics",
            "ownsRelationship": false,
            "validation": {
                "required": false,
                "minlength": 0,
                "maxlength": 10485761,
                "_enableRange": false
            },
            "bulkAction": [],
            "dataSourceFilters": null,
            "defaultValue": null,
            "tooltip": null,
            "visibility": true,
            "htmlEscape": null,
            "orphanRemoval": null,
            "readable": null,
            "writeable": true,
            "identifier": null,
            "unique": false,
            "recommend": false,
            "sattrib": "\/api\/3\/staging_model_metadatas\/7766783d-93e3-4466-a7cf-6bc8917260e6",
            "uuid": "70054ed1-a59e-43b3-a4fd-799029944c37",
            "displayName": "{{ techniques }}",
            "descriptions": {
                "singular": "Techniques"
            }
        }
    ],
    "system": false,
    "module": "mitre_tactics",
    "uuid": "7766783d-93e3-4466-a7cf-6bc8917260e6",
    "displayName": "{{ name }}",
    "descriptions": {
        "singular": "Tactic",
        "plural": "Tactics"
    }
}