{
    "@context": "\/api\/3\/contexts\/WorkflowCollection",
    "@type": "WorkflowCollection",
    "name": "13 - MITRE ATT&CK\u2122 - Access Token Manipulation",
    "description": "Playbooks designed to hunt Access Token Manipulation Techniques identified in the MITRE ATT&CK Framework",
    "visible": true,
    "image": null,
    "uuid": "00eb74ce-83cd-4f54-8539-3f038909e0f2",
    "id": 93,
    "createUser": "\/api\/3\/people\/3451141c-bac6-467c-8d72-85e0fab569ce",
    "createDate": 1633085062,
    "modifyUser": "\/api\/3\/people\/3451141c-bac6-467c-8d72-85e0fab569ce",
    "modifyDate": 1633085062,
    "recordTags": []
}