{
    "@type": "Workflow",
    "triggerLimit": null,
    "name": "HUNTS - XSL Script Processing (T1220)",
    "aliasName": null,
    "tag": "ATT&CK, Execution, Defense_Evasion, XSL_Script_Processing",
    "description": "Detects process execution via the use of XSL scripts. XSL scripts can allow a user to bypass application whitelisting by executing code through trusted OS binaries.",
    "isActive": false,
    "debug": false,
    "singleRecordExecution": false,
    "remoteExecutableFlag": false,
    "parameters": [
        "sourceIP",
        "destinationIP",
        "processname",
        "processID",
        "processGUID",
        "parentprocessname",
        "parentprocessGUID",
        "accountname",
        "computername",
        "commandline",
        "sourcetool"
    ],
    "synchronous": false,
    "lastModifyDate": 1633085062,
    "collection": "\/api\/3\/workflow_collections\/9ecc64e1-cacd-4aac-b361-ad1b44117b44",
    "versions": [],
    "triggerStep": "\/api\/3\/workflow_steps\/47be8247-5127-4984-bfac-fe5ac124e9c5",
    "steps": [
        {
            "@type": "WorkflowStep",
            "name": "Create and Link MSXSL Alert",
            "description": null,
            "arguments": {
                "for_each": {
                    "item": "{{vars.steps.Get_Results_2.data.results}}",
                    "condition": ""
                },
                "arguments": {
                    "MD5": "{{vars.item.MD5}}",
                    "url": "",
                    "source": "{{vars.item.EventChannel}}",
                    "comment": "SIEM query identified XSL script execution via process {{vars.item.process_exec}} on {{vars.item.host}} at {{vars.item.TimeCreated}}.",
                    "huntIRI": "{{vars.input.records[0]['@id']}}",
                    "service": "",
                    "filePath": "{{vars.item.Image}}",
                    "hostName": "{{vars.item.host}}",
                    "sourceIP": "null",
                    "userName": "{{vars.item.User}}",
                    "alertName": "ATT&CK-XSL Script Processing-{{vars.item.process_exec}} executed a .XSL file",
                    "epochTime": "{{ arrow.get(vars.item.UtcTime).timestamp }}",
                    "eventName": "",
                    "eventTime": "{{vars.item.UtcTime}}",
                    "processID": "{{vars.item.ProcessId}}",
                    "technique": "XSL Script Processing (MSXSL or similar)",
                    "sourceData": "{{vars.item}}",
                    "sourceTool": "{{vars.item.vendor_product}}",
                    "commandline": "{{vars.item.CommandLine}}",
                    "description": "An attempt to invoke an XSL script from the command line was observed. XSL can be used to execute arbitrary code via trusted binary execution. Use of this technique may bypass application whitelisting and allow an attacker to bypass other defenses. Attention should be paid to the commands passed as well as processes spawned.",
                    "processGUID": "{{vars.item.ProcessGuid}}",
                    "processName": "{{vars.item.process_exec}}",
                    "registryKey": "",
                    "sourceImage": "",
                    "targetImage": "",
                    "computerName": "{{vars.item.Computer}}",
                    "destinationIP": "null",
                    "mitre_tech_id": "T1220",
                    "parentProcess": "{{vars.item.ParentImage}}",
                    "scheduledTask": "",
                    "bitstransferid": "",
                    "parentProcessID": "{{vars.item.ParentProcessId}}",
                    "bytestransferred": "",
                    "registryKeyValue": "",
                    "parentCommandLine": "{{vars.item.ParentCommandLine}}",
                    "decodedCommandLine": ""
                },
                "apply_async": false,
                "step_variables": [],
                "workflowReference": "\/api\/3\/workflows\/bf7d418b-7ff3-44c1-b473-90d0a03c4641"
            },
            "status": null,
            "top": "114",
            "left": "1620",
            "stepType": "\/api\/3\/workflow_step_types\/74932bdc-b8b6-4d24-88c4-1a4dfbc524f3",
            "uuid": "19b976d8-071a-436f-aa2d-eedcb553420c",
            "id": 4724
        },
        {
            "@type": "WorkflowStep",
            "name": "Copy2 of Create and Link MSXSL Alert",
            "description": null,
            "arguments": {
                "for_each": {
                    "item": "{{vars.steps.Elastic_query_for_MSXSL_XSL_Script_Processing.data.hits.hits}}",
                    "condition": ""
                },
                "arguments": {
                    "MD5": "{{vars.item._source.event_data.Hashes.split(\"MD5=\")[1].split(',')[0]}}",
                    "url": "",
                    "source": "{{vars.item._source.source_name}}",
                    "comment": "SIEM query identified XSL script execution via process {{vars.item._source.image_path.split(\"\\\\\")[-1] }} on {{vars.item._source.beat.hostname}} at {{vars.item._source.event_data.UtcTime}}.",
                    "huntIRI": "{{vars.input.records[0]['@id']}}",
                    "service": "",
                    "filePath": "{{vars.item._source.parent_image_path}}",
                    "hostName": "{{vars.item._source.beat.hostname}}",
                    "sourceIP": "",
                    "userName": "{{vars.item._source.username}}",
                    "alertName": "ATT&CK-XSL Script Processing-MSXSL",
                    "epochTime": "{{ arrow.get(vars.item._source.event_data.UtcTime).timestamp }}",
                    "eventName": "",
                    "eventTime": "{{vars.item._source.event_data.UtcTime}}",
                    "processID": "{{vars.item._source.event_data.ProcessId}}",
                    "technique": "XSL Script Processing (MSXSL or similar)",
                    "sourceData": "{{vars.item}}",
                    "sourceTool": "{{vars.item._source.source_name}}",
                    "commandline": "{{vars.item._source.event_data.CommandLine}}",
                    "description": "An attempt to invoke an XSL script from the command line was observed. XSL can be used to execute arbitrary code via trusted binary execution. Use of this technique may bypass application whitelisting and allow an attacker to bypass other defenses. Attention should be paid to the commands passed  as well as processes spawned.",
                    "processGUID": "{{vars.item._source.event_data.ProcessGuid}}",
                    "processName": "{{vars.item._source.image_path.split(\"\\\\\")[-1] }}",
                    "registryKey": "",
                    "sourceImage": "",
                    "targetImage": "",
                    "computerName": "{{vars.item._source.computer_name}}",
                    "destinationIP": "",
                    "mitre_tech_id": "T1220",
                    "parentProcess": "{{vars.item._source.parent_image_path}}",
                    "scheduledTask": "",
                    "bitstransferid": "",
                    "parentProcessID": "{{vars.item._source.event_data.ParentProcessId}}",
                    "bytestransferred": "",
                    "registryKeyValue": "",
                    "parentCommandLine": "{{vars.item._source.event_data.ParentCommandLine}}",
                    "decodedCommandLine": ""
                },
                "apply_async": false,
                "step_variables": [],
                "workflowReference": "\/api\/3\/workflows\/bf7d418b-7ff3-44c1-b473-90d0a03c4641"
            },
            "status": null,
            "top": "432",
            "left": "1620",
            "stepType": "\/api\/3\/workflow_step_types\/74932bdc-b8b6-4d24-88c4-1a4dfbc524f3",
            "uuid": "f39751de-2769-459e-8744-3405bff176df",
            "id": 4725
        },
        {
            "@type": "WorkflowStep",
            "name": "Copy  of Create and Link WMIC Alert",
            "description": null,
            "arguments": {
                "for_each": {
                    "item": "{{vars.steps.Elastic_query_for_WMIC_XSL_Script_Processing.data.hits.hits}}",
                    "condition": ""
                },
                "arguments": {
                    "MD5": "{{vars.item._source.event_data.Hashes.split(\"MD5=\")[1].split(',')[0]}}",
                    "url": "",
                    "source": "{{vars.item._source.source_name}}",
                    "comment": "SIEM query identified invocation on an XSL script via WMIC on {{vars.item._source.beat.hostname}} at {{vars.item._source.event_data.UtcTime}}.",
                    "huntIRI": "{{vars.input.records[0]['@id']}}",
                    "service": "",
                    "filePath": "{{vars.item._source.parent_image_path}}",
                    "hostName": "{{vars.item._source.beat.hostname}}",
                    "sourceIP": "",
                    "userName": "{{vars.item._source.username}}",
                    "alertName": "ATT&CK-XSL Script Processing-Child Process-{{vars.item._source.image_path.split(\"\\\\\")[-1] }}",
                    "epochTime": "{{ arrow.get(vars.item._source.event_data.UtcTime).timestamp }}",
                    "eventName": "",
                    "eventTime": "{{vars.item._source.event_data.UtcTime}}",
                    "processID": "{{vars.item._source.event_data.ProcessId}}",
                    "technique": "XSL Script Processing (WMIC)",
                    "sourceData": "{{vars.item}}",
                    "sourceTool": "{{vars.item._source.source_name}}",
                    "commandline": "{{vars.item._source.event_data.CommandLine}}",
                    "description": "An attempt to invoke an XSL script using WMIC was observed. XSL can be used to execute arbitrary code via trusted binary execution. Use of this technique may bypass application whitelisting and allow an attacker to bypass other defenses. Attention should be paid to the commands passed as well as processes spawned.",
                    "processGUID": "{{vars.item._source.event_data.ProcessGuid}}",
                    "processName": "{{vars.item._source.image_path.split(\"\\\\\")[-1] }}",
                    "registryKey": "",
                    "sourceImage": "",
                    "targetImage": "",
                    "computerName": "{{vars.item._source.computer_name}}",
                    "destinationIP": "",
                    "mitre_tech_id": "T1220",
                    "parentProcess": "{{vars.item._source.parent_image_path}}",
                    "scheduledTask": "",
                    "bitstransferid": "",
                    "parentProcessID": "{{vars.item._source.event_data.ParentProcessId}}",
                    "bytestransferred": "",
                    "registryKeyValue": "",
                    "parentCommandLine": "{{vars.item._source.event_data.ParentCommandLine}}",
                    "decodedCommandLine": ""
                },
                "apply_async": false,
                "step_variables": [],
                "workflowReference": "\/api\/3\/workflows\/bf7d418b-7ff3-44c1-b473-90d0a03c4641"
            },
            "status": null,
            "top": "333",
            "left": "1620",
            "stepType": "\/api\/3\/workflow_step_types\/74932bdc-b8b6-4d24-88c4-1a4dfbc524f3",
            "uuid": "67727738-1658-4efc-99fd-396c70f6a811",
            "id": 4726
        },
        {
            "@type": "WorkflowStep",
            "name": "Splunk query for MSXSL XSL Script Processing",
            "description": null,
            "arguments": {
                "name": "Splunk",
                "config": "55bf97af-75c2-45ca-ae75-f4d27220cc52",
                "params": {
                    "query": "index=sysmon EventCode=1 {{vars.splunkHuntStart}} {{vars.splunkHuntEnd}} CommandLine=\"*.xsl*\" OR Product=\"Command Line XSLT\" OR Image=\"*.msxsl.exe\" Image!=\"C:\\\\Windows\\\\System32\\\\wbem\\\\WMIC.exe\" Image!=\"C:\\\\Windows\\\\SysWOW64\\\\wbem\\\\WMIC.exe\" | table host Image MD5 ParentImage User CommandLine process_exec vendor_product TimeCreated ParentProcessId ProcessId ParentCommandLine ProcessGuid UtcTime EventChannel Computer",
                    "exec_mode": "",
                    "auto_cancel": "",
                    "latest_time": "",
                    "earliest_time": "",
                    "additional_search_args": "{\"a\":\"B\"}"
                },
                "version": "1.5.0",
                "connector": "splunk",
                "operation": "invoke_search",
                "operationTitle": "Invoke Search",
                "step_variables": []
            },
            "status": null,
            "top": "114",
            "left": "1000",
            "stepType": "\/api\/3\/workflow_step_types\/0bfed618-0316-11e7-93ae-92361f002671",
            "uuid": "57809ef9-3d9e-4258-80d4-e1d018e0bddc",
            "id": 4727
        },
        {
            "@type": "WorkflowStep",
            "name": "Elastic query for WMIC XSL Script Processing",
            "description": null,
            "arguments": {
                "name": "ElasticSearch",
                "config": "8d03a01d-1cef-40a8-992a-63d8de2b339f",
                "params": {
                    "index": "logstash-beats-*",
                    "query": "event_type:sysmon AND event_id:1 AND @timestamp:{ {{vars.elasticHuntStart}} TO {{vars.elasticHuntEnd}} } AND (image_path:\"C:\\\\Windows\\\\System32\\\\wbem\\\\WMIC.exe\" OR image_path:\"C:\\\\Windows\\\\SysWOW64\\\\wbem\\\\WMIC.exe\") AND event_data.CommandLine:*.xsl*",
                    "run_as_user": ""
                },
                "version": "2.2.0",
                "connector": "elasticsearch",
                "operation": "execute_lucene_query",
                "operationTitle": "Execute Lucene Query",
                "step_variables": []
            },
            "status": null,
            "top": "334",
            "left": "1000",
            "stepType": "\/api\/3\/workflow_step_types\/0bfed618-0316-11e7-93ae-92361f002671",
            "uuid": "8e823a32-b10c-4090-8273-5313b8fc0e15",
            "id": 4728
        },
        {
            "@type": "WorkflowStep",
            "name": "Get Results 3",
            "description": null,
            "arguments": {
                "name": "Splunk",
                "config": "55bf97af-75c2-45ca-ae75-f4d27220cc52",
                "params": {
                    "sid": "{'value': \"{{vars.steps.Splunk_query_for_Child_Processes_via__XSL_Script_Processing.data.sid}}\"}",
                    "additional_args": "{\"a\":\"B\"}"
                },
                "version": "1.4.0",
                "do_until": {
                    "delay": "1",
                    "retries": "300",
                    "condition": "{{\"results\" in vars.result.data}}"
                },
                "connector": "splunk",
                "operation": "get_results",
                "operationTitle": "Get Results for a Search",
                "step_variables": []
            },
            "status": null,
            "top": "200",
            "left": "1300",
            "stepType": "\/api\/3\/workflow_step_types\/0bfed618-0316-11e7-93ae-92361f002671",
            "uuid": "b3e6a6e4-a83c-40b1-b8cd-beeea5767a00",
            "id": 4729
        },
        {
            "@type": "WorkflowStep",
            "name": "Copy 1 of Copy  of Create and Link WMIC Alert",
            "description": null,
            "arguments": {
                "for_each": {
                    "item": "{{vars.steps.Elastic_query_for_Child_Processes_via_XSL_Script_Processing.data.hits.hits}}",
                    "condition": ""
                },
                "arguments": {
                    "MD5": "{{vars.item._source.event_data.Hashes.split(\"MD5=\")[1].split(',')[0]}}",
                    "url": "",
                    "source": "{{vars.item._source.source_name}}",
                    "comment": "SIEM query identified an XSL script in the command line, leading to spawning of child process {{vars.item._source.image_path.split(\"\\\\\")[-1]}} on {{vars.item._source.beat.hostname}} at {{vars.item._source.event_data.UtcTime}}.",
                    "huntIRI": "{{vars.input.records[0]['@id']}}",
                    "service": "",
                    "filePath": "{{vars.item._source.parent_image_path}}",
                    "hostName": "{{vars.item._source.beat.hostname}}",
                    "sourceIP": "",
                    "userName": "{{vars.item._source.username}}",
                    "alertName": "ATT&CK-XSL Script Processing-Child Process-{{vars.item._source.image_path.split(\"\\\\\")[-1] }}",
                    "epochTime": "{{ arrow.get(vars.item._source.event_data.UtcTime).timestamp }}",
                    "eventName": "",
                    "eventTime": "{{vars.item._source.event_data.UtcTime}}",
                    "processID": "{{vars.item._source.event_data.ProcessId}}",
                    "technique": "XSL Script Processing (Process Spawned)",
                    "sourceData": "{{vars.item}}",
                    "sourceTool": "{{vars.item._source.source_name}}",
                    "commandline": "{{vars.item._source.event_data.CommandLine}}",
                    "description": "An attempt to invoke an XSL script from the command line resulting in the spawning of a child process was observed. XSL scripts can be used to execute arbitrary code via trusted binary execution. Use of this technique may bypass application whitelisting and allow an attacker to bypass other defenses. Attention should be paid to the commands passed as well as processes spawned.",
                    "processGUID": "{{vars.item._source.event_data.ProcessGuid}}",
                    "processName": "{{vars.item._source.image_path.split(\"\\\\\")[-1] }}",
                    "registryKey": "",
                    "sourceImage": "",
                    "targetImage": "",
                    "computerName": "{{vars.item._source.computer_name}}",
                    "destinationIP": "",
                    "mitre_tech_id": "T1220",
                    "parentProcess": "{{vars.item._source.parent_image_path}}",
                    "scheduledTask": "",
                    "bitstransferid": "",
                    "parentProcessID": "{{vars.item._source.event_data.ParentProcessId}}",
                    "bytestransferred": "",
                    "registryKeyValue": "",
                    "parentCommandLine": "{{vars.item._source.event_data.ParentCommandLine}}",
                    "decodedCommandLine": ""
                },
                "apply_async": false,
                "step_variables": [],
                "workflowReference": "\/api\/3\/workflows\/bf7d418b-7ff3-44c1-b473-90d0a03c4641"
            },
            "status": null,
            "top": "540",
            "left": "1620",
            "stepType": "\/api\/3\/workflow_step_types\/74932bdc-b8b6-4d24-88c4-1a4dfbc524f3",
            "uuid": "0756ce7f-5599-464f-b51d-c574e8058250",
            "id": 4730
        },
        {
            "@type": "WorkflowStep",
            "name": "Elastic query for MSXSL XSL Script Processing",
            "description": null,
            "arguments": {
                "name": "ElasticSearch",
                "config": "8d03a01d-1cef-40a8-992a-63d8de2b339f",
                "params": {
                    "index": "logstash-beats-*",
                    "query": "event_type:sysmon AND event_id:1 AND @timestamp:{ {{vars.elasticHuntStart}} TO {{vars.elasticHuntEnd}} } AND (event_data.CommandLine:*.xsl* OR event_data.Product:\"Command Line XSLT\" OR image_path:\"*msxsl.exe\") NOT (image_path:\"C:\\\\Windows\\\\System32\\\\wbem\\\\WMIC.exe\" OR image_path:\"C:\\\\Windows\\\\SysWOW64\\\\wbem\\\\WMIC.exe\")",
                    "run_as_user": ""
                },
                "version": "2.2.0",
                "connector": "elasticsearch",
                "operation": "execute_lucene_query",
                "operationTitle": "Execute Lucene Query",
                "step_variables": []
            },
            "status": null,
            "top": "432",
            "left": "1000",
            "stepType": "\/api\/3\/workflow_step_types\/0bfed618-0316-11e7-93ae-92361f002671",
            "uuid": "310bbe1e-e2d4-4251-bc9e-71f4a6c81fda",
            "id": 4731
        },
        {
            "@type": "WorkflowStep",
            "name": "Get Results",
            "description": null,
            "arguments": {
                "name": "Splunk",
                "config": "55bf97af-75c2-45ca-ae75-f4d27220cc52",
                "params": {
                    "sid": "{'value': \"{{vars.steps.Splunk_query_for_WMIC_XSL_Script_Processing.data.sid}}\"}",
                    "additional_args": "{\"a\":\"B\"}"
                },
                "version": "1.4.0",
                "do_until": {
                    "delay": "1",
                    "retries": "300",
                    "condition": "{{\"results\" in vars.result.data}}"
                },
                "connector": "splunk",
                "operation": "get_results",
                "operationTitle": "Get Results for a Search",
                "step_variables": []
            },
            "status": null,
            "top": "33",
            "left": "1300",
            "stepType": "\/api\/3\/workflow_step_types\/0bfed618-0316-11e7-93ae-92361f002671",
            "uuid": "0bd78aeb-fc79-4b32-9ba5-340006a761f8",
            "id": 4732
        },
        {
            "@type": "WorkflowStep",
            "name": "Splunk query for Child Processes via  XSL Script Processing",
            "description": null,
            "arguments": {
                "name": "Splunk",
                "config": "55bf97af-75c2-45ca-ae75-f4d27220cc52",
                "params": {
                    "query": "index=sysmon EventCode=1 {{vars.splunkHuntStart}} {{vars.splunkHuntEnd}} ParentCommandLine=\"*.xsl*\" | table host Image MD5 ParentImage User CommandLine process_exec vendor_product TimeCreated ParentProcessId ProcessId ParentCommandLine ProcessGuid UtcTime EventChannel Computer",
                    "exec_mode": "",
                    "auto_cancel": "",
                    "latest_time": "",
                    "earliest_time": "",
                    "additional_search_args": "{\"a\":\"B\"}"
                },
                "version": "1.5.0",
                "connector": "splunk",
                "operation": "invoke_search",
                "operationTitle": "Invoke Search",
                "step_variables": []
            },
            "status": null,
            "top": "200",
            "left": "1000",
            "stepType": "\/api\/3\/workflow_step_types\/0bfed618-0316-11e7-93ae-92361f002671",
            "uuid": "9970e17e-0f0b-46da-a2f4-22d5b386ab78",
            "id": 4733
        },
        {
            "@type": "WorkflowStep",
            "name": "Set Splunk hunt times",
            "description": null,
            "arguments": {
                "splunkHuntEnd": "{% if vars.input.records[0].huntEnd %}latest={{vars.input.records[0].huntEnd}}{% endif %}",
                "splunkHuntStart": "earliest={{vars.input.records[0].huntStart}}"
            },
            "status": null,
            "top": "114",
            "left": "689",
            "stepType": "\/api\/3\/workflow_step_types\/04d0cf46-b6a8-42c4-8683-60a7eaa69e8f",
            "uuid": "ad1dbe25-2e66-4e45-81e7-da9fb422f2b4",
            "id": 4734
        },
        {
            "@type": "WorkflowStep",
            "name": "Elastic query for Child Processes via XSL Script Processing",
            "description": null,
            "arguments": {
                "name": "ElasticSearch",
                "config": "8d03a01d-1cef-40a8-992a-63d8de2b339f",
                "params": {
                    "index": "logstash-beats-*",
                    "query": "event_type:sysmon AND event_id:1 AND @timestamp:{ {{vars.elasticHuntStart}} TO {{vars.elasticHuntEnd}} } AND event_data.ParentCommandLine:*.xsl*",
                    "run_as_user": ""
                },
                "version": "2.2.0",
                "connector": "elasticsearch",
                "operation": "execute_lucene_query",
                "operationTitle": "Execute Lucene Query",
                "step_variables": []
            },
            "status": null,
            "top": "540",
            "left": "1000",
            "stepType": "\/api\/3\/workflow_step_types\/0bfed618-0316-11e7-93ae-92361f002671",
            "uuid": "868e4aa3-3b7f-45a5-ae92-30e56f94a7b4",
            "id": 4735
        },
        {
            "@type": "WorkflowStep",
            "name": "Create and Link WMIC Alert",
            "description": null,
            "arguments": {
                "for_each": {
                    "item": "{{vars.steps.Get_Results.data.results}}",
                    "condition": ""
                },
                "arguments": {
                    "MD5": "{{vars.item.MD5}}",
                    "url": "",
                    "source": "{{vars.item.EventChannel}}",
                    "comment": "SIEM query identified invocation on an XSL script via WMIC, which spawned child process {{vars.item.process_exec}} on {{vars.item.host}} at {{vars.item.TimeCreated}}.",
                    "huntIRI": "{{vars.input.records[0]['@id']}}",
                    "service": "",
                    "filePath": "{{vars.item.Image}}",
                    "hostName": "{{vars.item.host}}",
                    "sourceIP": "",
                    "userName": "{{vars.item.User}}",
                    "alertName": "ATT&CK-XSL Script Processing-{{vars.item.process_exec}} executed a .XSL file",
                    "epochTime": "{{ arrow.get(vars.item.UtcTime).timestamp }}",
                    "eventName": "",
                    "eventTime": "{{vars.item.UtcTime}}",
                    "processID": "{{vars.item.ProcessId}}",
                    "technique": "XSL Script Processing (WMIC)",
                    "sourceData": "{{vars.item}}",
                    "sourceTool": "{{vars.item.vendor_product}}",
                    "commandline": "{{vars.item.CommandLine}}",
                    "description": "An attempt to invoke an XSL script using WMIC was observed. XSL can be used to execute arbitrary code via trusted binary execution. Use of this technique may bypass application whitelisting and allow an attacker to bypass other defenses. Attention should be paid to the commands passed as well as processes spawned.",
                    "processGUID": "{{vars.item.ProcessGuid}}",
                    "processName": "{{vars.item.process_exec}}",
                    "registryKey": "",
                    "sourceImage": "",
                    "targetImage": "",
                    "computerName": "{{vars.item.Computer}}",
                    "destinationIP": "",
                    "mitre_tech_id": "T1220",
                    "parentProcess": "{{vars.item.ParentImage}}",
                    "scheduledTask": "",
                    "bitstransferid": "",
                    "parentProcessID": "{{vars.item.ParentProcessId}}",
                    "bytestransferred": "",
                    "registryKeyValue": "",
                    "parentCommandLine": "{{vars.item.ParentCommandLine}}",
                    "decodedCommandLine": ""
                },
                "apply_async": false,
                "step_variables": [],
                "workflowReference": "\/api\/3\/workflows\/bf7d418b-7ff3-44c1-b473-90d0a03c4641"
            },
            "status": null,
            "top": "33",
            "left": "1620",
            "stepType": "\/api\/3\/workflow_step_types\/74932bdc-b8b6-4d24-88c4-1a4dfbc524f3",
            "uuid": "3feeca6d-f900-452b-ad5a-c7dffbfa09a6",
            "id": 4736
        },
        {
            "@type": "WorkflowStep",
            "name": "Hunt for XSL Script Processing",
            "description": null,
            "arguments": {
                "route": "3553389d-2c9b-4e46-a636-7f06f0980138",
                "title": "T1220 - Hunt for XSL Script Processing",
                "resources": [
                    "hunt"
                ],
                "inputVariables": [
                    {
                        "name": "siem",
                        "type": "picklists",
                        "label": "SIEM",
                        "title": "Picklist",
                        "usable": true,
                        "tooltip": "Choose your SIEM",
                        "dataType": "picklist",
                        "formType": "picklist",
                        "required": true,
                        "_expanded": true,
                        "collection": false,
                        "dataSource": {
                            "model": "picklists",
                            "query": {
                                "sort": [
                                    {
                                        "field": "orderIndex",
                                        "direction": "ASC"
                                    }
                                ],
                                "logic": "AND",
                                "filters": [
                                    {
                                        "field": "listName__name",
                                        "value": "SIEMs",
                                        "operator": "eq"
                                    }
                                ]
                            },
                            "displayConditions": {
                                "876c1483-416b-4d2f-8138-15769ae16d5c": {
                                    "conditions": null,
                                    "visibility": "visible"
                                },
                                "bcebcab1-3f93-468a-9f3f-91e5c511a0b5": {
                                    "conditions": null,
                                    "visibility": "visible"
                                }
                            }
                        },
                        "searchable": false,
                        "templateUrl": "app\/components\/form\/fields\/typeahead.html",
                        "_nameTouched": true,
                        "defaultValue": {
                            "id": 280,
                            "@id": "\/api\/3\/picklists\/876c1483-416b-4d2f-8138-15769ae16d5c",
                            "icon": null,
                            "@type": "Picklist",
                            "color": null,
                            "display": "Elastic",
                            "listName": "\/api\/3\/picklist_names\/98830189-afff-40e6-bed1-94012551dc67",
                            "itemValue": "Elastic",
                            "orderIndex": 1
                        },
                        "useModuleField": false,
                        "displayTemplate": "{{ itemValue }}",
                        "allowedEncryption": false,
                        "allowedGridColumn": true,
                        "useRecordFieldDefault": false
                    }
                ],
                "step_variables": {
                    "input": {
                        "params": {
                            "siem": "{{vars.request.data[\"siem\"]}}",
                            "sourceIP": "{{ vars.sourceIP }}",
                            "processID": "{{ vars.processID }}",
                            "sourcetool": "{{ vars.sourcetool }}",
                            "accountname": "{{ vars.accountname }}",
                            "commandline": "{{ vars.commandline }}",
                            "processGUID": "{{ vars.processGUID }}",
                            "processname": "{{ vars.processname }}",
                            "computername": "{{ vars.computername }}",
                            "destinationIP": "{{ vars.destinationIP }}",
                            "parentprocessGUID": "{{ vars.parentprocessGUID }}",
                            "parentprocessname": "{{ vars.parentprocessname }}"
                        },
                        "records": "{{vars.input.records}}"
                    }
                },
                "_promptexpanded": true,
                "displayConditions": {
                    "hunt": {
                        "sort": [],
                        "limit": 30,
                        "logic": "AND",
                        "filters": []
                    },
                    "alerts": {
                        "sort": [],
                        "limit": 30,
                        "logic": "AND",
                        "filters": []
                    }
                },
                "executeButtonText": "Execute",
                "noRecordExecution": false,
                "singleRecordExecution": false
            },
            "status": null,
            "top": "180",
            "left": "20",
            "stepType": "\/api\/3\/workflow_step_types\/f414d039-bb0d-4e59-9c39-a8f1e880b18a",
            "uuid": "47be8247-5127-4984-bfac-fe5ac124e9c5",
            "id": 4737
        },
        {
            "@type": "WorkflowStep",
            "name": "Create and Link Child Process Alert",
            "description": null,
            "arguments": {
                "for_each": {
                    "item": "{{vars.steps.Get_Results_3.data.results}}",
                    "condition": ""
                },
                "arguments": {
                    "MD5": "{{vars.item.MD5}}",
                    "url": "",
                    "source": "{{vars.item.EventChannel}}",
                    "comment": "SIEM query identified an XSL script in the command line, leading to spawning of child process {{vars.item.process_exec}} on {{vars.item.host}} at {{vars.item.TimeCreated}}.",
                    "huntIRI": "{{vars.input.records[0]['@id']}}",
                    "service": "",
                    "filePath": "{{vars.item.Image}}",
                    "hostName": "{{vars.item.host}}",
                    "sourceIP": "",
                    "userName": "{{vars.item.User}}",
                    "alertName": "ATT&CK-XSL Script Processing-{{vars.item.process_exec}} was spawned from execution of a .XSL file",
                    "epochTime": "{{ arrow.get(vars.item.UtcTime).timestamp }}",
                    "eventName": "",
                    "eventTime": "{{vars.item.UtcTime}}",
                    "processID": "{{vars.item.ProcessId}}",
                    "technique": "XSL Script Processing (Process Spawned)",
                    "sourceData": "{{vars.item}}",
                    "sourceTool": "{{vars.item.vendor_product}}",
                    "commandline": "{{vars.item.CommandLine}}",
                    "description": "An attempt to invoke an XSL script from the command line resulting in the spawning of a child process was observed. XSL scripts can be used to execute arbitrary code via trusted binary execution. Use of this technique may bypass application whitelisting and allow an attacker to bypass other defenses. Attention should be paid to the commands passed as well as processes spawned.",
                    "processGUID": "{{vars.item.ProcessGuid}}",
                    "processName": "{{vars.item.process_exec}}",
                    "registryKey": "",
                    "sourceImage": "",
                    "targetImage": "",
                    "computerName": "{{vars.item.Computer}}",
                    "destinationIP": "",
                    "mitre_tech_id": "T1220",
                    "parentProcess": "{{vars.item.ParentImage}}",
                    "scheduledTask": "",
                    "bitstransferid": "",
                    "parentProcessID": "{{vars.item.ParentProcessId}}",
                    "bytestransferred": "",
                    "registryKeyValue": "",
                    "parentCommandLine": "{{vars.item.ParentCommandLine}}",
                    "decodedCommandLine": ""
                },
                "apply_async": false,
                "step_variables": [],
                "workflowReference": "\/api\/3\/workflows\/bf7d418b-7ff3-44c1-b473-90d0a03c4641"
            },
            "status": null,
            "top": "200",
            "left": "1620",
            "stepType": "\/api\/3\/workflow_step_types\/74932bdc-b8b6-4d24-88c4-1a4dfbc524f3",
            "uuid": "5fc481c0-ed17-4ba1-8cde-7b075ff8d5a3",
            "id": 4738
        },
        {
            "@type": "WorkflowStep",
            "name": "Deduplicate Comments",
            "description": null,
            "arguments": {
                "arguments": {
                    "hunt_iri": "{{vars.input.records[0]['@id']}}"
                },
                "step_variables": [],
                "workflowReference": "\/api\/3\/workflows\/3fd311be-a1c6-41c7-99a3-8794b33d8f8a"
            },
            "status": null,
            "top": "280",
            "left": "1948",
            "stepType": "\/api\/3\/workflow_step_types\/74932bdc-b8b6-4d24-88c4-1a4dfbc524f3",
            "uuid": "e0109eec-53a8-44fa-a669-b1ad834631f0",
            "id": 4739
        },
        {
            "@type": "WorkflowStep",
            "name": "Set Elastic hunt times",
            "description": null,
            "arguments": {
                "elasticHuntEnd": "{% if vars.input.records[0].huntEnd %} {{ arrow.get(vars.input.records[0].huntEnd).format('YYYY-MM-DDTHH:mm:ss.SSSSSSSSSZ') }} {% else %} now {% endif %}",
                "elasticHuntStart": "{{ arrow.get(vars.input.records[0].huntStart).format('YYYY-MM-DDTHH:mm:ss.SSSSSSSSSZ') }}"
            },
            "status": null,
            "top": "432",
            "left": "691",
            "stepType": "\/api\/3\/workflow_step_types\/04d0cf46-b6a8-42c4-8683-60a7eaa69e8f",
            "uuid": "fd53e3e1-2e5e-4d90-9e32-667dc78b933f",
            "id": 4740
        },
        {
            "@type": "WorkflowStep",
            "name": "Which SIEM",
            "description": null,
            "arguments": {
                "conditions": [
                    {
                        "option": "Splunk",
                        "step_iri": "\/api\/3\/workflow_steps\/ad1dbe25-2e66-4e45-81e7-da9fb422f2b4",
                        "condition": "{{ vars.input.params.siem.itemValue == \"Splunk\" }}"
                    },
                    {
                        "option": "Elasticsearch",
                        "step_iri": "\/api\/3\/workflow_steps\/fd53e3e1-2e5e-4d90-9e32-667dc78b933f",
                        "condition": "{{ vars.input.params.siem.itemValue == \"Elastic\" }}"
                    }
                ]
            },
            "status": null,
            "top": "180",
            "left": "340",
            "stepType": "\/api\/3\/workflow_step_types\/12254cf5-5db7-4b1a-8cb1-3af081924b28",
            "uuid": "0fd12788-547b-483c-9d89-ba2e00605b39",
            "id": 4741
        },
        {
            "@type": "WorkflowStep",
            "name": "Get Results 2",
            "description": null,
            "arguments": {
                "name": "Splunk",
                "config": "55bf97af-75c2-45ca-ae75-f4d27220cc52",
                "params": {
                    "sid": "{'value': \"{{vars.steps.Splunk_query_for_MSXSL_XSL_Script_Processing.data.sid}}\"}",
                    "additional_args": "{\"a\":\"B\"}"
                },
                "version": "1.4.0",
                "do_until": {
                    "delay": "1",
                    "retries": "300",
                    "condition": "{{\"results\" in vars.result.data}}"
                },
                "connector": "splunk",
                "operation": "get_results",
                "operationTitle": "Get Results for a Search",
                "step_variables": []
            },
            "status": null,
            "top": "114",
            "left": "1300",
            "stepType": "\/api\/3\/workflow_step_types\/0bfed618-0316-11e7-93ae-92361f002671",
            "uuid": "78c5d6c7-24b3-4922-82cd-9601e4e0d163",
            "id": 4742
        },
        {
            "@type": "WorkflowStep",
            "name": "Splunk query for WMIC XSL Script Processing",
            "description": null,
            "arguments": {
                "name": "Splunk",
                "config": "55bf97af-75c2-45ca-ae75-f4d27220cc52",
                "params": {
                    "query": "index=sysmon EventCode=1 {{vars.splunkHuntStart}} {{vars.splunkHuntEnd}} (Image=\"C:\\\\Windows\\\\System32\\\\wbem\\\\WMIC.exe\" OR Image=\"C:\\\\Windows\\\\SysWOW64\\\\wbem\\\\WMIC.exe\") AND CommandLine=\"*.xsl*\" | table host Image MD5 ParentImage User CommandLine process_exec vendor_product TimeCreated ParentProcessId ProcessId ParentCommandLine ProcessGuid UtcTime EventChannel Computer",
                    "exec_mode": "",
                    "auto_cancel": "",
                    "latest_time": "",
                    "earliest_time": "",
                    "additional_search_args": "{\"a\":\"B\"}"
                },
                "version": "1.5.0",
                "connector": "splunk",
                "operation": "invoke_search",
                "operationTitle": "Invoke Search",
                "step_variables": []
            },
            "status": null,
            "top": "33",
            "left": "1000",
            "stepType": "\/api\/3\/workflow_step_types\/0bfed618-0316-11e7-93ae-92361f002671",
            "uuid": "4044cac8-cf8f-4a67-afbe-fde27fb97fb0",
            "id": 4743
        }
    ],
    "routes": [
        {
            "@type": "WorkflowRoute",
            "name": "Create and Link Alert -> Deduplicate Comments",
            "targetStep": "\/api\/3\/workflow_steps\/e0109eec-53a8-44fa-a669-b1ad834631f0",
            "sourceStep": "\/api\/3\/workflow_steps\/3feeca6d-f900-452b-ad5a-c7dffbfa09a6",
            "label": null,
            "isExecuted": false,
            "uuid": "cce2c148-6a07-4be9-8026-b85355fb7369"
        },
        {
            "@type": "WorkflowRoute",
            "name": "Set Elastic hunt times -> elastic",
            "targetStep": "\/api\/3\/workflow_steps\/8e823a32-b10c-4090-8273-5313b8fc0e15",
            "sourceStep": "\/api\/3\/workflow_steps\/fd53e3e1-2e5e-4d90-9e32-667dc78b933f",
            "label": null,
            "isExecuted": false,
            "uuid": "cbc99621-2b72-49d8-b53e-47936ca9aa05"
        },
        {
            "@type": "WorkflowRoute",
            "name": "Copy  of Create and Link WMIC Alert -> Deduplicate Comments",
            "targetStep": "\/api\/3\/workflow_steps\/e0109eec-53a8-44fa-a669-b1ad834631f0",
            "sourceStep": "\/api\/3\/workflow_steps\/67727738-1658-4efc-99fd-396c70f6a811",
            "label": null,
            "isExecuted": false,
            "uuid": "fcaf8f4c-2974-494e-850e-c179a85eeaf1"
        },
        {
            "@type": "WorkflowRoute",
            "name": "Set Splunk hunt times -> Splunk query for MSXSL XSL Script Processing",
            "targetStep": "\/api\/3\/workflow_steps\/57809ef9-3d9e-4258-80d4-e1d018e0bddc",
            "sourceStep": "\/api\/3\/workflow_steps\/ad1dbe25-2e66-4e45-81e7-da9fb422f2b4",
            "label": null,
            "isExecuted": false,
            "uuid": "2daa5ff5-62dc-4ce2-ae08-544754c34f89"
        },
        {
            "@type": "WorkflowRoute",
            "name": "Set Splunk hunt times -> Splunk query for Child Processes via  XSL Script Processing",
            "targetStep": "\/api\/3\/workflow_steps\/9970e17e-0f0b-46da-a2f4-22d5b386ab78",
            "sourceStep": "\/api\/3\/workflow_steps\/ad1dbe25-2e66-4e45-81e7-da9fb422f2b4",
            "label": null,
            "isExecuted": false,
            "uuid": "26ec68a2-d4f4-4925-b1dd-3a07c48fa2d8"
        },
        {
            "@type": "WorkflowRoute",
            "name": "Hunt for XSL Script Processing -> Which SIEM",
            "targetStep": "\/api\/3\/workflow_steps\/0fd12788-547b-483c-9d89-ba2e00605b39",
            "sourceStep": "\/api\/3\/workflow_steps\/47be8247-5127-4984-bfac-fe5ac124e9c5",
            "label": null,
            "isExecuted": false,
            "uuid": "9714c086-893f-405e-be81-3dc07a684ca0"
        },
        {
            "@type": "WorkflowRoute",
            "name": "Copy 1 of Copy  of Create and Link WMIC Alert -> Deduplicate Comments",
            "targetStep": "\/api\/3\/workflow_steps\/e0109eec-53a8-44fa-a669-b1ad834631f0",
            "sourceStep": "\/api\/3\/workflow_steps\/0756ce7f-5599-464f-b51d-c574e8058250",
            "label": null,
            "isExecuted": false,
            "uuid": "7c7b5f5c-42ec-4c90-ae2f-ea7e781f6582"
        },
        {
            "@type": "WorkflowRoute",
            "name": "Set Elastic hunt times -> a",
            "targetStep": "\/api\/3\/workflow_steps\/868e4aa3-3b7f-45a5-ae92-30e56f94a7b4",
            "sourceStep": "\/api\/3\/workflow_steps\/fd53e3e1-2e5e-4d90-9e32-667dc78b933f",
            "label": null,
            "isExecuted": false,
            "uuid": "6976c6c2-4ff8-4bfa-928f-9cf2ee65b2b2"
        },
        {
            "@type": "WorkflowRoute",
            "name": "Elastic query for Child Processes via  XSL Script Processing -> Copy 1 of Copy  of Create and Link WMIC Alert",
            "targetStep": "\/api\/3\/workflow_steps\/0756ce7f-5599-464f-b51d-c574e8058250",
            "sourceStep": "\/api\/3\/workflow_steps\/868e4aa3-3b7f-45a5-ae92-30e56f94a7b4",
            "label": null,
            "isExecuted": false,
            "uuid": "172974a6-bceb-4e11-949e-4e7d6ccbbea4"
        },
        {
            "@type": "WorkflowRoute",
            "name": "Create and Link Child Process Alert -> Deduplicate Comments",
            "targetStep": "\/api\/3\/workflow_steps\/e0109eec-53a8-44fa-a669-b1ad834631f0",
            "sourceStep": "\/api\/3\/workflow_steps\/5fc481c0-ed17-4ba1-8cde-7b075ff8d5a3",
            "label": null,
            "isExecuted": false,
            "uuid": "1d1fb062-d30f-420f-a4ff-3e093b3757fe"
        },
        {
            "@type": "WorkflowRoute",
            "name": "Which SIEM -> Set Splunk hunt times",
            "targetStep": "\/api\/3\/workflow_steps\/ad1dbe25-2e66-4e45-81e7-da9fb422f2b4",
            "sourceStep": "\/api\/3\/workflow_steps\/0fd12788-547b-483c-9d89-ba2e00605b39",
            "label": "Splunk",
            "isExecuted": false,
            "uuid": "5c23caf7-c718-40c5-90da-339fc43fc617"
        },
        {
            "@type": "WorkflowRoute",
            "name": "Copy  of Get Results for Sysmon -> Copy  of Create and Link Alert",
            "targetStep": "\/api\/3\/workflow_steps\/19b976d8-071a-436f-aa2d-eedcb553420c",
            "sourceStep": "\/api\/3\/workflow_steps\/78c5d6c7-24b3-4922-82cd-9601e4e0d163",
            "label": null,
            "isExecuted": false,
            "uuid": "43a34fbd-7bc8-4f7e-b0a9-5f5bc118a4e9"
        },
        {
            "@type": "WorkflowRoute",
            "name": "Elastic query for WMIC XSL Script Processing -> Copy  of Create and Link WMIC Alert",
            "targetStep": "\/api\/3\/workflow_steps\/67727738-1658-4efc-99fd-396c70f6a811",
            "sourceStep": "\/api\/3\/workflow_steps\/8e823a32-b10c-4090-8273-5313b8fc0e15",
            "label": null,
            "isExecuted": false,
            "uuid": "cec89606-f77a-41db-8842-447802095b22"
        },
        {
            "@type": "WorkflowRoute",
            "name": "Set Splunk hunt times -> Splunk query for WMIC XSL Script Processing",
            "targetStep": "\/api\/3\/workflow_steps\/4044cac8-cf8f-4a67-afbe-fde27fb97fb0",
            "sourceStep": "\/api\/3\/workflow_steps\/ad1dbe25-2e66-4e45-81e7-da9fb422f2b4",
            "label": null,
            "isExecuted": false,
            "uuid": "203ddf24-ab2a-44b7-84db-e515edd5be55"
        },
        {
            "@type": "WorkflowRoute",
            "name": "Copy2 of Create and Link MSXSL Alert -> Deduplicate Comments",
            "targetStep": "\/api\/3\/workflow_steps\/e0109eec-53a8-44fa-a669-b1ad834631f0",
            "sourceStep": "\/api\/3\/workflow_steps\/f39751de-2769-459e-8744-3405bff176df",
            "label": null,
            "isExecuted": false,
            "uuid": "2412e9dc-3b1d-4afc-ad38-9bff9c6bfcce"
        },
        {
            "@type": "WorkflowRoute",
            "name": "Which SIEM -> Set Elastic hunt times",
            "targetStep": "\/api\/3\/workflow_steps\/fd53e3e1-2e5e-4d90-9e32-667dc78b933f",
            "sourceStep": "\/api\/3\/workflow_steps\/0fd12788-547b-483c-9d89-ba2e00605b39",
            "label": "Elasticsearch",
            "isExecuted": false,
            "uuid": "854ae3f4-7bc3-44c4-b945-8a9559920200"
        },
        {
            "@type": "WorkflowRoute",
            "name": "Get Results for Sysmon CMSTP -> Create Splunk Alert",
            "targetStep": "\/api\/3\/workflow_steps\/3feeca6d-f900-452b-ad5a-c7dffbfa09a6",
            "sourceStep": "\/api\/3\/workflow_steps\/0bd78aeb-fc79-4b32-9ba5-340006a761f8",
            "label": null,
            "isExecuted": false,
            "uuid": "a2e473f7-9c73-4c6d-9759-08d7ac0a7fdb"
        },
        {
            "@type": "WorkflowRoute",
            "name": "Splunk query for Sysmon CMSTP -> Get Results for Sysmon CMSTP",
            "targetStep": "\/api\/3\/workflow_steps\/0bd78aeb-fc79-4b32-9ba5-340006a761f8",
            "sourceStep": "\/api\/3\/workflow_steps\/4044cac8-cf8f-4a67-afbe-fde27fb97fb0",
            "label": null,
            "isExecuted": false,
            "uuid": "20bfbc94-4f17-467d-bc8c-599eaf42da2b"
        },
        {
            "@type": "WorkflowRoute",
            "name": "Copy  of Splunk query for XSL Script Processing -> Copy  of Get Results for Sysmon",
            "targetStep": "\/api\/3\/workflow_steps\/78c5d6c7-24b3-4922-82cd-9601e4e0d163",
            "sourceStep": "\/api\/3\/workflow_steps\/57809ef9-3d9e-4258-80d4-e1d018e0bddc",
            "label": null,
            "isExecuted": false,
            "uuid": "8e08aa0b-a63c-41c1-80b4-1bcc809c9267"
        },
        {
            "@type": "WorkflowRoute",
            "name": "Copy  of Create and Link Alert -> Deduplicate Comments",
            "targetStep": "\/api\/3\/workflow_steps\/e0109eec-53a8-44fa-a669-b1ad834631f0",
            "sourceStep": "\/api\/3\/workflow_steps\/19b976d8-071a-436f-aa2d-eedcb553420c",
            "label": null,
            "isExecuted": false,
            "uuid": "028f9a7c-3fd0-4942-85b1-495119732148"
        },
        {
            "@type": "WorkflowRoute",
            "name": "Copy  of Get Results 3 -> Create and Link Child Process Alert",
            "targetStep": "\/api\/3\/workflow_steps\/5fc481c0-ed17-4ba1-8cde-7b075ff8d5a3",
            "sourceStep": "\/api\/3\/workflow_steps\/b3e6a6e4-a83c-40b1-b8cd-beeea5767a00",
            "label": null,
            "isExecuted": false,
            "uuid": "200a8949-c450-4131-9cc5-c168653eada0"
        },
        {
            "@type": "WorkflowRoute",
            "name": "Splunk query for Child Processes via  XSL Script Processing -> Copy  of Get Results 3",
            "targetStep": "\/api\/3\/workflow_steps\/b3e6a6e4-a83c-40b1-b8cd-beeea5767a00",
            "sourceStep": "\/api\/3\/workflow_steps\/9970e17e-0f0b-46da-a2f4-22d5b386ab78",
            "label": null,
            "isExecuted": false,
            "uuid": "fc6cda05-a015-4459-8bca-59682bef5551"
        },
        {
            "@type": "WorkflowRoute",
            "name": "Set Elastic hunt times -> a",
            "targetStep": "\/api\/3\/workflow_steps\/310bbe1e-e2d4-4251-bc9e-71f4a6c81fda",
            "sourceStep": "\/api\/3\/workflow_steps\/fd53e3e1-2e5e-4d90-9e32-667dc78b933f",
            "label": null,
            "isExecuted": false,
            "uuid": "c3346757-62cd-44fc-9bf3-83e09a2c384c"
        },
        {
            "@type": "WorkflowRoute",
            "name": "Elastic query for MSXSL XSL Script Processing -> Copy  of Copy  of Create and Link WMIC Alert",
            "targetStep": "\/api\/3\/workflow_steps\/f39751de-2769-459e-8744-3405bff176df",
            "sourceStep": "\/api\/3\/workflow_steps\/310bbe1e-e2d4-4251-bc9e-71f4a6c81fda",
            "label": null,
            "isExecuted": false,
            "uuid": "f073df90-4fd6-4353-a9db-010f4f5c2514"
        }
    ],
    "priority": null,
    "uuid": "183aee4e-8440-4ce8-bb0b-de7bbd9adccd",
    "recordTags": [],
    "id": 1191,
    "createUser": "\/api\/3\/people\/3451141c-bac6-467c-8d72-85e0fab569ce",
    "createDate": 1633085065,
    "modifyUser": "\/api\/3\/people\/3451141c-bac6-467c-8d72-85e0fab569ce",
    "modifyDate": 1633085065,
    "owners": [],
    "isPrivate": false
}