{
    "@type": "Workflow",
    "triggerLimit": null,
    "name": "HUNTS - Dynamic Data Exchange (T1559.002)",
    "aliasName": null,
    "tag": "ATT&CK, Dynamic_Data_Exchange, DDE, Execution",
    "description": "Identifies processes spawned by a Microsoft Office product.",
    "isActive": false,
    "debug": false,
    "singleRecordExecution": false,
    "remoteExecutableFlag": false,
    "parameters": [
        "sourceIP",
        "destinationIP",
        "processname",
        "processID",
        "processGUID",
        "parentprocessname",
        "parentprocessGUID",
        "accountname",
        "computername",
        "commandline",
        "sourcetool"
    ],
    "synchronous": false,
    "lastModifyDate": 1633085062,
    "collection": "\/api\/3\/workflow_collections\/9ecc64e1-cacd-4aac-b361-ad1b44117b44",
    "versions": [],
    "triggerStep": "\/api\/3\/workflow_steps\/f33be3fb-a660-40ae-b19a-2744b0f5d796",
    "steps": [
        {
            "@type": "WorkflowStep",
            "name": "Create and Link Alert",
            "description": null,
            "arguments": {
                "for_each": {
                    "item": "{{vars.steps.Get_Results_for_Sysmon_DDE.data.results}}",
                    "condition": ""
                },
                "arguments": {
                    "MD5": "{{vars.item.MD5}}",
                    "url": "",
                    "source": "{{vars.item.EventChannel}}",
                    "comment": "SIEM query identified a Microsoft Office product using Dynamic Data Exchange to spawn non-standard process {{vars.item.process_exec}} on {{vars.item.host}} at {{vars.item.UtcTime}}.",
                    "huntIRI": "{{vars.input.records[0]['@id']}}",
                    "service": "",
                    "filePath": "{{vars.item.Image}}",
                    "hostName": "{{vars.item.host}}",
                    "sourceIP": "",
                    "userName": "{{vars.item.User}}",
                    "alertName": "ATT&CK-Dynamic Data Exchange-{{vars.item.process_exec}} spawned",
                    "epochTime": "{{ arrow.get(vars.item.UtcTime).timestamp }}",
                    "eventName": "",
                    "eventTime": "{{vars.item.UtcTime}}",
                    "processID": "{{vars.item.ProcessId}}",
                    "technique": "Dynamic Data Exchange",
                    "sourceData": "",
                    "sourceTool": "{{vars.item.EventChannel}}",
                    "commandline": "{{vars.item.CommandLine}}",
                    "description": "A non-standard process was spawned by a Microsoft Office product. Macros, dynamic data exchange, and other techniques may be used to cause Office products to execute other processes. In many networks, an instance of a host's instance of Microsoft Office spawning other processes is uncommon and should investigated for additional signs of compromise.",
                    "processGUID": "{{vars.item.ProcessGuid}}",
                    "processName": "{{vars.item.process_exec}}",
                    "registryKey": "",
                    "sourceImage": "",
                    "targetImage": "",
                    "computerName": "{{vars.item.Computer}}",
                    "destinationIP": "",
                    "mitre_tech_id": "T1173",
                    "parentProcess": "{{vars.item.ParentImage}}",
                    "scheduledTask": "",
                    "bitstransferid": "",
                    "parentProcessID": "{{vars.item.ParentProcessId}}",
                    "bytestransferred": "",
                    "registryKeyValue": "",
                    "parentCommandLine": "{{vars.item.ParentCommandLine}}",
                    "decodedCommandLine": ""
                },
                "apply_async": false,
                "step_variables": [],
                "workflowReference": "\/api\/3\/workflows\/bf7d418b-7ff3-44c1-b473-90d0a03c4641"
            },
            "status": null,
            "top": "180",
            "left": "1400",
            "stepType": "\/api\/3\/workflow_step_types\/74932bdc-b8b6-4d24-88c4-1a4dfbc524f3",
            "uuid": "c6adc3d5-62ab-4dec-89dc-7382fbcb7f0c",
            "id": 4744
        },
        {
            "@type": "WorkflowStep",
            "name": "Get Results for Sysmon DDE",
            "description": null,
            "arguments": {
                "name": "Splunk",
                "config": "55bf97af-75c2-45ca-ae75-f4d27220cc52",
                "params": {
                    "sid": "{'value': \"{{vars.steps.Splunk_query_for_Sysmon_DDE.data.sid}}\"}",
                    "additional_args": "{\"a\":\"B\"}"
                },
                "version": "1.4.0",
                "do_until": {
                    "delay": "1",
                    "retries": "300",
                    "condition": "{{\"results\" in vars.result.data}}"
                },
                "connector": "splunk",
                "operation": "get_results",
                "operationTitle": "Get Results for a Search",
                "step_variables": []
            },
            "status": null,
            "top": "180",
            "left": "1128",
            "stepType": "\/api\/3\/workflow_step_types\/0bfed618-0316-11e7-93ae-92361f002671",
            "uuid": "051ca710-726b-4d9e-9e30-c7c2d6ba76db",
            "id": 4745
        },
        {
            "@type": "WorkflowStep",
            "name": "Deduplicate Comments",
            "description": null,
            "arguments": {
                "arguments": {
                    "hunt_iri": "{{vars.input.records[0]['@id']}}"
                },
                "step_variables": [],
                "workflowReference": "\/api\/3\/workflows\/3fd311be-a1c6-41c7-99a3-8794b33d8f8a"
            },
            "status": null,
            "top": "280",
            "left": "1720",
            "stepType": "\/api\/3\/workflow_step_types\/74932bdc-b8b6-4d24-88c4-1a4dfbc524f3",
            "uuid": "e3f08252-f6ef-42bf-913d-a7286558df34",
            "id": 4746
        },
        {
            "@type": "WorkflowStep",
            "name": "Set Splunk hunt times",
            "description": null,
            "arguments": {
                "splunkHuntEnd": "{% if vars.input.records[0].huntEnd %}latest={{vars.input.records[0].huntEnd}}{% endif %}",
                "splunkHuntStart": "earliest={{vars.input.records[0].huntStart}}"
            },
            "status": null,
            "top": "180",
            "left": "593",
            "stepType": "\/api\/3\/workflow_step_types\/04d0cf46-b6a8-42c4-8683-60a7eaa69e8f",
            "uuid": "08b30ef4-f539-4009-8945-f2423fc4072c",
            "id": 4747
        },
        {
            "@type": "WorkflowStep",
            "name": "Set Elastic hunt times",
            "description": null,
            "arguments": {
                "elasticHuntEnd": "{% if vars.input.records[0].huntEnd %} {{ arrow.get(vars.input.records[0].huntEnd).format('YYYY-MM-DDTHH:mm:ss.SSSSSSSSSZ') }} {% else %} now {% endif %}",
                "elasticHuntStart": "{{ arrow.get(vars.input.records[0].huntStart).format('YYYY-MM-DDTHH:mm:ss.SSSSSSSSSZ') }}"
            },
            "status": null,
            "top": "320",
            "left": "593",
            "stepType": "\/api\/3\/workflow_step_types\/04d0cf46-b6a8-42c4-8683-60a7eaa69e8f",
            "uuid": "51f6db49-9cea-4aef-92f2-792eda3b6280",
            "id": 4748
        },
        {
            "@type": "WorkflowStep",
            "name": "Elastic Query for Sysmon DDE",
            "description": null,
            "arguments": {
                "name": "ElasticSearch",
                "config": "8d03a01d-1cef-40a8-992a-63d8de2b339f",
                "params": {
                    "index": "logstash-beats-*",
                    "query": "@timestamp:{ {{vars.elasticHuntStart}} TO {{vars.elasticHuntEnd}} } AND event_type:\"sysmon\" AND event_id:\"1\" AND (parent_image_path:\"C:\\\\Program Files\\\\Microsoft Office\\\\*\" OR parent_image_path:\"C:\\\\Program Files (x86)\\\\Microsoft Office\\\\*\") AND NOT (image_path:\"C:\\\\Program Files\\\\Microsoft Office\\\\*\" OR image_path:\"C:\\\\Program Files (x86)\\\\Microsoft Office\\\\*\")",
                    "run_as_user": ""
                },
                "version": "2.2.0",
                "connector": "elasticsearch",
                "operation": "execute_lucene_query",
                "operationTitle": "Execute Lucene Query",
                "step_variables": []
            },
            "status": null,
            "top": "320",
            "left": "860",
            "stepType": "\/api\/3\/workflow_step_types\/0bfed618-0316-11e7-93ae-92361f002671",
            "uuid": "ce1660a4-69d6-4119-94a2-f9337891fcbf",
            "id": 4749
        },
        {
            "@type": "WorkflowStep",
            "name": "Splunk query for Sysmon DDE",
            "description": null,
            "arguments": {
                "name": "Splunk",
                "config": "55bf97af-75c2-45ca-ae75-f4d27220cc52",
                "params": {
                    "query": "index=sysmon EventCode=1 {{vars.splunkHuntStart}} {{vars.splunkHuntEnd}} (ParentImage=\"C:\\\\Program Files\\\\Microsoft Office\\\\*\" OR ParentImage=\"C:\\\\Program Files (x86)\\\\Microsoft Office\\\\*\") Image!=\"C:\\\\Program Files\\\\Microsoft Office\\\\*\" Image!=\"C:\\\\Program Files (x86)\\\\Microsoft Office\\\\*\"  | table host Image MD5 ParentImage User CommandLine process_exec vendor_product TimeCreated ParentProcessId ProcessId ParentCommandLine ProcessGuid UtcTime EventChannel Computer",
                    "exec_mode": "",
                    "auto_cancel": "",
                    "latest_time": "",
                    "earliest_time": "",
                    "additional_search_args": "{\"a\":\"B\"}"
                },
                "version": "1.5.0",
                "connector": "splunk",
                "operation": "invoke_search",
                "operationTitle": "Invoke Search",
                "step_variables": []
            },
            "status": null,
            "top": "180",
            "left": "860",
            "stepType": "\/api\/3\/workflow_step_types\/0bfed618-0316-11e7-93ae-92361f002671",
            "uuid": "23793427-d64d-428e-b2ce-96c9a36dc339",
            "id": 4750
        },
        {
            "@type": "WorkflowStep",
            "name": "Which SIEM",
            "description": null,
            "arguments": {
                "conditions": [
                    {
                        "step_iri": "\/api\/3\/workflow_steps\/08b30ef4-f539-4009-8945-f2423fc4072c",
                        "condition": "{{ vars.input.params.siem.itemValue == \"Splunk\" }}"
                    },
                    {
                        "step_iri": "\/api\/3\/workflow_steps\/51f6db49-9cea-4aef-92f2-792eda3b6280",
                        "condition": "{{ vars.input.params.siem.itemValue == \"Elastic\" }}"
                    }
                ]
            },
            "status": null,
            "top": "253",
            "left": "300",
            "stepType": "\/api\/3\/workflow_step_types\/12254cf5-5db7-4b1a-8cb1-3af081924b28",
            "uuid": "6ef340ba-30ce-46af-b7cd-6a1c7b41493d",
            "id": 4751
        },
        {
            "@type": "WorkflowStep",
            "name": "Hunt for Dynamic Data Exchange",
            "description": null,
            "arguments": {
                "route": "38d81ab6-df99-4f10-b8b9-66411e1dd742",
                "title": "T1559.002 - Hunt for Dynamic Data Exchange",
                "resources": [
                    "hunt"
                ],
                "inputVariables": [
                    {
                        "name": "siem",
                        "type": "picklists",
                        "label": "SIEM",
                        "title": "Picklist",
                        "usable": true,
                        "tooltip": "Choose your SIEM",
                        "dataType": "picklist",
                        "formType": "picklist",
                        "required": true,
                        "_expanded": true,
                        "collection": false,
                        "dataSource": {
                            "model": "picklists",
                            "query": {
                                "sort": [
                                    {
                                        "field": "orderIndex",
                                        "direction": "ASC"
                                    }
                                ],
                                "logic": "AND",
                                "filters": [
                                    {
                                        "field": "listName__name",
                                        "value": "SIEMs",
                                        "operator": "eq"
                                    }
                                ]
                            },
                            "displayConditions": {
                                "876c1483-416b-4d2f-8138-15769ae16d5c": {
                                    "conditions": null,
                                    "visibility": "visible"
                                },
                                "bcebcab1-3f93-468a-9f3f-91e5c511a0b5": {
                                    "conditions": null,
                                    "visibility": "visible"
                                }
                            }
                        },
                        "searchable": false,
                        "templateUrl": "app\/components\/form\/fields\/typeahead.html",
                        "_nameTouched": true,
                        "defaultValue": {
                            "id": 280,
                            "@id": "\/api\/3\/picklists\/876c1483-416b-4d2f-8138-15769ae16d5c",
                            "icon": null,
                            "@type": "Picklist",
                            "color": null,
                            "display": "Elastic",
                            "listName": "\/api\/3\/picklist_names\/98830189-afff-40e6-bed1-94012551dc67",
                            "itemValue": "Elastic",
                            "orderIndex": 1
                        },
                        "displayTemplate": "{{ itemValue }}",
                        "allowedEncryption": false,
                        "allowedGridColumn": true,
                        "useRecordFieldDefault": false
                    }
                ],
                "step_variables": {
                    "input": {
                        "params": {
                            "siem": "{{vars.request.data[\"siem\"]}}",
                            "sourceIP": "{{ vars.sourceIP }}",
                            "processID": "{{ vars.processID }}",
                            "sourcetool": "{{ vars.sourcetool }}",
                            "accountname": "{{ vars.accountname }}",
                            "commandline": "{{ vars.commandline }}",
                            "processGUID": "{{ vars.processGUID }}",
                            "processname": "{{ vars.processname }}",
                            "computername": "{{ vars.computername }}",
                            "destinationIP": "{{ vars.destinationIP }}",
                            "parentprocessGUID": "{{ vars.parentprocessGUID }}",
                            "parentprocessname": "{{ vars.parentprocessname }}"
                        },
                        "records": "{{vars.input.records}}"
                    }
                },
                "_promptexpanded": true,
                "displayConditions": {
                    "hunt": {
                        "sort": [],
                        "limit": 30,
                        "logic": "AND",
                        "filters": []
                    }
                },
                "executeButtonText": "Execute",
                "noRecordExecution": false,
                "singleRecordExecution": false
            },
            "status": null,
            "top": "253",
            "left": "28",
            "stepType": "\/api\/3\/workflow_step_types\/f414d039-bb0d-4e59-9c39-a8f1e880b18a",
            "uuid": "f33be3fb-a660-40ae-b19a-2744b0f5d796",
            "id": 4752
        },
        {
            "@type": "WorkflowStep",
            "name": "Copy  of Create and Link Alert",
            "description": null,
            "arguments": {
                "for_each": {
                    "item": "{{vars.steps.Elastic_Query_for_Sysmon_DDE.data.hits.hits}}",
                    "condition": ""
                },
                "arguments": {
                    "MD5": "{{vars.item._source.event_data.Hashes.split(\"MD5=\")[1].split(',')[0]}}",
                    "url": "",
                    "source": "{{vars.item._source.source_name}}",
                    "comment": "SIEM query identified a Microsoft Office product using Dynamic Data Exchange to spawn non-standard process {{vars.item._source.image_path.split(\"\\\\\")[-1] }} on {{vars.item._source.computer_name}} at {{vars.item._source.event_data.UtcTime}}.",
                    "huntIRI": "{{vars.input.records[0]['@id']}}",
                    "service": "",
                    "filePath": "{{vars.item._source.image_path}}",
                    "hostName": "{{vars.item._source.beat.hostname}}",
                    "sourceIP": "",
                    "userName": "{{vars.item._source.username}}",
                    "alertName": "ATT&CK-Dynamic Data Exchange-{{vars.item._source.image_path.split(\"\\\\\")[-1] }} spawned",
                    "epochTime": "{{ arrow.get(vars.item._source.event_data.UtcTime).timestamp }}",
                    "eventName": "",
                    "eventTime": "{{vars.item._source.event_data.UtcTime}}",
                    "processID": "{{vars.item._source.event_data.ProcessId}}",
                    "technique": "Dynamic Data Exchange",
                    "sourceData": "{{vars.item}}",
                    "sourceTool": "{{vars.item._source.source_name}}",
                    "commandline": "{{vars.item._source.event_data.CommandLine}}",
                    "description": "A non-standard process was spawned by a Microsoft Office product. Macros, dynamic data exchange, and other techniques may be used to cause Office products to execute other processes. In many networks, an instance of a host's instance of Microsoft Office spawning other processes is uncommon and should investigated for additional signs of compromise.",
                    "processGUID": "{{vars.item._source.event_data.ProcessGuid}}",
                    "processName": "{{vars.item._source.image_path.split(\"\\\\\")[-1] }}",
                    "registryKey": "",
                    "sourceImage": "",
                    "targetImage": "",
                    "computerName": "{{vars.item._source.computer_name}}",
                    "destinationIP": "",
                    "mitre_tech_id": "T1173",
                    "parentProcess": "{{vars.item._source.parent_image_path}}",
                    "scheduledTask": "",
                    "bitstransferid": "",
                    "parentProcessID": "{{vars.item._source.event_data.ParentProcessId}}",
                    "bytestransferred": "",
                    "registryKeyValue": "",
                    "parentCommandLine": "{{vars.item._source.event_data.ParentCommandLine}}",
                    "decodedCommandLine": ""
                },
                "apply_async": false,
                "step_variables": [],
                "workflowReference": "\/api\/3\/workflows\/bf7d418b-7ff3-44c1-b473-90d0a03c4641"
            },
            "status": null,
            "top": "320",
            "left": "1400",
            "stepType": "\/api\/3\/workflow_step_types\/74932bdc-b8b6-4d24-88c4-1a4dfbc524f3",
            "uuid": "53ecffb0-c739-4dca-a028-332837f358f7",
            "id": 4753
        }
    ],
    "routes": [
        {
            "@type": "WorkflowRoute",
            "name": "Hunt for Dynamic Data Exchange -> Which SIEM",
            "targetStep": "\/api\/3\/workflow_steps\/6ef340ba-30ce-46af-b7cd-6a1c7b41493d",
            "sourceStep": "\/api\/3\/workflow_steps\/f33be3fb-a660-40ae-b19a-2744b0f5d796",
            "label": null,
            "isExecuted": false,
            "uuid": "8ba807c3-acdc-4141-b1bd-b12248c9a4f0"
        },
        {
            "@type": "WorkflowRoute",
            "name": "Which SIEM -> Copy  of Set Splunk hunt times",
            "targetStep": "\/api\/3\/workflow_steps\/51f6db49-9cea-4aef-92f2-792eda3b6280",
            "sourceStep": "\/api\/3\/workflow_steps\/6ef340ba-30ce-46af-b7cd-6a1c7b41493d",
            "label": "",
            "isExecuted": false,
            "uuid": "ac0b03be-6b34-47b7-9822-593f81515dac"
        },
        {
            "@type": "WorkflowRoute",
            "name": "Copy  of Create and Link Alert -> Deduplicate Comments",
            "targetStep": "\/api\/3\/workflow_steps\/e3f08252-f6ef-42bf-913d-a7286558df34",
            "sourceStep": "\/api\/3\/workflow_steps\/53ecffb0-c739-4dca-a028-332837f358f7",
            "label": null,
            "isExecuted": false,
            "uuid": "b6ec3726-599d-43e5-bc7d-2e308a05dbe4"
        },
        {
            "@type": "WorkflowRoute",
            "name": "Set Splunk hunt times -> Splunk query for Sysmon DDE",
            "targetStep": "\/api\/3\/workflow_steps\/23793427-d64d-428e-b2ce-96c9a36dc339",
            "sourceStep": "\/api\/3\/workflow_steps\/08b30ef4-f539-4009-8945-f2423fc4072c",
            "label": null,
            "isExecuted": false,
            "uuid": "99f04fc7-cca8-4ea3-9055-359a5ad9b768"
        },
        {
            "@type": "WorkflowRoute",
            "name": "Get Results for Sysmon CMSTP -> Create Splunk Alert",
            "targetStep": "\/api\/3\/workflow_steps\/c6adc3d5-62ab-4dec-89dc-7382fbcb7f0c",
            "sourceStep": "\/api\/3\/workflow_steps\/051ca710-726b-4d9e-9e30-c7c2d6ba76db",
            "label": null,
            "isExecuted": false,
            "uuid": "7741f996-276f-493b-9665-2ef540ac5e4b"
        },
        {
            "@type": "WorkflowRoute",
            "name": "Create and Link Alert -> Deduplicate Comments",
            "targetStep": "\/api\/3\/workflow_steps\/e3f08252-f6ef-42bf-913d-a7286558df34",
            "sourceStep": "\/api\/3\/workflow_steps\/c6adc3d5-62ab-4dec-89dc-7382fbcb7f0c",
            "label": null,
            "isExecuted": false,
            "uuid": "b8e4339d-7199-4ef6-a3ee-60b1631da7e3"
        },
        {
            "@type": "WorkflowRoute",
            "name": "Which SIEM -> Set Splunk hunt times",
            "targetStep": "\/api\/3\/workflow_steps\/08b30ef4-f539-4009-8945-f2423fc4072c",
            "sourceStep": "\/api\/3\/workflow_steps\/6ef340ba-30ce-46af-b7cd-6a1c7b41493d",
            "label": "",
            "isExecuted": false,
            "uuid": "1f7cca90-a542-4e21-9c99-c93858fe591f"
        },
        {
            "@type": "WorkflowRoute",
            "name": "Splunk query for Sysmon CMSTP -> Get Results for Sysmon CMSTP",
            "targetStep": "\/api\/3\/workflow_steps\/051ca710-726b-4d9e-9e30-c7c2d6ba76db",
            "sourceStep": "\/api\/3\/workflow_steps\/23793427-d64d-428e-b2ce-96c9a36dc339",
            "label": null,
            "isExecuted": false,
            "uuid": "f4029673-7b9e-4d40-834a-4b2e82c60b51"
        },
        {
            "@type": "WorkflowRoute",
            "name": "Set Elastic hunt times -> Elastic Query for Sysmon DDE",
            "targetStep": "\/api\/3\/workflow_steps\/ce1660a4-69d6-4119-94a2-f9337891fcbf",
            "sourceStep": "\/api\/3\/workflow_steps\/51f6db49-9cea-4aef-92f2-792eda3b6280",
            "label": null,
            "isExecuted": false,
            "uuid": "62da02e0-f74d-4de6-8baf-b6c1ecebebc5"
        },
        {
            "@type": "WorkflowRoute",
            "name": "Elastic Query for Sysmon DDE -> Copy  of Create and Link Alert",
            "targetStep": "\/api\/3\/workflow_steps\/53ecffb0-c739-4dca-a028-332837f358f7",
            "sourceStep": "\/api\/3\/workflow_steps\/ce1660a4-69d6-4119-94a2-f9337891fcbf",
            "label": null,
            "isExecuted": false,
            "uuid": "0e58ce32-cac4-4914-9fa5-53415ea42575"
        }
    ],
    "priority": null,
    "uuid": "45064161-ef1d-4798-bfdf-0206c02e44fe",
    "recordTags": [],
    "id": 1192,
    "createUser": "\/api\/3\/people\/3451141c-bac6-467c-8d72-85e0fab569ce",
    "createDate": 1633085065,
    "modifyUser": "\/api\/3\/people\/3451141c-bac6-467c-8d72-85e0fab569ce",
    "modifyDate": 1633085065,
    "owners": [],
    "isPrivate": false
}