{
    "@type": "Workflow",
    "triggerLimit": null,
    "name": "> ASSETS - Service Execution (Enrichment) (T1569.002)",
    "aliasName": null,
    "tag": "ATT&CK, Execution, Service_Execution",
    "description": "Enriches service data and query VirusTotal for reputation. Queries SIEM for all instances of any malicious hash observed.",
    "isActive": false,
    "debug": false,
    "singleRecordExecution": false,
    "remoteExecutableFlag": false,
    "parameters": [
        "md5",
        "name",
        "path",
        "hostname",
        "assetIRI",
        "SIEM"
    ],
    "synchronous": false,
    "lastModifyDate": 1633085062,
    "collection": "\/api\/3\/workflow_collections\/edf2e401-21cf-4a1a-b2c5-f66fdd9e68e6",
    "versions": [],
    "triggerStep": "\/api\/3\/workflow_steps\/6f900f16-e2d1-47dc-8532-5fc131da2921",
    "steps": [
        {
            "@type": "WorkflowStep",
            "name": "buffer",
            "description": null,
            "arguments": {
                "params": [],
                "version": "2.2.0",
                "connector": "cyops_utilities",
                "operation": "no_op",
                "operationTitle": "Utils: No Operation",
                "step_variables": []
            },
            "status": null,
            "top": "230",
            "left": "688",
            "stepType": "\/api\/3\/workflow_step_types\/0109f35d-090b-4a2b-bd8a-94cbc3508562",
            "uuid": "cc07f864-d14c-4baf-a744-18fa927026fd",
            "id": 4875
        },
        {
            "@type": "WorkflowStep",
            "name": "Create unknown MD5 Indicator",
            "description": null,
            "arguments": {
                "resource": {
                    "tags": null,
                    "hunts": null,
                    "notes": null,
                    "value": "{{vars.input.params.md5}}",
                    "alerts": null,
                    "assets": null,
                    "emails": null,
                    "events": null,
                    "owners": null,
                    "persons": null,
                    "sources": "VirusTotal",
                    "comments": null,
                    "__replace": "true",
                    "campaigns": null,
                    "companies": null,
                    "evidences": null,
                    "incidents": null,
                    "recordTags": null,
                    "reputation": {
                        "id": 7814,
                        "@id": "\/api\/3\/picklists\/9a611980-1b5e-4ae9-8062-eb2c0c433cff",
                        "icon": null,
                        "@type": "Picklist",
                        "color": "#6a9169",
                        "display": "No Reputation Available",
                        "listName": "\/api\/3\/picklist_names\/e75ed3c3-9f23-4a43-832b-0daf236209ba",
                        "itemValue": "No Reputation Available",
                        "orderIndex": 4
                    },
                    "attachments": null,
                    "description": null,
                    "indicatorStatus": null,
                    "typeofindicator": {
                        "id": 4169,
                        "@id": "\/api\/3\/picklists\/0ca054f2-d923-4992-a4a7-c516e6df281e",
                        "icon": null,
                        "@type": "Picklist",
                        "color": null,
                        "display": "FileHash-MD5",
                        "listName": "\/api\/3\/picklist_names\/50ee5bfa-e18f-49ba-8af9-dcca25b0f9c0",
                        "itemValue": "FileHash-MD5",
                        "orderIndex": 3
                    },
                    "vulnerabilities": null,
                    "correlationGraph": null
                },
                "_showJson": false,
                "operation": "Overwrite",
                "collection": "\/api\/3\/upsert\/indicators",
                "tagsOperation": "OverwriteTags",
                "step_variables": []
            },
            "status": null,
            "top": "80",
            "left": "1940",
            "stepType": "\/api\/3\/workflow_step_types\/2597053c-e718-44b4-8394-4d40fe26d357",
            "uuid": "17982050-8092-402b-94b8-c30d0875eb13",
            "id": 4876
        },
        {
            "@type": "WorkflowStep",
            "name": "Do nothing",
            "description": null,
            "arguments": {
                "params": [],
                "version": "2.2.0",
                "connector": "cyops_utilities",
                "operation": "no_op",
                "operationTitle": "Utils: No Operation",
                "step_variables": []
            },
            "status": null,
            "top": "700",
            "left": "992",
            "stepType": "\/api\/3\/workflow_step_types\/0109f35d-090b-4a2b-bd8a-94cbc3508562",
            "uuid": "8a560103-3936-40f0-9f6d-54feb24e215c",
            "id": 4877
        },
        {
            "@type": "WorkflowStep",
            "name": "Which SIEM",
            "description": null,
            "arguments": {
                "conditions": [
                    {
                        "step_iri": "\/api\/3\/workflow_steps\/d6e44bac-8144-4bb3-b7b4-2981cd339f59",
                        "condition": "{{ vars.input.params.SIEM == \"splunk\" }}"
                    },
                    {
                        "step_iri": "\/api\/3\/workflow_steps\/b53084a4-da58-458b-a57f-99712a35b426",
                        "condition": "{{ vars.input.params.SIEM == \"elastic\" }}"
                    }
                ]
            },
            "status": null,
            "top": "591",
            "left": "2550",
            "stepType": "\/api\/3\/workflow_step_types\/12254cf5-5db7-4b1a-8cb1-3af081924b28",
            "uuid": "4f55bf63-ba9e-43c8-96a2-0c278729305b",
            "id": 4878
        },
        {
            "@type": "WorkflowStep",
            "name": "Update MD5 with malicious reputation",
            "description": null,
            "arguments": {
                "resource": {
                    "__link": {
                        "assets": "['{{vars.input.params.assetIRI}}']"
                    },
                    "sources": "VirusTotal",
                    "reputation": {
                        "id": 6433,
                        "@id": "\/api\/3\/picklists\/7074e547-7785-4979-be32-c6d0c863e4bd",
                        "icon": null,
                        "@type": "Picklist",
                        "color": "#c42323",
                        "display": "Malicious",
                        "listName": "\/api\/3\/picklist_names\/e75ed3c3-9f23-4a43-832b-0daf236209ba",
                        "itemValue": "Malicious",
                        "orderIndex": 1
                    },
                    "typeofindicator": {
                        "id": 4169,
                        "@id": "\/api\/3\/picklists\/0ca054f2-d923-4992-a4a7-c516e6df281e",
                        "icon": null,
                        "@type": "Picklist",
                        "color": null,
                        "display": "FileHash-MD5",
                        "listName": "\/api\/3\/picklist_names\/50ee5bfa-e18f-49ba-8af9-dcca25b0f9c0",
                        "itemValue": "FileHash-MD5",
                        "orderIndex": 3
                    },
                    "virustotalReputation": "{{vars.steps.Check_MD5_Reputation.data.positives}}"
                },
                "_showJson": false,
                "operation": "Append",
                "collection": "{{vars.indicatorIRI}}",
                "collectionType": "\/api\/3\/indicators",
                "step_variables": []
            },
            "status": null,
            "top": "480",
            "left": "1940",
            "stepType": "\/api\/3\/workflow_step_types\/b593663d-7d13-40ce-a3a3-96dece928722",
            "uuid": "35583180-2b65-4e70-8750-e5d7aeca38f6",
            "id": 4879
        },
        {
            "@type": "WorkflowStep",
            "name": "Update MD5 with unknown reputation",
            "description": null,
            "arguments": {
                "resource": {
                    "value": "{{vars.input.params.md5}}",
                    "sources": "VirusTotal",
                    "reputation": {
                        "id": 7814,
                        "@id": "\/api\/3\/picklists\/9a611980-1b5e-4ae9-8062-eb2c0c433cff",
                        "icon": null,
                        "@type": "Picklist",
                        "color": "#6a9169",
                        "display": "No Reputation Available",
                        "listName": "\/api\/3\/picklist_names\/e75ed3c3-9f23-4a43-832b-0daf236209ba",
                        "itemValue": "No Reputation Available",
                        "orderIndex": 4
                    },
                    "typeofindicator": {
                        "id": 4169,
                        "@id": "\/api\/3\/picklists\/0ca054f2-d923-4992-a4a7-c516e6df281e",
                        "icon": null,
                        "@type": "Picklist",
                        "color": null,
                        "display": "FileHash-MD5",
                        "listName": "\/api\/3\/picklist_names\/50ee5bfa-e18f-49ba-8af9-dcca25b0f9c0",
                        "itemValue": "FileHash-MD5",
                        "orderIndex": 3
                    },
                    "virustotalReputation": "No Reputation Data Found"
                },
                "_showJson": false,
                "operation": "Append",
                "collection": "{{vars.indicatorIRI}}",
                "collectionType": "\/api\/3\/indicators",
                "step_variables": []
            },
            "status": null,
            "top": "160",
            "left": "1940",
            "stepType": "\/api\/3\/workflow_step_types\/b593663d-7d13-40ce-a3a3-96dece928722",
            "uuid": "7d5042a4-fac0-4f4d-9380-bf2c30f8d6eb",
            "id": 4880
        },
        {
            "@type": "WorkflowStep",
            "name": "Set Indicator IRI",
            "description": null,
            "arguments": {
                "indicatorIRI": "{% if vars.steps.Check_if_MD5_is_already_an_indicator %}{{vars.steps.Check_if_MD5_is_already_an_indicator[0]['@id']}}{% endif %}"
            },
            "status": null,
            "top": "320",
            "left": "320",
            "stepType": "\/api\/3\/workflow_step_types\/04d0cf46-b6a8-42c4-8683-60a7eaa69e8f",
            "uuid": "c8370cd1-39a2-4ded-ac5b-902485902baa",
            "id": 4881
        },
        {
            "@type": "WorkflowStep",
            "name": "Create Alert",
            "description": null,
            "arguments": {
                "arguments": {
                    "MD5": "{{vars.input.params.md5}}",
                    "source": "Powershell",
                    "comment": "",
                    "service": "{{vars.input.params.name}}",
                    "assetIRI": "{{vars.input.params.assetIRI}}",
                    "filePath": "{{vars.input.params.path}}",
                    "hostName": "{{vars.input.params.hostname}}",
                    "sourceIP": "",
                    "userName": "",
                    "alertName": "ATT&CK-Service Execution-Malicious service {{vars.input.params.name}} running",
                    "epochTime": "",
                    "eventName": "",
                    "eventTime": "",
                    "processID": "",
                    "technique": "Service Execution",
                    "sourceTool": "Powershell",
                    "commandline": "",
                    "description": "A service whose executable poses a malicious reputation was discovered on the host. Additional linked alerts may be created if logs indicate this service has executed.",
                    "mitreTechId": "T1035",
                    "processGUID": "",
                    "processName": "{{vars.input.params.path | regex_search('[^\\\\\\\/:*?\"<>|\\r\\n]+$') }}",
                    "sourceImage": "",
                    "targetImage": "",
                    "destinationIP": "",
                    "parentProcess": "",
                    "scheduledTask": "",
                    "parentProcessID": "",
                    "parentCommandLine": ""
                },
                "apply_async": false,
                "step_variables": [],
                "workflowReference": "\/api\/3\/workflows\/5e4d1f4a-b109-40d3-9d36-4ff6de69b4ca"
            },
            "status": null,
            "top": "591",
            "left": "2260",
            "stepType": "\/api\/3\/workflow_step_types\/74932bdc-b8b6-4d24-88c4-1a4dfbc524f3",
            "uuid": "9a63d72c-c526-4eb1-9b1e-c40759f47b45",
            "id": 4882
        },
        {
            "@type": "WorkflowStep",
            "name": "Start",
            "description": null,
            "arguments": {
                "step_variables": {
                    "input": {
                        "params": {
                            "md5": "{{ vars.md5 }}",
                            "SIEM": "{{ vars.SIEM }}",
                            "name": "{{ vars.name }}",
                            "path": "{{ vars.path }}",
                            "assetIRI": "{{ vars.assetIRI }}",
                            "hostname": "{{ vars.hostname }}"
                        }
                    }
                }
            },
            "status": null,
            "top": "20",
            "left": "20",
            "stepType": "\/api\/3\/workflow_step_types\/b348f017-9a94-471f-87f8-ce88b6a7ad62",
            "uuid": "6f900f16-e2d1-47dc-8532-5fc131da2921",
            "id": 4883
        },
        {
            "@type": "WorkflowStep",
            "name": "Create benign MD5 Indicator",
            "description": null,
            "arguments": {
                "resource": {
                    "tags": null,
                    "hunts": null,
                    "notes": null,
                    "value": "{{vars.input.params.md5}}",
                    "alerts": null,
                    "assets": null,
                    "emails": null,
                    "events": null,
                    "owners": null,
                    "persons": null,
                    "sources": "VirusTotal",
                    "comments": null,
                    "__replace": "true",
                    "campaigns": null,
                    "companies": null,
                    "evidences": null,
                    "incidents": null,
                    "recordTags": null,
                    "reputation": {
                        "id": 6432,
                        "@id": "\/api\/3\/picklists\/b19b42aa-aee4-47df-9cda-894537dacb2a",
                        "icon": null,
                        "@type": "Picklist",
                        "color": "#52c91a",
                        "display": "Good",
                        "listName": "\/api\/3\/picklist_names\/e75ed3c3-9f23-4a43-832b-0daf236209ba",
                        "itemValue": "Good",
                        "orderIndex": 0
                    },
                    "attachments": null,
                    "description": null,
                    "indicatorStatus": null,
                    "typeofindicator": {
                        "id": 4169,
                        "@id": "\/api\/3\/picklists\/0ca054f2-d923-4992-a4a7-c516e6df281e",
                        "icon": null,
                        "@type": "Picklist",
                        "color": null,
                        "display": "FileHash-MD5",
                        "listName": "\/api\/3\/picklist_names\/50ee5bfa-e18f-49ba-8af9-dcca25b0f9c0",
                        "itemValue": "FileHash-MD5",
                        "orderIndex": 3
                    },
                    "vulnerabilities": null,
                    "correlationGraph": null
                },
                "_showJson": false,
                "operation": "Overwrite",
                "collection": "\/api\/3\/upsert\/indicators",
                "tagsOperation": "OverwriteTags",
                "step_variables": []
            },
            "status": null,
            "top": "240",
            "left": "1940",
            "stepType": "\/api\/3\/workflow_step_types\/2597053c-e718-44b4-8394-4d40fe26d357",
            "uuid": "79a45493-8e45-43af-a420-b05e5983dcf5",
            "id": 4884
        },
        {
            "@type": "WorkflowStep",
            "name": "Elastic Query for execution of service",
            "description": null,
            "arguments": {
                "name": "ElasticSearch",
                "config": "8d03a01d-1cef-40a8-992a-63d8de2b339f",
                "params": {
                    "index": "logstash-beats-*",
                    "query": "event_id:1 AND event_data.Hashes:MD5={{vars.input.params.md5}}*",
                    "run_as_user": ""
                },
                "version": "2.2.0",
                "connector": "elasticsearch",
                "operation": "execute_lucene_query",
                "operationTitle": "Execute Lucene Query",
                "step_variables": []
            },
            "status": null,
            "top": "646",
            "left": "2840",
            "stepType": "\/api\/3\/workflow_step_types\/0bfed618-0316-11e7-93ae-92361f002671",
            "uuid": "b53084a4-da58-458b-a57f-99712a35b426",
            "id": 4885
        },
        {
            "@type": "WorkflowStep",
            "name": "Create Elastic Alert for Service Execution",
            "description": null,
            "arguments": {
                "for_each": {
                    "item": "{{vars.steps.Elastic_Query_for_execution_of_service.data.hits.hits}}",
                    "condition": ""
                },
                "arguments": {
                    "MD5": "{{vars.item._source.event_data.Hashes.split(\"MD5=\")[1].split(',')[0]}}",
                    "source": "{{vars.item._source.source_name}}",
                    "comment": "SIEM query identified known malicious process {{vars.item._source.image_path.split(\"\\\\\")[-1] }} executing on host {{vars.item._source.beat.hostname}} at  {{vars.item._source.event_data.UtcTime}}. This process has also been observed as service {{vars.input.params.name}} on {{vars.input.params.hostname}}.",
                    "service": "",
                    "assetIRI": "{{vars.input.params.assetIRI}}",
                    "filePath": "{{vars.item._source.image_path}}",
                    "hostName": "{{vars.item._source.beat.hostname}}",
                    "sourceIP": "",
                    "userName": "{{vars.item._source.username}}",
                    "alertName": "ATT&CK-Service Execution-{{vars.item._source.image_path.split(\"\\\\\")[-1] }}",
                    "epochTime": "{{ arrow.get(vars.item._source.event_data.UtcTime).timestamp }}",
                    "eventName": "",
                    "eventTime": "{{vars.item._source.event_data.UtcTime}}",
                    "processID": "{{vars.item._source.event_data.ProcessId}}",
                    "technique": "Service Execution",
                    "sourceTool": "{{vars.item._source.source_name}}",
                    "commandline": "{{vars.item._source.event_data.CommandLine}}",
                    "description": "Execution of a potentially malicious process was observed. This process has also been observed as a service. Attackers may utilize services to maintain persistence and execute malicious files at given intervals.",
                    "mitreTechId": "T1035",
                    "processGUID": "{{vars.item._source.event_data.ProcessGuid}}",
                    "processName": "{{vars.item._source.image_path.split(\"\\\\\")[-1] }}",
                    "sourceImage": "",
                    "targetImage": "",
                    "destinationIP": "",
                    "parentProcess": "{{vars.item._source.parent_image_path}}",
                    "scheduledTask": "",
                    "parentProcessID": "{{vars.item._source.event_data.ParentProcessId}}",
                    "parentCommandLine": "{{vars.item._source.event_data.ParentCommandLine}}"
                },
                "apply_async": false,
                "step_variables": [],
                "workflowReference": "\/api\/3\/workflows\/5e4d1f4a-b109-40d3-9d36-4ff6de69b4ca"
            },
            "status": null,
            "top": "646",
            "left": "3414",
            "stepType": "\/api\/3\/workflow_step_types\/74932bdc-b8b6-4d24-88c4-1a4dfbc524f3",
            "uuid": "38ca2c5d-e151-443e-873f-75519ab12329",
            "id": 4886
        },
        {
            "@type": "WorkflowStep",
            "name": "Was Indicator found",
            "description": null,
            "arguments": {
                "conditions": [
                    {
                        "option": "Indicator found",
                        "step_iri": "\/api\/3\/workflow_steps\/d30e325a-9a76-4dbc-8402-f068a97100ec",
                        "condition": "{{ vars.steps.Check_if_MD5_is_already_an_indicator|  length > 0 }}"
                    },
                    {
                        "option": "Indicator was not found",
                        "step_iri": "\/api\/3\/workflow_steps\/cc07f864-d14c-4baf-a744-18fa927026fd",
                        "condition": "{{ vars.steps.Check_if_MD5_is_already_an_indicator |  length == 0 }}"
                    }
                ]
            },
            "status": null,
            "top": "453",
            "left": "320",
            "stepType": "\/api\/3\/workflow_step_types\/12254cf5-5db7-4b1a-8cb1-3af081924b28",
            "uuid": "bac1f6b5-24a6-4dc8-a65f-ab3097776bb5",
            "id": 4887
        },
        {
            "@type": "WorkflowStep",
            "name": "Create malicious MD5 Indicator and link to asset",
            "description": null,
            "arguments": {
                "resource": {
                    "tags": null,
                    "hunts": null,
                    "notes": null,
                    "value": "{{vars.input.params.md5}}",
                    "alerts": null,
                    "assets": "['{{vars.input.params.assetIRI}}']",
                    "emails": null,
                    "events": null,
                    "owners": null,
                    "persons": null,
                    "sources": "VirusTotal",
                    "comments": null,
                    "__replace": "true",
                    "campaigns": null,
                    "companies": null,
                    "evidences": null,
                    "incidents": null,
                    "recordTags": null,
                    "reputation": {
                        "id": 6433,
                        "@id": "\/api\/3\/picklists\/7074e547-7785-4979-be32-c6d0c863e4bd",
                        "icon": null,
                        "@type": "Picklist",
                        "color": "#c42323",
                        "display": "Malicious",
                        "listName": "\/api\/3\/picklist_names\/e75ed3c3-9f23-4a43-832b-0daf236209ba",
                        "itemValue": "Malicious",
                        "orderIndex": 1
                    },
                    "attachments": null,
                    "description": null,
                    "indicatorStatus": null,
                    "typeofindicator": {
                        "id": 4169,
                        "@id": "\/api\/3\/picklists\/0ca054f2-d923-4992-a4a7-c516e6df281e",
                        "icon": null,
                        "@type": "Picklist",
                        "color": null,
                        "display": "FileHash-MD5",
                        "listName": "\/api\/3\/picklist_names\/50ee5bfa-e18f-49ba-8af9-dcca25b0f9c0",
                        "itemValue": "FileHash-MD5",
                        "orderIndex": 3
                    },
                    "vulnerabilities": null,
                    "correlationGraph": null
                },
                "_showJson": false,
                "operation": "Overwrite",
                "collection": "\/api\/3\/upsert\/indicators",
                "tagsOperation": "OverwriteTags",
                "step_variables": {
                    "indicatorIRI": "{{vars.result['@id']}}"
                }
            },
            "status": null,
            "top": "400",
            "left": "1940",
            "stepType": "\/api\/3\/workflow_step_types\/2597053c-e718-44b4-8394-4d40fe26d357",
            "uuid": "cd35831a-ae28-45e3-8ec5-6b6c2c953278",
            "id": 4888
        },
        {
            "@type": "WorkflowStep",
            "name": "Check if MD5 is already an indicator",
            "description": null,
            "arguments": {
                "query": {
                    "sort": [],
                    "limit": 30,
                    "logic": "AND",
                    "filters": [
                        {
                            "type": "object",
                            "field": "typeofindicator",
                            "value": "\/api\/3\/picklists\/0ca054f2-d923-4992-a4a7-c516e6df281e",
                            "_value": {
                                "itemValue": "FileHash-MD5"
                            },
                            "operator": "eq"
                        },
                        {
                            "type": "primitive",
                            "field": "value",
                            "value": "{{vars.input.params.md5}}",
                            "operator": "eq"
                        }
                    ]
                },
                "module": "indicators?$limit=30",
                "step_variables": []
            },
            "status": null,
            "top": "200",
            "left": "320",
            "stepType": "\/api\/3\/workflow_step_types\/b593663d-7d13-40ce-a3a3-96dece928770",
            "uuid": "c40be913-635f-4465-937c-a0e9c555ed2a",
            "id": 4889
        },
        {
            "@type": "WorkflowStep",
            "name": "Query for execution of service",
            "description": null,
            "arguments": {
                "name": "Splunk",
                "config": "9ab494b3-68d1-424f-9f76-0693bd787483",
                "params": {
                    "query": "index=sysmon EventCode=1 MD5={{vars.input.params.md5}} | table host Image MD5 ParentImage User CommandLine process_exec vendor_product TimeCreated ParentProcessId ProcessId ParentCommandLine ProcessGuid UtcTime EventChannel",
                    "exec_mode": "",
                    "auto_cancel": "",
                    "latest_time": "",
                    "earliest_time": "",
                    "additional_search_args": "{\"A\":\"B\"}"
                },
                "version": "1.5.0",
                "connector": "splunk",
                "operation": "invoke_search",
                "operationTitle": "Invoke Search",
                "step_variables": []
            },
            "status": null,
            "top": "520",
            "left": "2840",
            "stepType": "\/api\/3\/workflow_step_types\/0bfed618-0316-11e7-93ae-92361f002671",
            "uuid": "d6e44bac-8144-4bb3-b7b4-2981cd339f59",
            "id": 4890
        },
        {
            "@type": "WorkflowStep",
            "name": "Update MD5 with benign reputation",
            "description": null,
            "arguments": {
                "resource": {
                    "sources": "VirusTotal",
                    "reputation": {
                        "id": 6432,
                        "@id": "\/api\/3\/picklists\/b19b42aa-aee4-47df-9cda-894537dacb2a",
                        "icon": null,
                        "@type": "Picklist",
                        "color": "#52c91a",
                        "display": "Good",
                        "listName": "\/api\/3\/picklist_names\/e75ed3c3-9f23-4a43-832b-0daf236209ba",
                        "itemValue": "Good",
                        "orderIndex": 0
                    },
                    "virustotalReputation": "{{vars.steps.Check_MD5_Reputation.data.positives}}"
                },
                "_showJson": false,
                "operation": "Append",
                "collection": "{{vars.indicatorIRI}}",
                "collectionType": "\/api\/3\/indicators",
                "step_variables": []
            },
            "status": null,
            "top": "326",
            "left": "1940",
            "stepType": "\/api\/3\/workflow_step_types\/b593663d-7d13-40ce-a3a3-96dece928722",
            "uuid": "705c124c-ec65-4392-ba5e-b424ec6a4ac3",
            "id": 4891
        },
        {
            "@type": "WorkflowStep",
            "name": "Has indicator been submitted to VirusTotal before",
            "description": null,
            "arguments": {
                "conditions": [
                    {
                        "step_iri": "\/api\/3\/workflow_steps\/e492de72-53e9-4f44-b67d-df85d85e2feb",
                        "condition": "{{ vars.steps.Check_MD5_Reputation.data.response_code != 0 }}"
                    },
                    {
                        "step_iri": "\/api\/3\/workflow_steps\/17982050-8092-402b-94b8-c30d0875eb13",
                        "condition": "{{ (vars.steps.Check_MD5_Reputation.data.response_code == 0) and  (vars.indicatorIRI == \"\") }}"
                    },
                    {
                        "option": "",
                        "step_iri": "\/api\/3\/workflow_steps\/7d5042a4-fac0-4f4d-9380-bf2c30f8d6eb",
                        "condition": "{{ (vars.steps.Check_MD5_Reputation.data.response_code == 0) and  (vars.indicatorIRI != \"\") }}"
                    }
                ]
            },
            "status": null,
            "top": "240",
            "left": "1272",
            "stepType": "\/api\/3\/workflow_step_types\/12254cf5-5db7-4b1a-8cb1-3af081924b28",
            "uuid": "b531acd8-cb9b-4b7a-a97d-48799d8c6990",
            "id": 4892
        },
        {
            "@type": "WorkflowStep",
            "name": "Return query results",
            "description": null,
            "arguments": {
                "name": "Splunk",
                "config": "9ab494b3-68d1-424f-9f76-0693bd787483",
                "params": {
                    "sid": "{'value': '{{vars.steps.Query_for_execution_of_service.data.sid}}'}",
                    "additional_args": "{\"A\":\"B\"}"
                },
                "version": "1.4.0",
                "do_until": {
                    "delay": "1",
                    "retries": "300",
                    "condition": "{{\"results\" in vars.result.data}}"
                },
                "connector": "splunk",
                "operation": "get_results",
                "operationTitle": "Get Results for a Search",
                "step_variables": []
            },
            "status": null,
            "top": "520",
            "left": "3111",
            "stepType": "\/api\/3\/workflow_step_types\/0bfed618-0316-11e7-93ae-92361f002671",
            "uuid": "fde29f3f-1002-4842-ad62-af99eb1f110d",
            "id": 4893
        },
        {
            "@type": "WorkflowStep",
            "name": "Check MD5 Reputation",
            "description": null,
            "arguments": {
                "name": "VirusTotal",
                "config": "40bc830c-105c-4fb7-bf43-1abb91925144",
                "params": {
                    "file_hash": "{{vars.input.params.md5}}"
                },
                "version": "1.0.1",
                "connector": "virustotal",
                "operation": "file_reputation",
                "operationTitle": "Get File Reputation",
                "step_variables": []
            },
            "status": null,
            "top": "234",
            "left": "980",
            "stepType": "\/api\/3\/workflow_step_types\/0bfed618-0316-11e7-93ae-92361f002671",
            "uuid": "4a4c8ef1-01d6-48f4-b97a-6c1b78baadc7",
            "id": 4894
        },
        {
            "@type": "WorkflowStep",
            "name": "Create Additional Analysis Task",
            "description": null,
            "arguments": {
                "resource": {
                    "name": "Service Identified With Unknown Reputation",
                    "type": {
                        "id": 5268,
                        "@id": "\/api\/3\/picklists\/826ad76d-e418-4928-9bc9-ea552ebcc5f9",
                        "icon": null,
                        "@type": "Picklist",
                        "color": null,
                        "display": "Incident Response",
                        "listName": "\/api\/3\/picklist_names\/b837e375-76af-4ba5-b6a1-bd1c3cd27292",
                        "itemValue": "Incident Response",
                        "orderIndex": 12
                    },
                    "dueBy": null,
                    "hunts": null,
                    "notes": null,
                    "alerts": null,
                    "assets": "['{{vars.input.params.assetIRI}}']",
                    "owners": null,
                    "status": null,
                    "persons": null,
                    "comments": null,
                    "priority": {
                        "id": 109,
                        "@id": "\/api\/3\/picklists\/539083a6-01f6-4ff9-a588-778cfdad4671",
                        "icon": null,
                        "@type": "Picklist",
                        "color": "#d1b524",
                        "display": "Medium",
                        "listName": "\/api\/3\/picklist_names\/bea9a490-50d1-4597-8ad9-24422e10676e",
                        "itemValue": "Medium",
                        "orderIndex": 3
                    },
                    "taskdata": null,
                    "tasktype": null,
                    "companies": null,
                    "incidents": null,
                    "startDate": null,
                    "workflowid": null,
                    "attachments": null,
                    "description": "<p>A&nbsp;Windows Service was identified with a hash whose reputation is unknown.&nbsp;<\/p>\n<p>Task Details:<br \/>Name:&nbsp;{{vars.input.params.name}}<br \/>Path:&nbsp;{{vars.input.params.path}}<br \/>MD5:&nbsp;{{vars.input.params.md5}}<br \/>Host:&nbsp;{{vars.input.params.hostname}}<\/p>\n<p>It is recommended that the file and hash associated with this service be investigated to determine whether the service is legitimate.<\/p>",
                    "approvalhost": null,
                    "actualMinutes": null,
                    "assignedOnDate": null,
                    "completedOnDate": null,
                    "vulnerabilities": null,
                    "assignedToPerson": null,
                    "systemAssignedQueue": null
                },
                "_showJson": false,
                "collection": "\/api\/3\/tasks",
                "step_variables": []
            },
            "status": null,
            "top": "120",
            "left": "2230",
            "stepType": "\/api\/3\/workflow_step_types\/2597053c-e718-44b4-8394-4d40fe26d357",
            "uuid": "24b9e68a-bfce-42cd-b91f-57519811efd5",
            "id": 4895
        },
        {
            "@type": "WorkflowStep",
            "name": "What is existing indicator reputation",
            "description": null,
            "arguments": {
                "conditions": [
                    {
                        "step_iri": "\/api\/3\/workflow_steps\/8a560103-3936-40f0-9f6d-54feb24e215c",
                        "condition": "{{ (vars.steps.Check_if_MD5_is_already_an_indicator[0].reputation.itemValue == \"Good\")  or (vars.steps.Check_if_MD5_is_already_an_indicator[0].reputation.itemValue == \"Neutral\") }}"
                    },
                    {
                        "step_iri": "\/api\/3\/workflow_steps\/9a63d72c-c526-4eb1-9b1e-c40759f47b45",
                        "condition": "{{ (vars.steps.Check_if_MD5_is_already_an_indicator[0].reputation.itemValue == \"Malicious\")  or (vars.steps.Check_if_MD5_is_already_an_indicator[0].reputation.itemValue == \"Suspicious\") }}"
                    },
                    {
                        "step_iri": "\/api\/3\/workflow_steps\/4a4c8ef1-01d6-48f4-b97a-6c1b78baadc7",
                        "condition": "{{ true }}"
                    }
                ]
            },
            "status": null,
            "top": "606",
            "left": "660",
            "stepType": "\/api\/3\/workflow_step_types\/12254cf5-5db7-4b1a-8cb1-3af081924b28",
            "uuid": "d30e325a-9a76-4dbc-8402-f068a97100ec",
            "id": 4896
        },
        {
            "@type": "WorkflowStep",
            "name": "Create Alert for Service Execution",
            "description": null,
            "arguments": {
                "for_each": {
                    "item": "{{vars.steps.Return_query_results.data.results}}",
                    "condition": ""
                },
                "arguments": {
                    "MD5": "{{vars.item.MD5}}",
                    "source": "{{vars.item.EventChannel}}",
                    "comment": "SIEM query identified known malicious process {{vars.item.process_exec}} executing on host {{vars.item.host}} at {{vars.item.UtcTime}}. This process has also been observed as service {{vars.input.params.name}} on {{vars.input.params.hostname}}.",
                    "service": "",
                    "assetIRI": "{{vars.input.params.assetIRI}}",
                    "filePath": "{{vars.item.Image}}",
                    "hostName": "{{vars.item.host}}",
                    "sourceIP": "null",
                    "userName": "{{vars.item.User}}",
                    "alertName": "ATT&CK-Service Execution-Malicious service {{vars.input.params.name}} executed",
                    "epochTime": "{{ arrow.get(vars.item.UtcTime).timestamp }}",
                    "eventName": "",
                    "eventTime": "{{vars.item.UtcTime}}",
                    "processID": "{{vars.item.ProcessId}}",
                    "technique": "Service Execution",
                    "sourceTool": "{{vars.item.EventChannel}}",
                    "commandline": "{{vars.item.CommandLine}}",
                    "description": "Execution of a potentially malicious process was observed. This process has also been observed as a service. Attackers may utilize services to maintain persistence and execute malicious files at given intervals.",
                    "mitreTechId": "T1035",
                    "processGUID": "{{vars.item.ProcessGuid}}",
                    "processName": "{{vars.item.process_exec}}",
                    "sourceImage": "",
                    "targetImage": "",
                    "destinationIP": "null",
                    "parentProcess": "{{vars.item.ParentImage}}",
                    "scheduledTask": "",
                    "parentProcessID": "{{vars.item.ParentProcessId}}",
                    "parentCommandLine": "{{vars.item.ParentCommandLine}}"
                },
                "apply_async": false,
                "step_variables": [],
                "workflowReference": "\/api\/3\/workflows\/5e4d1f4a-b109-40d3-9d36-4ff6de69b4ca"
            },
            "status": null,
            "top": "520",
            "left": "3410",
            "stepType": "\/api\/3\/workflow_step_types\/74932bdc-b8b6-4d24-88c4-1a4dfbc524f3",
            "uuid": "8f5778f4-f06f-4db3-9bbe-d708a41842c0",
            "id": 4897
        },
        {
            "@type": "WorkflowStep",
            "name": "Is indicator malicious",
            "description": null,
            "arguments": {
                "conditions": [
                    {
                        "step_iri": "\/api\/3\/workflow_steps\/705c124c-ec65-4392-ba5e-b424ec6a4ac3",
                        "condition": "{{ (vars.steps.Check_MD5_Reputation.data.positives == 0) and (vars.indicatorIRI != \"\") }}"
                    },
                    {
                        "step_iri": "\/api\/3\/workflow_steps\/35583180-2b65-4e70-8750-e5d7aeca38f6",
                        "condition": "{{ (vars.steps.Check_MD5_Reputation.data.positives > 0) and  (vars.indicatorIRI != \"\") }}"
                    },
                    {
                        "step_iri": "\/api\/3\/workflow_steps\/79a45493-8e45-43af-a420-b05e5983dcf5",
                        "condition": "{{ (vars.steps.Check_MD5_Reputation.data.positives == 0) and (vars.indicatorIRI == \"\") }}"
                    },
                    {
                        "step_iri": "\/api\/3\/workflow_steps\/cd35831a-ae28-45e3-8ec5-6b6c2c953278",
                        "condition": "{{ (vars.steps.Check_MD5_Reputation.data.positives > 0) and  (vars.indicatorIRI == \"\") }}"
                    }
                ]
            },
            "status": null,
            "top": "329",
            "left": "1580",
            "stepType": "\/api\/3\/workflow_step_types\/12254cf5-5db7-4b1a-8cb1-3af081924b28",
            "uuid": "e492de72-53e9-4f44-b67d-df85d85e2feb",
            "id": 4898
        }
    ],
    "routes": [
        {
            "@type": "WorkflowRoute",
            "name": "Has indicator been submitted to VirusTotal before -> Create unknown MD5 Indicator",
            "targetStep": "\/api\/3\/workflow_steps\/17982050-8092-402b-94b8-c30d0875eb13",
            "sourceStep": "\/api\/3\/workflow_steps\/b531acd8-cb9b-4b7a-a97d-48799d8c6990",
            "label": null,
            "isExecuted": false,
            "uuid": "2d2df5ba-5b0a-4219-8ed8-7a39db42de7c"
        },
        {
            "@type": "WorkflowRoute",
            "name": "Update MD5 with unknown reputation -> Create Additional Analysis Task",
            "targetStep": "\/api\/3\/workflow_steps\/24b9e68a-bfce-42cd-b91f-57519811efd5",
            "sourceStep": "\/api\/3\/workflow_steps\/7d5042a4-fac0-4f4d-9380-bf2c30f8d6eb",
            "label": null,
            "isExecuted": false,
            "uuid": "ca0bc58f-3364-4b90-a2ba-7c5ff9ea3429"
        },
        {
            "@type": "WorkflowRoute",
            "name": "Is indicator malicious -> Create malicious MD5 Indicator and link to asset",
            "targetStep": "\/api\/3\/workflow_steps\/cd35831a-ae28-45e3-8ec5-6b6c2c953278",
            "sourceStep": "\/api\/3\/workflow_steps\/e492de72-53e9-4f44-b67d-df85d85e2feb",
            "label": "",
            "isExecuted": false,
            "uuid": "cc193064-fb61-4d40-9f16-2f5462cb8a8c"
        },
        {
            "@type": "WorkflowRoute",
            "name": "Elastic Query for execution of service -> Copy  of Create Alert for Service Execution",
            "targetStep": "\/api\/3\/workflow_steps\/38ca2c5d-e151-443e-873f-75519ab12329",
            "sourceStep": "\/api\/3\/workflow_steps\/b53084a4-da58-458b-a57f-99712a35b426",
            "label": null,
            "isExecuted": false,
            "uuid": "a67a07bf-4123-4413-9cdf-7c5b0b398c60"
        },
        {
            "@type": "WorkflowRoute",
            "name": "What is existing indicator reputation -> Create Alert",
            "targetStep": "\/api\/3\/workflow_steps\/9a63d72c-c526-4eb1-9b1e-c40759f47b45",
            "sourceStep": "\/api\/3\/workflow_steps\/d30e325a-9a76-4dbc-8402-f068a97100ec",
            "label": null,
            "isExecuted": false,
            "uuid": "035c581b-8678-44c4-8e4b-eac09fb94fcf"
        },
        {
            "@type": "WorkflowRoute",
            "name": "Create unknown MD5 Indicator -> Create Additional Analysis Task",
            "targetStep": "\/api\/3\/workflow_steps\/24b9e68a-bfce-42cd-b91f-57519811efd5",
            "sourceStep": "\/api\/3\/workflow_steps\/17982050-8092-402b-94b8-c30d0875eb13",
            "label": null,
            "isExecuted": false,
            "uuid": "b148ff6f-5fa7-4555-9fe5-365f18c4af3b"
        },
        {
            "@type": "WorkflowRoute",
            "name": "Create malicious MD5 Indicator and link to asset -> Create Alert",
            "targetStep": "\/api\/3\/workflow_steps\/9a63d72c-c526-4eb1-9b1e-c40759f47b45",
            "sourceStep": "\/api\/3\/workflow_steps\/cd35831a-ae28-45e3-8ec5-6b6c2c953278",
            "label": null,
            "isExecuted": false,
            "uuid": "60b5c36e-f7fe-407b-939e-087cdbbf7112"
        },
        {
            "@type": "WorkflowRoute",
            "name": "Start -> Check if MD5 is already an indicator",
            "targetStep": "\/api\/3\/workflow_steps\/c40be913-635f-4465-937c-a0e9c555ed2a",
            "sourceStep": "\/api\/3\/workflow_steps\/6f900f16-e2d1-47dc-8532-5fc131da2921",
            "label": null,
            "isExecuted": false,
            "uuid": "bbb2a596-49c0-4eae-9a81-f40ef73f2e26"
        },
        {
            "@type": "WorkflowRoute",
            "name": "Return query results -> Copy  of Create Alert",
            "targetStep": "\/api\/3\/workflow_steps\/8f5778f4-f06f-4db3-9bbe-d708a41842c0",
            "sourceStep": "\/api\/3\/workflow_steps\/fde29f3f-1002-4842-ad62-af99eb1f110d",
            "label": null,
            "isExecuted": false,
            "uuid": "123bd560-a11b-4058-9ed0-68ee1220e7f5"
        },
        {
            "@type": "WorkflowRoute",
            "name": "Has indicator been submitted to VirusTotal before -> Update MD5 with unknown reputation",
            "targetStep": "\/api\/3\/workflow_steps\/7d5042a4-fac0-4f4d-9380-bf2c30f8d6eb",
            "sourceStep": "\/api\/3\/workflow_steps\/b531acd8-cb9b-4b7a-a97d-48799d8c6990",
            "label": "",
            "isExecuted": false,
            "uuid": "44c82ddf-76e4-4ecc-ae8d-962a2288b624"
        },
        {
            "@type": "WorkflowRoute",
            "name": "Was Indicator found -> Do Nothing2",
            "targetStep": "\/api\/3\/workflow_steps\/cc07f864-d14c-4baf-a744-18fa927026fd",
            "sourceStep": "\/api\/3\/workflow_steps\/bac1f6b5-24a6-4dc8-a65f-ab3097776bb5",
            "label": "Indicator was not found",
            "isExecuted": false,
            "uuid": "e6585ac7-7730-4d1e-8f21-bbbb17b57d3e"
        },
        {
            "@type": "WorkflowRoute",
            "name": "Do Nothing2 -> Check MD5 Reputation",
            "targetStep": "\/api\/3\/workflow_steps\/4a4c8ef1-01d6-48f4-b97a-6c1b78baadc7",
            "sourceStep": "\/api\/3\/workflow_steps\/cc07f864-d14c-4baf-a744-18fa927026fd",
            "label": null,
            "isExecuted": false,
            "uuid": "94118ed8-3963-4716-9b53-10442461ed3d"
        },
        {
            "@type": "WorkflowRoute",
            "name": "Was Indicator found -> Is existing indicator malicious",
            "targetStep": "\/api\/3\/workflow_steps\/d30e325a-9a76-4dbc-8402-f068a97100ec",
            "sourceStep": "\/api\/3\/workflow_steps\/bac1f6b5-24a6-4dc8-a65f-ab3097776bb5",
            "label": "Indicator found",
            "isExecuted": false,
            "uuid": "7368277e-75a1-441e-a9b2-ae956a31459c"
        },
        {
            "@type": "WorkflowRoute",
            "name": "Which SIEM -> Elastic Query for execution of service",
            "targetStep": "\/api\/3\/workflow_steps\/b53084a4-da58-458b-a57f-99712a35b426",
            "sourceStep": "\/api\/3\/workflow_steps\/4f55bf63-ba9e-43c8-96a2-0c278729305b",
            "label": null,
            "isExecuted": false,
            "uuid": "1ca31961-c19e-4518-81a8-f629208262d3"
        },
        {
            "@type": "WorkflowRoute",
            "name": "Is indicator malicious -> Copy  of Update MD5 with malicious reputation",
            "targetStep": "\/api\/3\/workflow_steps\/705c124c-ec65-4392-ba5e-b424ec6a4ac3",
            "sourceStep": "\/api\/3\/workflow_steps\/e492de72-53e9-4f44-b67d-df85d85e2feb",
            "label": "",
            "isExecuted": false,
            "uuid": "e097207d-cb53-435c-bbe7-5d4c8822b0ae"
        },
        {
            "@type": "WorkflowRoute",
            "name": "Is indicator malicious -> Update MD5 with malicious reputation",
            "targetStep": "\/api\/3\/workflow_steps\/35583180-2b65-4e70-8750-e5d7aeca38f6",
            "sourceStep": "\/api\/3\/workflow_steps\/e492de72-53e9-4f44-b67d-df85d85e2feb",
            "label": "",
            "isExecuted": false,
            "uuid": "05aebf95-50d8-475c-8931-cef2041c3886"
        },
        {
            "@type": "WorkflowRoute",
            "name": "Set Indicator IRI -> Was Indicator found",
            "targetStep": "\/api\/3\/workflow_steps\/bac1f6b5-24a6-4dc8-a65f-ab3097776bb5",
            "sourceStep": "\/api\/3\/workflow_steps\/c8370cd1-39a2-4ded-ac5b-902485902baa",
            "label": null,
            "isExecuted": false,
            "uuid": "b60a1912-87af-4328-a6bf-be8669b97bb6"
        },
        {
            "@type": "WorkflowRoute",
            "name": "Create Alert -> Which SIEM",
            "targetStep": "\/api\/3\/workflow_steps\/4f55bf63-ba9e-43c8-96a2-0c278729305b",
            "sourceStep": "\/api\/3\/workflow_steps\/9a63d72c-c526-4eb1-9b1e-c40759f47b45",
            "label": null,
            "isExecuted": false,
            "uuid": "d836c4e8-dfca-4669-9870-09b0579c6502"
        },
        {
            "@type": "WorkflowRoute",
            "name": "Has indicator been submitted to VirusTotal before -> Is indicator malicious",
            "targetStep": "\/api\/3\/workflow_steps\/e492de72-53e9-4f44-b67d-df85d85e2feb",
            "sourceStep": "\/api\/3\/workflow_steps\/b531acd8-cb9b-4b7a-a97d-48799d8c6990",
            "label": null,
            "isExecuted": false,
            "uuid": "27001015-071e-49bd-826f-680d6e87e4a0"
        },
        {
            "@type": "WorkflowRoute",
            "name": "What is existing indicator reputation -> Do nothing",
            "targetStep": "\/api\/3\/workflow_steps\/8a560103-3936-40f0-9f6d-54feb24e215c",
            "sourceStep": "\/api\/3\/workflow_steps\/d30e325a-9a76-4dbc-8402-f068a97100ec",
            "label": null,
            "isExecuted": false,
            "uuid": "6e452db3-3649-480b-be6a-cf46d6c05ec2"
        },
        {
            "@type": "WorkflowRoute",
            "name": "Check if MD5 is already an indicator -> Set Indicator IRI",
            "targetStep": "\/api\/3\/workflow_steps\/c8370cd1-39a2-4ded-ac5b-902485902baa",
            "sourceStep": "\/api\/3\/workflow_steps\/c40be913-635f-4465-937c-a0e9c555ed2a",
            "label": null,
            "isExecuted": false,
            "uuid": "0f3e0acb-5b86-4c18-83f2-3d28df4b895a"
        },
        {
            "@type": "WorkflowRoute",
            "name": "Query for execution of service -> Return query results",
            "targetStep": "\/api\/3\/workflow_steps\/fde29f3f-1002-4842-ad62-af99eb1f110d",
            "sourceStep": "\/api\/3\/workflow_steps\/d6e44bac-8144-4bb3-b7b4-2981cd339f59",
            "label": null,
            "isExecuted": false,
            "uuid": "c03b4e03-b672-4b6b-862b-51add9241c36"
        },
        {
            "@type": "WorkflowRoute",
            "name": "Check MD5 Reputation -> Has indicator been submitted to VirusTotal before",
            "targetStep": "\/api\/3\/workflow_steps\/b531acd8-cb9b-4b7a-a97d-48799d8c6990",
            "sourceStep": "\/api\/3\/workflow_steps\/4a4c8ef1-01d6-48f4-b97a-6c1b78baadc7",
            "label": null,
            "isExecuted": false,
            "uuid": "2ed7b960-8c64-4675-9735-02e84bb8b6fe"
        },
        {
            "@type": "WorkflowRoute",
            "name": "What is existing indicator reputation -> Check MD5 Reputation",
            "targetStep": "\/api\/3\/workflow_steps\/4a4c8ef1-01d6-48f4-b97a-6c1b78baadc7",
            "sourceStep": "\/api\/3\/workflow_steps\/d30e325a-9a76-4dbc-8402-f068a97100ec",
            "label": null,
            "isExecuted": false,
            "uuid": "22a2b0f6-0bd2-418f-8fc4-f4b74c4743b3"
        },
        {
            "@type": "WorkflowRoute",
            "name": "Update MD5 with malicious reputation -> Create Alert",
            "targetStep": "\/api\/3\/workflow_steps\/9a63d72c-c526-4eb1-9b1e-c40759f47b45",
            "sourceStep": "\/api\/3\/workflow_steps\/35583180-2b65-4e70-8750-e5d7aeca38f6",
            "label": null,
            "isExecuted": false,
            "uuid": "b16fdaa5-c42f-4c2a-8673-648dcf4f44f1"
        },
        {
            "@type": "WorkflowRoute",
            "name": "Is indicator malicious -> Create benign MD5 Indicator",
            "targetStep": "\/api\/3\/workflow_steps\/79a45493-8e45-43af-a420-b05e5983dcf5",
            "sourceStep": "\/api\/3\/workflow_steps\/e492de72-53e9-4f44-b67d-df85d85e2feb",
            "label": "",
            "isExecuted": false,
            "uuid": "0bb9bfc7-1598-4a23-b5b3-83065c0f7c3a"
        },
        {
            "@type": "WorkflowRoute",
            "name": "Which SIEM -> Query for execution of service",
            "targetStep": "\/api\/3\/workflow_steps\/d6e44bac-8144-4bb3-b7b4-2981cd339f59",
            "sourceStep": "\/api\/3\/workflow_steps\/4f55bf63-ba9e-43c8-96a2-0c278729305b",
            "label": "",
            "isExecuted": false,
            "uuid": "c2827ec0-dbb5-4056-a3c5-5e074d835676"
        }
    ],
    "priority": null,
    "uuid": "fa42ac5d-e29c-4654-94f7-40c3a10f3a46",
    "recordTags": [],
    "id": 1204,
    "createUser": "\/api\/3\/people\/3451141c-bac6-467c-8d72-85e0fab569ce",
    "createDate": 1633085067,
    "modifyUser": "\/api\/3\/people\/3451141c-bac6-467c-8d72-85e0fab569ce",
    "modifyDate": 1633085067,
    "owners": [],
    "isPrivate": false
}