{
    "@type": "Workflow",
    "triggerLimit": null,
    "name": "ASSETS - Service Execution (T1569.002)",
    "aliasName": null,
    "tag": "ATT&CK, Execution, Service_Execution",
    "description": "Identifies on-OS services on a host and pass information to the next playbook for enrichment.",
    "isActive": false,
    "debug": false,
    "singleRecordExecution": false,
    "remoteExecutableFlag": false,
    "parameters": [],
    "synchronous": false,
    "lastModifyDate": 1633085062,
    "collection": "\/api\/3\/workflow_collections\/edf2e401-21cf-4a1a-b2c5-f66fdd9e68e6",
    "versions": [],
    "triggerStep": "\/api\/3\/workflow_steps\/d836adf4-f4ac-4a05-8eef-ba0526e80c1b",
    "steps": [
        {
            "@type": "WorkflowStep",
            "name": "Get service data",
            "description": null,
            "arguments": {
                "name": "Microsoft WinRM",
                "config": "4e52b7d6-2b18-4d70-a231-8d17eac0fd12",
                "params": {
                    "url": "{{vars.input.records[0].ip}}",
                    "port": 5985,
                    "command": "$services = Get-WmiObject Win32_Service | Select-Object Name, Pathname | Where-Object Pathname -NotLike 'C:\\WINDOWS\\system32\\svchost.exe*' | Sort-Object Pathname -Unique\n$formatted_serv_list = @()\nforeach($service in $services){\n    $serv_path = $service.Pathname -replace \"`\"\", \"\"\n    $serv_path = $serv_path -match \".*\\.exe(?!\\S)\"\n    $serv_path = $Matches[0]\n    if($serv_path){\n        $non_os_service = Get-AuthenticodeSignature -FilePath $serv_path | Select-Object Path, IsOSBinary, Status | Where-Object IsOSBinary -NE \"True\"\n        }\n    else{}\n    if($non_os_service){\n    $hashed_serv = Get-FileHash -Algorithm MD5 -Path $non_os_service.Path\n    $formatted_serv = New-Object System.Object\n    $formatted_serv | Add-Member -MemberType NoteProperty -Name \u201cName\u201d -Value $service.Name\n    $formatted_serv | Add-Member -MemberType NoteProperty -Name \u201cPath\u201d -Value $serv_path\n    $formatted_serv | Add-Member -MemberType NoteProperty -Name \u201cMD5\u201d -Value $hashed_serv.Hash\n    $formatted_serv | Add-Member -MemberType NoteProperty -Name \u201cStatus\u201d -Value $non_os_service.Status\n    $formatted_serv_list += $formatted_serv\n    }\n    else{}\n}\n\n$formatted_serv_list = $formatted_serv_list | Sort-Object Path -Unique | sort-object Name | ConvertTo-Json\n$formatted_serv_list",
                    "protocol": "http"
                },
                "version": "1.0.2",
                "connector": "microsoft-winrm",
                "operation": "execute_ps_script",
                "operationTitle": "Run Inline Powershell Script",
                "step_variables": []
            },
            "status": null,
            "top": "291",
            "left": "711",
            "stepType": "\/api\/3\/workflow_step_types\/0bfed618-0316-11e7-93ae-92361f002671",
            "uuid": "07a59e9e-fa75-4e56-939c-9437ea1260dc",
            "id": 4871
        },
        {
            "@type": "WorkflowStep",
            "name": "Start",
            "description": null,
            "arguments": {
                "route": "6ab91b04-2790-48f3-bb5f-ba62e2633e65",
                "title": "T1569.002 - Hunt for Service Execution",
                "resources": [
                    "assets"
                ],
                "inputVariables": [
                    {
                        "name": "siem",
                        "type": "picklists",
                        "label": "SIEM",
                        "title": "Picklist",
                        "usable": true,
                        "tooltip": "Choose your SIEM",
                        "dataType": "picklist",
                        "formType": "picklist",
                        "required": false,
                        "_expanded": true,
                        "collection": false,
                        "dataSource": {
                            "model": "picklists",
                            "query": {
                                "sort": [
                                    {
                                        "field": "orderIndex",
                                        "direction": "ASC"
                                    }
                                ],
                                "logic": "AND",
                                "filters": [
                                    {
                                        "field": "listName__name",
                                        "value": "SIEMs",
                                        "operator": "eq"
                                    }
                                ]
                            },
                            "displayConditions": {
                                "876c1483-416b-4d2f-8138-15769ae16d5c": {
                                    "conditions": null,
                                    "visibility": "visible"
                                },
                                "bcebcab1-3f93-468a-9f3f-91e5c511a0b5": {
                                    "conditions": null,
                                    "visibility": "visible"
                                }
                            }
                        },
                        "searchable": false,
                        "templateUrl": "app\/components\/form\/fields\/typeahead.html",
                        "_nameTouched": true,
                        "defaultValue": {
                            "id": 280,
                            "@id": "\/api\/3\/picklists\/876c1483-416b-4d2f-8138-15769ae16d5c",
                            "icon": null,
                            "@type": "Picklist",
                            "color": null,
                            "display": "Elastic",
                            "listName": "\/api\/3\/picklist_names\/98830189-afff-40e6-bed1-94012551dc67",
                            "itemValue": "Elastic",
                            "orderIndex": 1
                        },
                        "useModuleField": false,
                        "displayTemplate": "{{ itemValue }}",
                        "allowedEncryption": false,
                        "allowedGridColumn": true,
                        "useRecordFieldDefault": false
                    }
                ],
                "step_variables": {
                    "input": {
                        "params": {
                            "siem": "{{vars.request.data[\"siem\"]}}"
                        },
                        "records": "{{vars.input.records}}"
                    }
                },
                "_promptexpanded": true,
                "displayConditions": {
                    "alerts": {
                        "sort": [],
                        "limit": 30,
                        "logic": "AND",
                        "filters": []
                    },
                    "assets": {
                        "sort": [],
                        "limit": 30,
                        "logic": "AND",
                        "filters": []
                    }
                },
                "executeButtonText": "Execute",
                "noRecordExecution": false,
                "singleRecordExecution": false
            },
            "status": null,
            "top": "291",
            "left": "20",
            "stepType": "\/api\/3\/workflow_step_types\/f414d039-bb0d-4e59-9c39-a8f1e880b18a",
            "uuid": "d836adf4-f4ac-4a05-8eef-ba0526e80c1b",
            "id": 4872
        },
        {
            "@type": "WorkflowStep",
            "name": "Check Service",
            "description": null,
            "arguments": {
                "for_each": {
                    "item": "{{vars.steps.Get_service_data.data['op_result']}}",
                    "condition": ""
                },
                "arguments": {
                    "md5": "{{vars.item.MD5}}",
                    "SIEM": "{{vars.siem_selected}}",
                    "name": "{{vars.item.Name}}",
                    "path": "{{vars.item.Path}}",
                    "assetIRI": "{{vars.input.records[0]['@id']}}",
                    "hostname": "{{vars.input.records[0].hostname}}"
                },
                "step_variables": [],
                "workflowReference": "\/api\/3\/workflows\/fa42ac5d-e29c-4654-94f7-40c3a10f3a46"
            },
            "status": null,
            "top": "291",
            "left": "1040",
            "stepType": "\/api\/3\/workflow_step_types\/74932bdc-b8b6-4d24-88c4-1a4dfbc524f3",
            "uuid": "d96d460a-390e-4c5e-bdce-c728a8ac0fdf",
            "id": 4873
        },
        {
            "@type": "WorkflowStep",
            "name": "Set SIEM",
            "description": null,
            "arguments": {
                "siem_selected": "{% if vars.input.params.siem.itemValue == \"Splunk\" %}splunk{% elif vars.input.params.siem.itemValue == \"Elastic\" %}elastic{% endif %}"
            },
            "status": null,
            "top": "291",
            "left": "389",
            "stepType": "\/api\/3\/workflow_step_types\/04d0cf46-b6a8-42c4-8683-60a7eaa69e8f",
            "uuid": "8dfb8c1f-c78f-45b1-8e83-bafe0f538e44",
            "id": 4874
        }
    ],
    "routes": [
        {
            "@type": "WorkflowRoute",
            "name": "Start -> Set SIEM",
            "targetStep": "\/api\/3\/workflow_steps\/8dfb8c1f-c78f-45b1-8e83-bafe0f538e44",
            "sourceStep": "\/api\/3\/workflow_steps\/d836adf4-f4ac-4a05-8eef-ba0526e80c1b",
            "label": null,
            "isExecuted": false,
            "uuid": "bf74a0f3-76e5-41da-9b98-ff624aab7d30"
        },
        {
            "@type": "WorkflowRoute",
            "name": "Get service data -> Check Service",
            "targetStep": "\/api\/3\/workflow_steps\/d96d460a-390e-4c5e-bdce-c728a8ac0fdf",
            "sourceStep": "\/api\/3\/workflow_steps\/07a59e9e-fa75-4e56-939c-9437ea1260dc",
            "label": null,
            "isExecuted": false,
            "uuid": "4eec9316-6a7a-41b4-80df-af4b6b56f9cb"
        },
        {
            "@type": "WorkflowRoute",
            "name": "Set Splunk hunt times -> Get service data",
            "targetStep": "\/api\/3\/workflow_steps\/07a59e9e-fa75-4e56-939c-9437ea1260dc",
            "sourceStep": "\/api\/3\/workflow_steps\/8dfb8c1f-c78f-45b1-8e83-bafe0f538e44",
            "label": null,
            "isExecuted": false,
            "uuid": "bfd3dc0b-657f-4179-8293-5eec84db3fea"
        }
    ],
    "priority": null,
    "uuid": "d403387f-68c7-4c3d-9c81-818cf3c8e1cb",
    "recordTags": [],
    "id": 1203,
    "createUser": "\/api\/3\/people\/3451141c-bac6-467c-8d72-85e0fab569ce",
    "createDate": 1633085067,
    "modifyUser": "\/api\/3\/people\/3451141c-bac6-467c-8d72-85e0fab569ce",
    "modifyDate": 1633085067,
    "owners": [],
    "isPrivate": false
}