{
    "@context": "\/api\/3\/contexts\/SystemViewTemplate",
    "@type": "SystemViewTemplate",
    "type": "form",
    "config": {
        "rows": [
            {
                "columns": [
                    {
                        "widgets": [
                            {
                                "type": "formGroup",
                                "config": {
                                    "rows": [
                                        {
                                            "columns": [
                                                {
                                                    "fields": [
                                                        {
                                                            "name": "name",
                                                            "highlightMode": true,
                                                            "linky": true,
                                                            "readOnly": false
                                                        },
                                                        {
                                                            "name": "description",
                                                            "highlightMode": true,
                                                            "linky": true,
                                                            "readOnly": false
                                                        },
                                                        {
                                                            "name": "source",
                                                            "highlightMode": true,
                                                            "linky": true,
                                                            "readOnly": false
                                                        },
                                                        {
                                                            "name": "sourceId",
                                                            "highlightMode": true,
                                                            "linky": true,
                                                            "readOnly": false
                                                        },
                                                        {
                                                            "name": "status",
                                                            "highlightMode": true,
                                                            "linky": true,
                                                            "readOnly": false
                                                        },
                                                        {
                                                            "name": "severity",
                                                            "highlightMode": true,
                                                            "linky": true,
                                                            "readOnly": false
                                                        },
                                                        {
                                                            "name": "assignedTo",
                                                            "highlightMode": true,
                                                            "linky": true,
                                                            "readOnly": false
                                                        }
                                                    ]
                                                }
                                            ]
                                        }
                                    ],
                                    "wid": "831d0d25-1c4d-4bab-89a1-96037d1f1b97",
                                    "title": "Summary"
                                }
                            },
                            {
                                "type": "formGroup",
                                "config": {
                                    "title": "Details",
                                    "rows": [
                                        {
                                            "columns": [
                                                {
                                                    "fields": [
                                                        {
                                                            "name": "tenant",
                                                            "highlightMode": true,
                                                            "linky": true,
                                                            "readOnly": false
                                                        },
                                                        {
                                                            "name": "type",
                                                            "highlightMode": true,
                                                            "linky": true,
                                                            "readOnly": false
                                                        },
                                                        {
                                                            "name": "decodedCommandLine",
                                                            "highlightMode": true,
                                                            "linky": true,
                                                            "readOnly": false
                                                        },
                                                        {
                                                            "name": "bytesTransferred",
                                                            "highlightMode": true,
                                                            "linky": true,
                                                            "readOnly": false
                                                        },
                                                        {
                                                            "name": "computerName",
                                                            "highlightMode": true,
                                                            "linky": true,
                                                            "readOnly": false
                                                        },
                                                        {
                                                            "name": "destinationIp",
                                                            "highlightMode": true,
                                                            "linky": true,
                                                            "readOnly": false
                                                        },
                                                        {
                                                            "name": "deviceUID",
                                                            "highlightMode": true,
                                                            "linky": true,
                                                            "readOnly": false
                                                        },
                                                        {
                                                            "name": "domain",
                                                            "highlightMode": true,
                                                            "linky": true,
                                                            "readOnly": false
                                                        },
                                                        {
                                                            "name": "fileHash",
                                                            "highlightMode": true,
                                                            "linky": true,
                                                            "readOnly": false
                                                        },
                                                        {
                                                            "name": "fileName",
                                                            "highlightMode": true,
                                                            "linky": true,
                                                            "readOnly": false
                                                        },
                                                        {
                                                            "name": "emailBody",
                                                            "highlightMode": true,
                                                            "linky": true,
                                                            "readOnly": false
                                                        },
                                                        {
                                                            "name": "emailHeaders",
                                                            "highlightMode": true,
                                                            "linky": true,
                                                            "readOnly": false
                                                        },
                                                        {
                                                            "name": "url",
                                                            "highlightMode": true,
                                                            "linky": true,
                                                            "readOnly": false
                                                        },
                                                        {
                                                            "name": "fileEmail",
                                                            "highlightMode": true,
                                                            "linky": true,
                                                            "readOnly": false
                                                        },
                                                        {
                                                            "name": "deviceType",
                                                            "highlightMode": true,
                                                            "linky": true,
                                                            "readOnly": false
                                                        },
                                                        {
                                                            "name": "deviceSerialNo",
                                                            "highlightMode": true,
                                                            "linky": true,
                                                            "readOnly": false
                                                        },
                                                        {
                                                            "name": "deviceOwner",
                                                            "highlightMode": true,
                                                            "linky": true,
                                                            "readOnly": false
                                                        },
                                                        {
                                                            "name": "recordTags",
                                                            "highlightMode": true,
                                                            "linky": true,
                                                            "readOnly": false
                                                        }
                                                    ]
                                                }
                                            ],
                                            "style": ""
                                        }
                                    ],
                                    "wid": "d6b9d81d-5c6d-4a61-9d73-26f683df54cf"
                                }
                            }
                        ],
                        "style": "col-lg-12"
                    }
                ],
                "wid": "00a88bc2-2f78-4649-a75a-b5e086adf94e",
                "_collapsed": false
            }
        ],
        "wid": "2ea4ed5d-6885-476a-9537-4b32f1b65f34",
        "style": "col-lg-6 col-lg-offset-3 col-md-8 col-md-offset-2 col-sm-10 col-sm-offset-1"
    },
    "uuid": "modules-alerts-form"
}