{
    "@context": "\/api\/3\/contexts\/SystemViewTemplate",
    "@type": "SystemViewTemplate",
    "type": "rows",
    "config": {
        "rows": [
            {
                "columns": [
                    {
                        "widgets": [
                            {
                                "type": "primaryDetail",
                                "config": {
                                    "wid": "604d93bb-a060-4d8d-8e26-935122e1294d",
                                    "idField": "mitreId",
                                    "picklistFieldReadOnly": false,
                                    "titleFieldReadOnly": true,
                                    "titleFieldLinky": true,
                                    "featuredRelationship": {
                                        "field": null,
                                        "preText": "Under Investigation In",
                                        "query": null,
                                        "statusField": null,
                                        "sort": []
                                    },
                                    "titleField": "name"
                                }
                            }
                        ],
                        "style": "col-lg-12"
                    }
                ],
                "wid": "fe9475b5-2eb9-45fc-a529-7edaf982335b",
                "_collapsed": false
            },
            {
                "columns": [
                    {
                        "widgets": [
                            {
                                "type": "editableFormGroup",
                                "config": {
                                    "wid": "48b63d30-9495-4b02-a0e1-60c2fa4a89bd",
                                    "rows": [
                                        {
                                            "columns": [
                                                {
                                                    "fields": [
                                                        {
                                                            "name": "description",
                                                            "highlightMode": true,
                                                            "linky": true,
                                                            "readOnly": true
                                                        },
                                                        {
                                                            "name": "myNotes",
                                                            "highlightMode": true,
                                                            "linky": true,
                                                            "readOnly": false
                                                        }
                                                    ]
                                                }
                                            ]
                                        }
                                    ]
                                }
                            }
                        ],
                        "style": "col-lg-9"
                    },
                    {
                        "widgets": [
                            {
                                "type": "editableFormGroup",
                                "config": {
                                    "wid": "0248687e-a42d-4411-b294-931640722027",
                                    "rows": [
                                        {
                                            "columns": [
                                                {
                                                    "fields": [
                                                        {
                                                            "name": "aliases",
                                                            "highlightMode": true,
                                                            "linky": true,
                                                            "readOnly": true
                                                        },
                                                        {
                                                            "name": "type",
                                                            "highlightMode": true,
                                                            "linky": true,
                                                            "readOnly": true
                                                        },
                                                        {
                                                            "name": "platform",
                                                            "highlightMode": true,
                                                            "linky": true,
                                                            "readOnly": true
                                                        },
                                                        {
                                                            "name": "version",
                                                            "highlightMode": true,
                                                            "linky": true,
                                                            "readOnly": true
                                                        },
                                                        {
                                                            "name": "created",
                                                            "highlightMode": true,
                                                            "linky": true,
                                                            "readOnly": true
                                                        },
                                                        {
                                                            "name": "lastModified",
                                                            "highlightMode": true,
                                                            "linky": true,
                                                            "readOnly": true
                                                        }
                                                    ]
                                                }
                                            ]
                                        }
                                    ]
                                }
                            }
                        ],
                        "style": "col-lg-3"
                    }
                ],
                "wid": "2484f20e-856a-4101-8633-99ec2912faf8",
                "collapsible": false,
                "collapsibleIndex": 0
            },
            {
                "columns": [
                    {
                        "widgets": [
                            {
                                "type": "tabs",
                                "config": {
                                    "tabs": [
                                        {
                                            "title": "Related Records",
                                            "widget": {
                                                "type": "relationship.subtab",
                                                "config": {
                                                    "excludes": [
                                                        "notes",
                                                        "comments",
                                                        "userOwners",
                                                        "attachments"
                                                    ],
                                                    "wid": "6bd9b1f4-4bc1-48c4-bad8-116d9d773166"
                                                }
                                            },
                                            "show": true,
                                            "icon": "fa fa-none"
                                        }
                                    ],
                                    "wid": "b928ec46-36f2-4756-b1d7-b989a40ea38d"
                                }
                            }
                        ],
                        "style": "col-lg-12"
                    }
                ],
                "wid": "95214b4a-64b4-4b23-90de-9f61ce13a9a5",
                "_collapsed": false
            }
        ],
        "actionButtons": [],
        "wid": "793c7051-c705-44cb-9de3-fb140134fcde"
    },
    "uuid": "modules-mitre_software-detail"
}