{
    "@context": "\/api\/3\/contexts\/StagingModelMetadata",
    "@id": "\/api\/3\/staging_model_metadatas\/bcaeaf0d-99c9-4d95-b852-9e844db30fb6",
    "@type": "StagingModelMetadata",
    "type": "mitre_software",
    "parentType": null,
    "tableName": "mitre_software",
    "ownable": false,
    "userOwnable": false,
    "trackable": false,
    "taggable": true,
    "peerReplicable": false,
    "defaultSort": [],
    "uniqueConstraint": [],
    "indexable": true,
    "writable": true,
    "attributes": [
        {
            "@id": "\/api\/3\/attribute_metadatas\/fdc691f3-d702-4473-a1ac-75f1352b1a18",
            "@type": "AttributeMetadata",
            "type": "string",
            "name": "mitreId",
            "length": null,
            "orderIndex": 1,
            "formType": "text",
            "dataSource": null,
            "searchable": false,
            "peerReplicable": true,
            "system": false,
            "encrypted": false,
            "gridColumn": false,
            "collection": false,
            "inversedField": null,
            "ownsRelationship": false,
            "validation": {
                "required": false,
                "minlength": 0,
                "maxlength": 10485761
            },
            "bulkAction": {
                "allow": false,
                "buttonText": "",
                "buttonIcon": "",
                "buttonClass": "btn btn-default btn-sm"
            },
            "dataSourceFilters": null,
            "defaultValue": "",
            "tooltip": null,
            "visibility": true,
            "htmlEscape": null,
            "orphanRemoval": null,
            "readable": null,
            "writeable": true,
            "identifier": null,
            "unique": false,
            "recommend": false,
            "sattrib": "\/api\/3\/staging_model_metadatas\/bcaeaf0d-99c9-4d95-b852-9e844db30fb6",
            "uuid": "fdc691f3-d702-4473-a1ac-75f1352b1a18",
            "displayName": "{{ mitreId }}",
            "descriptions": {
                "singular": "Mitre ID"
            }
        },
        {
            "@id": "\/api\/3\/attribute_metadatas\/8a54e051-d64f-4129-a2f3-898985b35c63",
            "@type": "AttributeMetadata",
            "type": "picklists",
            "name": "type",
            "length": null,
            "orderIndex": 9,
            "formType": "picklist",
            "dataSource": {
                "model": "picklists",
                "query": {
                    "logic": "AND",
                    "filters": [
                        {
                            "field": "listName__name",
                            "operator": "eq",
                            "value": "Mitre Software Types"
                        }
                    ],
                    "sort": [
                        {
                            "field": "orderIndex",
                            "direction": "ASC"
                        }
                    ]
                },
                "displayConditions": {
                    "525fae90-2293-497d-b4f6-c767796fe765": {
                        "visibility": "visible",
                        "conditions": null
                    },
                    "00746ab3-a4e1-41f1-984f-de27b251cdba": {
                        "visibility": "visible",
                        "conditions": null
                    }
                }
            },
            "searchable": false,
            "peerReplicable": true,
            "system": false,
            "encrypted": false,
            "gridColumn": false,
            "collection": false,
            "inversedField": null,
            "ownsRelationship": false,
            "validation": {
                "required": false,
                "minlength": 0,
                "maxlength": 10485761
            },
            "bulkAction": {
                "allow": false,
                "buttonText": "",
                "buttonIcon": "",
                "buttonClass": "btn btn-default btn-sm"
            },
            "dataSourceFilters": null,
            "defaultValue": null,
            "tooltip": null,
            "visibility": true,
            "htmlEscape": null,
            "orphanRemoval": null,
            "readable": null,
            "writeable": true,
            "identifier": null,
            "unique": false,
            "recommend": false,
            "sattrib": "\/api\/3\/staging_model_metadatas\/bcaeaf0d-99c9-4d95-b852-9e844db30fb6",
            "uuid": "8a54e051-d64f-4129-a2f3-898985b35c63",
            "displayName": "{{ type }}",
            "descriptions": {
                "singular": "Type"
            }
        },
        {
            "@id": "\/api\/3\/attribute_metadatas\/3bca13c2-4a31-406b-8e02-85ce872d9d61",
            "@type": "AttributeMetadata",
            "type": "string",
            "name": "myNotes",
            "length": null,
            "orderIndex": 11,
            "formType": "richtext",
            "dataSource": null,
            "searchable": true,
            "peerReplicable": true,
            "system": false,
            "encrypted": false,
            "gridColumn": false,
            "collection": false,
            "inversedField": null,
            "ownsRelationship": false,
            "validation": {
                "required": false,
                "minlength": 0,
                "maxlength": 10485761
            },
            "bulkAction": {
                "allow": false,
                "buttonText": "",
                "buttonIcon": "",
                "buttonClass": "btn btn-default btn-sm"
            },
            "dataSourceFilters": null,
            "defaultValue": null,
            "tooltip": null,
            "visibility": true,
            "htmlEscape": null,
            "orphanRemoval": null,
            "readable": null,
            "writeable": true,
            "identifier": null,
            "unique": false,
            "recommend": false,
            "sattrib": "\/api\/3\/staging_model_metadatas\/bcaeaf0d-99c9-4d95-b852-9e844db30fb6",
            "uuid": "3bca13c2-4a31-406b-8e02-85ce872d9d61",
            "displayName": "{{ myNotes }}",
            "descriptions": {
                "singular": "My Notes"
            }
        },
        {
            "@id": "\/api\/3\/attribute_metadatas\/8e0369af-457b-4185-973a-9001bacdb859",
            "@type": "AttributeMetadata",
            "type": "string",
            "name": "aliases",
            "length": null,
            "orderIndex": 14,
            "formType": "text",
            "dataSource": null,
            "searchable": false,
            "peerReplicable": true,
            "system": false,
            "encrypted": false,
            "gridColumn": false,
            "collection": false,
            "inversedField": null,
            "ownsRelationship": false,
            "validation": {
                "required": false,
                "minlength": 0,
                "maxlength": 10485761
            },
            "bulkAction": {
                "allow": false,
                "buttonText": "",
                "buttonIcon": "",
                "buttonClass": "btn btn-default btn-sm"
            },
            "dataSourceFilters": null,
            "defaultValue": "",
            "tooltip": null,
            "visibility": true,
            "htmlEscape": null,
            "orphanRemoval": null,
            "readable": null,
            "writeable": true,
            "identifier": null,
            "unique": false,
            "recommend": false,
            "sattrib": "\/api\/3\/staging_model_metadatas\/bcaeaf0d-99c9-4d95-b852-9e844db30fb6",
            "uuid": "8e0369af-457b-4185-973a-9001bacdb859",
            "displayName": "{{ aliases }}",
            "descriptions": {
                "singular": "Associated Software"
            }
        },
        {
            "@id": "\/api\/3\/attribute_metadatas\/d1edd551-2b8a-43de-9008-ee879383af93",
            "@type": "AttributeMetadata",
            "type": "string",
            "name": "name",
            "length": null,
            "orderIndex": 2,
            "formType": "text",
            "dataSource": null,
            "searchable": false,
            "peerReplicable": true,
            "system": false,
            "encrypted": false,
            "gridColumn": false,
            "collection": false,
            "inversedField": null,
            "ownsRelationship": false,
            "validation": {
                "required": false,
                "minlength": 0,
                "maxlength": 10485761
            },
            "bulkAction": {
                "allow": false,
                "buttonText": "",
                "buttonIcon": "",
                "buttonClass": "btn btn-default btn-sm"
            },
            "dataSourceFilters": null,
            "defaultValue": "",
            "tooltip": null,
            "visibility": true,
            "htmlEscape": null,
            "orphanRemoval": null,
            "readable": null,
            "writeable": true,
            "identifier": null,
            "unique": false,
            "recommend": false,
            "sattrib": "\/api\/3\/staging_model_metadatas\/bcaeaf0d-99c9-4d95-b852-9e844db30fb6",
            "uuid": "d1edd551-2b8a-43de-9008-ee879383af93",
            "displayName": "{{ name }}",
            "descriptions": {
                "singular": "Name"
            }
        },
        {
            "@id": "\/api\/3\/attribute_metadatas\/7986acbf-a159-49ca-8503-f0f692643e75",
            "@type": "AttributeMetadata",
            "type": "string",
            "name": "platform",
            "length": null,
            "orderIndex": 3,
            "formType": "text",
            "dataSource": null,
            "searchable": false,
            "peerReplicable": true,
            "system": false,
            "encrypted": false,
            "gridColumn": false,
            "collection": false,
            "inversedField": null,
            "ownsRelationship": false,
            "validation": {
                "required": false,
                "minlength": 0,
                "maxlength": 10485761
            },
            "bulkAction": {
                "allow": false,
                "buttonText": "",
                "buttonIcon": "",
                "buttonClass": "btn btn-default btn-sm"
            },
            "dataSourceFilters": null,
            "defaultValue": "",
            "tooltip": null,
            "visibility": true,
            "htmlEscape": null,
            "orphanRemoval": null,
            "readable": null,
            "writeable": true,
            "identifier": null,
            "unique": false,
            "recommend": false,
            "sattrib": "\/api\/3\/staging_model_metadatas\/bcaeaf0d-99c9-4d95-b852-9e844db30fb6",
            "uuid": "7986acbf-a159-49ca-8503-f0f692643e75",
            "displayName": "{{ platform }}",
            "descriptions": {
                "singular": "Platform"
            }
        },
        {
            "@id": "\/api\/3\/attribute_metadatas\/6bb76336-2823-44d7-adc9-58375b4ec4ce",
            "@type": "AttributeMetadata",
            "type": "string",
            "name": "contributors",
            "length": null,
            "orderIndex": 4,
            "formType": "text",
            "dataSource": null,
            "searchable": false,
            "peerReplicable": true,
            "system": false,
            "encrypted": false,
            "gridColumn": false,
            "collection": false,
            "inversedField": null,
            "ownsRelationship": false,
            "validation": {
                "required": false,
                "minlength": 0,
                "maxlength": 10485761
            },
            "bulkAction": {
                "allow": false,
                "buttonText": "",
                "buttonIcon": "",
                "buttonClass": "btn btn-default btn-sm"
            },
            "dataSourceFilters": null,
            "defaultValue": "",
            "tooltip": null,
            "visibility": true,
            "htmlEscape": null,
            "orphanRemoval": null,
            "readable": null,
            "writeable": true,
            "identifier": null,
            "unique": false,
            "recommend": false,
            "sattrib": "\/api\/3\/staging_model_metadatas\/bcaeaf0d-99c9-4d95-b852-9e844db30fb6",
            "uuid": "6bb76336-2823-44d7-adc9-58375b4ec4ce",
            "displayName": "{{ contributors }}",
            "descriptions": {
                "singular": "Contributors"
            }
        },
        {
            "@id": "\/api\/3\/attribute_metadatas\/74c843c3-b1e8-4455-a05b-3f26bf62b22c",
            "@type": "AttributeMetadata",
            "type": "string",
            "name": "version",
            "length": null,
            "orderIndex": 5,
            "formType": "text",
            "dataSource": null,
            "searchable": false,
            "peerReplicable": true,
            "system": false,
            "encrypted": false,
            "gridColumn": false,
            "collection": false,
            "inversedField": null,
            "ownsRelationship": false,
            "validation": {
                "required": false,
                "minlength": 0,
                "maxlength": 10485761
            },
            "bulkAction": {
                "allow": false,
                "buttonText": "",
                "buttonIcon": "",
                "buttonClass": "btn btn-default btn-sm"
            },
            "dataSourceFilters": null,
            "defaultValue": "",
            "tooltip": null,
            "visibility": true,
            "htmlEscape": null,
            "orphanRemoval": null,
            "readable": null,
            "writeable": true,
            "identifier": null,
            "unique": false,
            "recommend": false,
            "sattrib": "\/api\/3\/staging_model_metadatas\/bcaeaf0d-99c9-4d95-b852-9e844db30fb6",
            "uuid": "74c843c3-b1e8-4455-a05b-3f26bf62b22c",
            "displayName": "{{ version }}",
            "descriptions": {
                "singular": "Version"
            }
        },
        {
            "@id": "\/api\/3\/attribute_metadatas\/338b9345-997b-4e42-a2c4-9a766b3d0381",
            "@type": "AttributeMetadata",
            "type": "mitre_groups",
            "name": "groups",
            "length": null,
            "orderIndex": 6,
            "formType": "manyToMany",
            "dataSource": {
                "model": "mitre_groups"
            },
            "searchable": false,
            "peerReplicable": true,
            "system": false,
            "encrypted": false,
            "gridColumn": false,
            "collection": true,
            "inversedField": "software",
            "ownsRelationship": false,
            "validation": {
                "required": false,
                "minlength": 0,
                "maxlength": 10485761,
                "_enableRange": false
            },
            "bulkAction": [],
            "dataSourceFilters": null,
            "defaultValue": null,
            "tooltip": null,
            "visibility": true,
            "htmlEscape": null,
            "orphanRemoval": null,
            "readable": null,
            "writeable": true,
            "identifier": null,
            "unique": false,
            "recommend": false,
            "sattrib": "\/api\/3\/staging_model_metadatas\/bcaeaf0d-99c9-4d95-b852-9e844db30fb6",
            "uuid": "338b9345-997b-4e42-a2c4-9a766b3d0381",
            "displayName": "{{ groups }}",
            "descriptions": {
                "singular": "Groups"
            }
        },
        {
            "@id": "\/api\/3\/attribute_metadatas\/71d37d4f-94b7-4104-9a4e-fe06af5c1255",
            "@type": "AttributeMetadata",
            "type": "mitre_techniques",
            "name": "techniques",
            "length": null,
            "orderIndex": 7,
            "formType": "manyToMany",
            "dataSource": {
                "model": "mitre_techniques"
            },
            "searchable": false,
            "peerReplicable": true,
            "system": false,
            "encrypted": false,
            "gridColumn": false,
            "collection": true,
            "inversedField": "software",
            "ownsRelationship": false,
            "validation": {
                "required": false,
                "minlength": 0,
                "maxlength": 10485761,
                "_enableRange": false
            },
            "bulkAction": [],
            "dataSourceFilters": null,
            "defaultValue": null,
            "tooltip": null,
            "visibility": true,
            "htmlEscape": null,
            "orphanRemoval": null,
            "readable": null,
            "writeable": true,
            "identifier": null,
            "unique": false,
            "recommend": false,
            "sattrib": "\/api\/3\/staging_model_metadatas\/bcaeaf0d-99c9-4d95-b852-9e844db30fb6",
            "uuid": "71d37d4f-94b7-4104-9a4e-fe06af5c1255",
            "displayName": "{{ techniques }}",
            "descriptions": {
                "singular": "Techniques"
            }
        },
        {
            "@id": "\/api\/3\/attribute_metadatas\/a57dc3ba-a9a9-42ac-b926-b24a05d72565",
            "@type": "AttributeMetadata",
            "type": "string",
            "name": "description",
            "length": null,
            "orderIndex": 8,
            "formType": "richtext",
            "dataSource": null,
            "searchable": true,
            "peerReplicable": true,
            "system": false,
            "encrypted": false,
            "gridColumn": false,
            "collection": false,
            "inversedField": null,
            "ownsRelationship": false,
            "validation": {
                "required": false,
                "minlength": 0,
                "maxlength": 10485761,
                "_enableRange": false
            },
            "bulkAction": {
                "allow": false,
                "buttonText": "",
                "buttonIcon": "",
                "buttonClass": "btn btn-default btn-sm"
            },
            "dataSourceFilters": null,
            "defaultValue": null,
            "tooltip": null,
            "visibility": true,
            "htmlEscape": null,
            "orphanRemoval": null,
            "readable": null,
            "writeable": true,
            "identifier": null,
            "unique": false,
            "recommend": false,
            "sattrib": "\/api\/3\/staging_model_metadatas\/bcaeaf0d-99c9-4d95-b852-9e844db30fb6",
            "uuid": "a57dc3ba-a9a9-42ac-b926-b24a05d72565",
            "displayName": "{{ description }}",
            "descriptions": {
                "singular": "Description"
            }
        },
        {
            "@id": "\/api\/3\/attribute_metadatas\/7037ad73-4d02-4265-ac63-9ac0a11e11f4",
            "@type": "AttributeMetadata",
            "type": "mitre_sub_techniques",
            "name": "subtechniques",
            "length": null,
            "orderIndex": 10,
            "formType": "manyToMany",
            "dataSource": {
                "model": "mitre_sub_techniques"
            },
            "searchable": false,
            "peerReplicable": true,
            "system": false,
            "encrypted": false,
            "gridColumn": false,
            "collection": true,
            "inversedField": "software",
            "ownsRelationship": false,
            "validation": {
                "required": false,
                "minlength": 0,
                "maxlength": 10485761,
                "_enableRange": false
            },
            "bulkAction": [],
            "dataSourceFilters": null,
            "defaultValue": null,
            "tooltip": null,
            "visibility": true,
            "htmlEscape": null,
            "orphanRemoval": null,
            "readable": null,
            "writeable": true,
            "identifier": null,
            "unique": false,
            "recommend": false,
            "sattrib": "\/api\/3\/staging_model_metadatas\/bcaeaf0d-99c9-4d95-b852-9e844db30fb6",
            "uuid": "7037ad73-4d02-4265-ac63-9ac0a11e11f4",
            "displayName": "{{ subtechniques }}",
            "descriptions": {
                "singular": "Sub-techniques"
            }
        },
        {
            "@id": "\/api\/3\/attribute_metadatas\/80944b76-af70-4650-a552-7b55e881ecf1",
            "@type": "AttributeMetadata",
            "type": "integer",
            "name": "created",
            "length": null,
            "orderIndex": 12,
            "formType": "datetime",
            "dataSource": null,
            "searchable": true,
            "peerReplicable": true,
            "system": false,
            "encrypted": false,
            "gridColumn": false,
            "collection": false,
            "inversedField": null,
            "ownsRelationship": false,
            "validation": {
                "required": false,
                "minlength": 0,
                "maxlength": 10485761
            },
            "bulkAction": {
                "allow": false,
                "buttonText": "",
                "buttonIcon": "",
                "buttonClass": "btn btn-default btn-sm"
            },
            "dataSourceFilters": null,
            "defaultValue": null,
            "tooltip": null,
            "visibility": true,
            "htmlEscape": null,
            "orphanRemoval": null,
            "readable": null,
            "writeable": true,
            "identifier": null,
            "unique": false,
            "recommend": false,
            "sattrib": "\/api\/3\/staging_model_metadatas\/bcaeaf0d-99c9-4d95-b852-9e844db30fb6",
            "uuid": "80944b76-af70-4650-a552-7b55e881ecf1",
            "displayName": "{{ created }}",
            "descriptions": {
                "singular": "Created"
            }
        },
        {
            "@id": "\/api\/3\/attribute_metadatas\/884baa60-c296-44f0-b5c3-f52ae2213f2b",
            "@type": "AttributeMetadata",
            "type": "integer",
            "name": "lastModified",
            "length": null,
            "orderIndex": 13,
            "formType": "datetime",
            "dataSource": null,
            "searchable": true,
            "peerReplicable": true,
            "system": false,
            "encrypted": false,
            "gridColumn": false,
            "collection": false,
            "inversedField": null,
            "ownsRelationship": false,
            "validation": {
                "required": false,
                "minlength": 0,
                "maxlength": 10485761
            },
            "bulkAction": {
                "allow": false,
                "buttonText": "",
                "buttonIcon": "",
                "buttonClass": "btn btn-default btn-sm"
            },
            "dataSourceFilters": null,
            "defaultValue": null,
            "tooltip": null,
            "visibility": true,
            "htmlEscape": null,
            "orphanRemoval": null,
            "readable": null,
            "writeable": true,
            "identifier": null,
            "unique": false,
            "recommend": false,
            "sattrib": "\/api\/3\/staging_model_metadatas\/bcaeaf0d-99c9-4d95-b852-9e844db30fb6",
            "uuid": "884baa60-c296-44f0-b5c3-f52ae2213f2b",
            "displayName": "{{ lastModified }}",
            "descriptions": {
                "singular": "Last Modified"
            }
        }
    ],
    "system": false,
    "module": "mitre_software",
    "uuid": "bcaeaf0d-99c9-4d95-b852-9e844db30fb6",
    "displayName": "{{ name }}",
    "descriptions": {
        "singular": "Software",
        "plural": "Software"
    }
}