{
    "@context": "\/api\/3\/contexts\/SystemViewTemplate",
    "@type": "SystemViewTemplate",
    "type": "form",
    "config": {
        "rows": [
            {
                "columns": [
                    {
                        "widgets": [
                            {
                                "type": "formGroup",
                                "config": {
                                    "size": "large",
                                    "rows": [
                                        {
                                            "columns": [
                                                {
                                                    "fields": [
                                                        "name"
                                                    ]
                                                }
                                            ]
                                        }
                                    ],
                                    "wid": "7b70cd4c-d3e9-4318-b0dd-9be395cd9313"
                                }
                            },
                            {
                                "type": "formGroup",
                                "config": {
                                    "rows": [
                                        {
                                            "columns": [
                                                {
                                                    "fields": [
                                                        "description"
                                                    ]
                                                }
                                            ]
                                        }
                                    ],
                                    "wid": "c1c71f10-798f-4ebb-aee6-fb82f920ee54"
                                }
                            },
                            {
                                "type": "formGroup",
                                "config": {
                                    "title": "Summary",
                                    "rows": [
                                        {
                                            "columns": [
                                                {
                                                    "fields": [
                                                        "phase",
                                                        "status"
                                                    ]
                                                }
                                            ]
                                        }
                                    ],
                                    "wid": "55d14b69-3aa8-4af6-8dfd-7eda87e850a1"
                                }
                            },
                            {
                                "type": "formGroup",
                                "config": {
                                    "title": "Resolved",
                                    "rows": [
                                        {
                                            "columns": [
                                                {
                                                    "fields": [
                                                        "resolution"
                                                    ]
                                                }
                                            ]
                                        }
                                    ],
                                    "wid": "61c99997-5287-4821-8999-97c3a60ceef7"
                                }
                            },
                            {
                                "type": "formGroup",
                                "config": {
                                    "title": "Details",
                                    "rows": [
                                        {
                                            "columns": [
                                                {
                                                    "fields": [
                                                        {
                                                            "name": "tenant",
                                                            "highlightMode": true,
                                                            "linky": true,
                                                            "readOnly": false
                                                        },
                                                        {
                                                            "name": "severity",
                                                            "highlightMode": true,
                                                            "linky": true
                                                        },
                                                        {
                                                            "name": "category",
                                                            "highlightMode": true,
                                                            "linky": true
                                                        },
                                                        {
                                                            "name": "source",
                                                            "highlightMode": true,
                                                            "linky": true
                                                        },
                                                        {
                                                            "name": "sourceId",
                                                            "highlightMode": true,
                                                            "linky": true
                                                        },
                                                        {
                                                            "name": "incidentLead",
                                                            "highlightMode": true,
                                                            "linky": true
                                                        },
                                                        {
                                                            "name": "recordTags",
                                                            "highlightMode": true,
                                                            "linky": true,
                                                            "readOnly": false
                                                        }
                                                    ]
                                                }
                                            ]
                                        }
                                    ],
                                    "wid": "e0de86c7-95dd-4e79-b367-4b1917f481b7"
                                }
                            },
                            {
                                "type": "formGroup",
                                "config": {
                                    "title": "Dates",
                                    "rows": [
                                        {
                                            "columns": [
                                                {
                                                    "fields": [
                                                        {
                                                            "name": "dateOfIncident",
                                                            "highlightMode": true
                                                        },
                                                        {
                                                            "name": "discoveredOn",
                                                            "highlightMode": true
                                                        },
                                                        {
                                                            "name": "dwellTime",
                                                            "highlightMode": true
                                                        },
                                                        {
                                                            "name": "containmentTime",
                                                            "highlightMode": true
                                                        },
                                                        {
                                                            "name": "recoveryTime",
                                                            "highlightMode": true
                                                        }
                                                    ]
                                                }
                                            ]
                                        }
                                    ],
                                    "wid": "a429d22b-eb1a-43eb-bdca-30a3d7d2680a"
                                }
                            }
                        ],
                        "style": "col-lg-12"
                    }
                ],
                "wid": "60f77e10-d1e8-4e76-8492-73c814b10ed9",
                "_collapsed": false
            }
        ],
        "wid": "a8b93c7f-4363-4a11-96db-8cbfbcdd32cf",
        "actionButtons": [],
        "style": "col-lg-6 col-lg-offset-3 col-md-8 col-md-offset-2 col-sm-10 col-sm-offset-1"
    },
    "uuid": "modules-incidents-form"
}