{
    "@type": "Workflow",
    "triggerLimit": null,
    "name": ">> Create and Link Alerts from Hunt (Host-based)",
    "aliasName": null,
    "tag": "MITRE, ALERT, ELASTIC",
    "description": "Creates and Links the Alert with Hunt.",
    "isActive": false,
    "debug": false,
    "singleRecordExecution": false,
    "remoteExecutableFlag": false,
    "parameters": [
        "commandline",
        "userName",
        "technique",
        "processName",
        "MD5",
        "hostName",
        "sourceIP",
        "destinationIP",
        "sourceTool",
        "parentProcess",
        "eventTime",
        "parentProcessID",
        "processID",
        "parentCommandLine",
        "filePath",
        "eventName",
        "description",
        "huntIRI",
        "epochTime",
        "comment",
        "sourceImage",
        "targetImage",
        "source"
    ],
    "synchronous": false,
    "lastModifyDate": 1633085062,
    "collection": "\/api\/3\/workflow_collections\/067faede-4fee-4fa9-9400-9e6e876efbfb",
    "versions": [],
    "triggerStep": "\/api\/3\/workflow_steps\/5b56bab7-d578-4bb6-a9d2-b230d1ddf5ba",
    "steps": [
        {
            "@type": "WorkflowStep",
            "name": "Retrieve Existing Open Alerts",
            "description": null,
            "arguments": {
                "query": {
                    "sort": [],
                    "limit": 30,
                    "logic": "AND",
                    "filters": [
                        {
                            "type": "primitive",
                            "field": "epochTime",
                            "value": "{{vars.input.params.epochTime}}",
                            "operator": "eq"
                        },
                        {
                            "type": "primitive",
                            "field": "mitreTechnique",
                            "value": "{{vars.input.params.technique}}",
                            "operator": "eq"
                        },
                        {
                            "type": "primitive",
                            "field": "processid",
                            "value": "{{vars.input.params.processID}}",
                            "operator": "eq"
                        },
                        {
                            "type": "primitive",
                            "field": "computerName",
                            "value": "{{vars.input.params.hostName}}",
                            "operator": "eq"
                        },
                        {
                            "logic": "OR",
                            "filters": [
                                {
                                    "type": "object",
                                    "field": "status",
                                    "value": "\/api\/3\/picklists\/7de816ff-7140-4ee5-bd05-93ce22002146",
                                    "_value": {
                                        "itemValue": "Open"
                                    },
                                    "operator": "eq"
                                },
                                {
                                    "type": "object",
                                    "field": "status",
                                    "value": "\/api\/3\/picklists\/891fb9d5-556c-44c6-9f7d-94a27dec732e",
                                    "_value": {
                                        "itemValue": "Re-Opened"
                                    },
                                    "operator": "eq"
                                }
                            ]
                        }
                    ]
                },
                "module": "alerts?$limit=30",
                "step_variables": {
                    "resultRecordscount2": "{{vars.result | length}}"
                }
            },
            "status": null,
            "top": "200",
            "left": "700",
            "stepType": "\/api\/3\/workflow_step_types\/b593663d-7d13-40ce-a3a3-96dece928770",
            "uuid": "4075680e-91d6-4ef0-8805-17561b5deb5d",
            "id": 4516
        },
        {
            "@type": "WorkflowStep",
            "name": "Do Alerts Already Exist",
            "description": null,
            "arguments": {
                "conditions": [
                    {
                        "option": "Yes",
                        "step_iri": "\/api\/3\/workflow_steps\/4075680e-91d6-4ef0-8805-17561b5deb5d",
                        "condition": "{{ vars.resultRecordscount != 0 }}"
                    },
                    {
                        "option": "No",
                        "step_iri": "\/api\/3\/workflow_steps\/588cae04-4e12-4153-b8cc-1636665b5e90",
                        "condition": "{{ vars.resultRecordscount == 0 }}"
                    }
                ]
            },
            "status": null,
            "top": "200",
            "left": "354",
            "stepType": "\/api\/3\/workflow_step_types\/12254cf5-5db7-4b1a-8cb1-3af081924b28",
            "uuid": "742a7ff8-ada6-473c-a5ea-42abce9c718e",
            "id": 4517
        },
        {
            "@type": "WorkflowStep",
            "name": "No New Alerts Needed",
            "description": null,
            "arguments": {
                "params": [],
                "version": "2.1.3",
                "connector": "cyops_utilities",
                "operation": "no_op",
                "operationTitle": "Utils: No Operation",
                "step_variables": []
            },
            "status": null,
            "top": "340",
            "left": "1260",
            "stepType": "\/api\/3\/workflow_step_types\/0109f35d-090b-4a2b-bd8a-94cbc3508562",
            "uuid": "ecab8fab-1aa6-4bed-bb87-a488c2ef2485",
            "id": 4518
        },
        {
            "@type": "WorkflowStep",
            "name": "Start",
            "description": null,
            "arguments": {
                "step_variables": {
                    "input": {
                        "params": {
                            "MD5": "{{ vars.MD5 }}",
                            "source": "{{ vars.source }}",
                            "comment": "{{ vars.comment }}",
                            "huntIRI": "{{ vars.huntIRI }}",
                            "filePath": "{{ vars.filePath }}",
                            "hostName": "{{ vars.hostName }}",
                            "sourceIP": "{{ vars.sourceIP }}",
                            "userName": "{{ vars.userName }}",
                            "epochTime": "{{ vars.epochTime }}",
                            "eventName": "{{ vars.eventName }}",
                            "eventTime": "{{ vars.eventTime }}",
                            "processID": "{{ vars.processID }}",
                            "technique": "{{ vars.technique }}",
                            "sourceTool": "{{ vars.sourceTool }}",
                            "commandline": "{{ vars.commandline }}",
                            "description": "{{ vars.description }}",
                            "processName": "{{ vars.processName }}",
                            "sourceImage": "{{ vars.sourceImage }}",
                            "targetImage": "{{ vars.targetImage }}",
                            "destinationIP": "{{ vars.destinationIP }}",
                            "parentProcess": "{{ vars.parentProcess }}",
                            "parentProcessID": "{{ vars.parentProcessID }}",
                            "parentCommandLine": "{{ vars.parentCommandLine }}"
                        }
                    }
                }
            },
            "status": null,
            "top": "20",
            "left": "20",
            "stepType": "\/api\/3\/workflow_step_types\/b348f017-9a94-471f-87f8-ce88b6a7ad62",
            "uuid": "5b56bab7-d578-4bb6-a9d2-b230d1ddf5ba",
            "id": 4519
        },
        {
            "@type": "WorkflowStep",
            "name": "Create and Link Comment to Hunt",
            "description": null,
            "arguments": {
                "resource": {
                    "hunts": "['{{vars.input.params.huntIRI}}']",
                    "scans": null,
                    "tasks": null,
                    "alerts": "['{{vars.steps.Create_and_Link_Alert['@id']}}']",
                    "assets": null,
                    "emails": null,
                    "events": null,
                    "owners": null,
                    "people": null,
                    "content": "<p>{{vars.input.params.comment}}<\/p>",
                    "schedule": null,
                    "approvals": null,
                    "companies": null,
                    "incidents": null,
                    "indicators": null,
                    "attachments": null,
                    "vulnerabilities": null
                },
                "_showJson": false,
                "collection": "\/api\/3\/comments",
                "step_variables": []
            },
            "status": null,
            "top": "520",
            "left": "354",
            "stepType": "\/api\/3\/workflow_step_types\/2597053c-e718-44b4-8394-4d40fe26d357",
            "uuid": "8cbda8cf-fdc8-4986-9a3b-3d44587b0731",
            "id": 4520
        },
        {
            "@type": "WorkflowStep",
            "name": "Create and Link Comments to Hunt",
            "description": null,
            "arguments": {
                "resource": {
                    "hunts": "['{{vars.input.params.huntIRI}}']",
                    "scans": null,
                    "tasks": null,
                    "alerts": null,
                    "assets": null,
                    "emails": null,
                    "events": null,
                    "owners": null,
                    "people": null,
                    "content": "<p>{{vars.input.params.comment}} Additionally, pre-existing related Alerts with Status \"Open\" or \"Re-Opened\" were observed within CyOps. Those Alerts have now been linked to this Hunt.<\/p>",
                    "schedule": null,
                    "approvals": null,
                    "companies": null,
                    "incidents": null,
                    "indicators": null,
                    "attachments": null,
                    "vulnerabilities": null
                },
                "_showJson": false,
                "collection": "\/api\/3\/comments",
                "step_variables": []
            },
            "status": null,
            "top": "651",
            "left": "920",
            "stepType": "\/api\/3\/workflow_step_types\/2597053c-e718-44b4-8394-4d40fe26d357",
            "uuid": "d4daa3b1-d6e6-4464-8250-0c620e78076b",
            "id": 4521
        },
        {
            "@type": "WorkflowStep",
            "name": "Link Open Alerts to Hunt",
            "description": null,
            "arguments": {
                "for_each": {
                    "item": "{{vars.steps.Retrieve_Existing_Open_Alerts}}",
                    "condition": ""
                },
                "resource": {
                    "__link": {
                        "hunts": "['{{vars.input.params.huntIRI}}']"
                    }
                },
                "_showJson": false,
                "operation": "Append",
                "collection": "{{vars.item['@id']}}",
                "collectionType": "\/api\/3\/alerts",
                "step_variables": []
            },
            "status": null,
            "top": "500",
            "left": "920",
            "stepType": "\/api\/3\/workflow_step_types\/b593663d-7d13-40ce-a3a3-96dece928722",
            "uuid": "7b4d913f-97e6-4e32-8b67-22082165cde5",
            "id": 4522
        },
        {
            "@type": "WorkflowStep",
            "name": "Are Any Alerts Still Open",
            "description": null,
            "arguments": {
                "conditions": [
                    {
                        "option": "Yes",
                        "step_iri": "\/api\/3\/workflow_steps\/7b4d913f-97e6-4e32-8b67-22082165cde5",
                        "condition": "{{ vars.resultRecordscount2 != 0 }}"
                    },
                    {
                        "option": "No",
                        "step_iri": "\/api\/3\/workflow_steps\/ecab8fab-1aa6-4bed-bb87-a488c2ef2485",
                        "condition": "{{ vars.resultRecordscount2 == 0 }}"
                    }
                ]
            },
            "status": null,
            "top": "340",
            "left": "920",
            "stepType": "\/api\/3\/workflow_step_types\/12254cf5-5db7-4b1a-8cb1-3af081924b28",
            "uuid": "234b183f-d975-44c5-8463-487994f2073f",
            "id": 4523
        },
        {
            "@type": "WorkflowStep",
            "name": "Retrieve Existing Alerts",
            "description": null,
            "arguments": {
                "query": {
                    "sort": [],
                    "limit": 30,
                    "logic": "AND",
                    "filters": [
                        {
                            "type": "primitive",
                            "field": "epochTime",
                            "value": "{{vars.input.params.epochTime}}",
                            "operator": "eq"
                        },
                        {
                            "type": "primitive",
                            "field": "mitreTechnique",
                            "value": "{{vars.input.params.technique}}",
                            "operator": "eq"
                        },
                        {
                            "type": "primitive",
                            "field": "processid",
                            "value": "{{vars.input.params.processID}}",
                            "operator": "eq"
                        },
                        {
                            "type": "primitive",
                            "field": "computerName",
                            "value": "{{vars.input.params.hostName}}",
                            "operator": "eq"
                        }
                    ]
                },
                "module": "alerts?$limit=300",
                "step_variables": {
                    "resultRecordscount": "{{vars.result | length}}"
                }
            },
            "status": null,
            "top": "200",
            "left": "20",
            "stepType": "\/api\/3\/workflow_step_types\/b593663d-7d13-40ce-a3a3-96dece928770",
            "uuid": "4ba85980-8400-4c2d-9071-f4cd51e003af",
            "id": 4524
        },
        {
            "@type": "WorkflowStep",
            "name": "Create and Link Alert",
            "description": null,
            "arguments": {
                "resource": {
                    "name": "MITRE-{{vars.input.params.technique}} Execution of {{vars.input.params.processName}}",
                    "type": {
                        "id": 547,
                        "@id": "\/api\/3\/picklists\/6bdeedd7-fb20-4b20-9717-f06520f0f788",
                        "icon": null,
                        "@type": "Picklist",
                        "color": null,
                        "display": "MITRE ATT&CK",
                        "listName": "\/api\/3\/picklist_names\/a7087b9c-5660-495f-a8ac-c3b198ddb8c2",
                        "itemValue": "MITRE ATT&CK",
                        "orderIndex": 8
                    },
                    "hunts": "['{{vars.input.params.huntIRI}}']",
                    "state": {
                        "id": 220,
                        "@id": "\/api\/3\/picklists\/a1bac09b-1441-45aa-ad1b-c88744e48e72",
                        "icon": null,
                        "@type": "Picklist",
                        "color": null,
                        "display": "New",
                        "listName": "\/api\/3\/picklist_names\/2f9ed741-25fe-475a-9f12-64336288eebf",
                        "itemValue": "New",
                        "orderIndex": 0
                    },
                    "source": "{{vars.input.params.source}}",
                    "status": {
                        "id": 45,
                        "@id": "\/api\/3\/picklists\/7de816ff-7140-4ee5-bd05-93ce22002146",
                        "icon": null,
                        "@type": "Picklist",
                        "color": null,
                        "display": "Open",
                        "listName": "\/api\/3\/picklist_names\/33e964a9-d607-49f2-813c-7ce46141815a",
                        "itemValue": "Open",
                        "orderIndex": 1
                    },
                    "filePath": "{{vars.input.params.filePath}}",
                    "severity": {
                        "id": 82,
                        "@id": "\/api\/3\/picklists\/7efa2220-39bb-44e4-961f-ac368776e3b0",
                        "icon": null,
                        "@type": "Picklist",
                        "color": "#e31b1d",
                        "display": "Critical",
                        "listName": "\/api\/3\/picklist_names\/4e80cba3-032f-48b4-ac03-17e3ec247aac",
                        "itemValue": "Critical",
                        "orderIndex": 4
                    },
                    "userName": "{{vars.input.params.userName}}",
                    "__replace": "true",
                    "epochTime": "{{vars.input.params.epochTime}}",
                    "fileNames": "{{vars.input.params.processName}}",
                    "sourceTool": "{{vars.input.params.sourceTool}}",
                    "description": "<p>{{vars.input.params.description}}<\/p>",
                    "processName": "{{vars.input.params.processName}}",
                    "targetAsset": "{{vars.input.params.hostName}}",
                    "ackSlaStatus": {
                        "id": 289,
                        "@id": "\/api\/3\/picklists\/72979f64-e8b9-4888-a965-957e0ec24818",
                        "icon": null,
                        "@type": "Picklist",
                        "color": "#808080",
                        "display": "Awaiting Action",
                        "listName": "\/api\/3\/picklist_names\/fe36a8f2-fcba-4221-b4ab-1081f596b153",
                        "itemValue": "Awaiting Action",
                        "orderIndex": 2
                    },
                    "computerName": "{{vars.input.params.hostName}}",
                    "respSlaStatus": {
                        "id": 289,
                        "@id": "\/api\/3\/picklists\/72979f64-e8b9-4888-a965-957e0ec24818",
                        "icon": null,
                        "@type": "Picklist",
                        "color": "#808080",
                        "display": "Awaiting Action",
                        "listName": "\/api\/3\/picklist_names\/fe36a8f2-fcba-4221-b4ab-1081f596b153",
                        "itemValue": "Awaiting Action",
                        "orderIndex": 2
                    },
                    "sourceProcess": "{{vars.input.params.sourceImage}}",
                    "targetProcess": "{{vars.input.params.targetImage}}",
                    "mitreTechnique": "{{vars.input.params.technique}}",
                    "parentProcessName": "{{vars.input.params.parentProcess}}",
                    "escalatedtoincident": {
                        "id": 32,
                        "@id": "\/api\/3\/picklists\/2128a09c-153d-4db3-985d-de6be33deae5",
                        "icon": null,
                        "@type": "Picklist",
                        "color": "#808080",
                        "display": "No",
                        "listName": "\/api\/3\/picklist_names\/e131cc54-9ae4-43c9-b830-af6e331fe024",
                        "itemValue": "No",
                        "orderIndex": 1
                    }
                },
                "_showJson": false,
                "operation": "Overwrite",
                "collection": "\/api\/3\/upsert\/alerts",
                "tagsOperation": "OverwriteTags",
                "fieldOperation": {
                    "recordTags": "Overwrite"
                },
                "step_variables": []
            },
            "status": null,
            "top": "366",
            "left": "353",
            "stepType": "\/api\/3\/workflow_step_types\/2597053c-e718-44b4-8394-4d40fe26d357",
            "uuid": "588cae04-4e12-4153-b8cc-1636665b5e90",
            "id": 4525
        }
    ],
    "routes": [
        {
            "@type": "WorkflowRoute",
            "name": "Are Any Alerts Still Open -> Link Open Alerts to Hunt",
            "targetStep": "\/api\/3\/workflow_steps\/7b4d913f-97e6-4e32-8b67-22082165cde5",
            "sourceStep": "\/api\/3\/workflow_steps\/234b183f-d975-44c5-8463-487994f2073f",
            "label": "Yes",
            "isExecuted": false,
            "uuid": "5452ee63-dfdf-4aba-ad2d-181500c6d22f"
        },
        {
            "@type": "WorkflowRoute",
            "name": "Create and Link Alert -> Create and Link Comment to Hunt",
            "targetStep": "\/api\/3\/workflow_steps\/8cbda8cf-fdc8-4986-9a3b-3d44587b0731",
            "sourceStep": "\/api\/3\/workflow_steps\/588cae04-4e12-4153-b8cc-1636665b5e90",
            "label": null,
            "isExecuted": false,
            "uuid": "d0b5c09b-e03c-4c14-9400-11b86e804f4f"
        },
        {
            "@type": "WorkflowRoute",
            "name": "Retrieve Existing Open Alerts -> Are Any Alerts Still Open",
            "targetStep": "\/api\/3\/workflow_steps\/234b183f-d975-44c5-8463-487994f2073f",
            "sourceStep": "\/api\/3\/workflow_steps\/4075680e-91d6-4ef0-8805-17561b5deb5d",
            "label": null,
            "isExecuted": false,
            "uuid": "8b0e8fb2-19c8-4bef-b360-b03ea1f43b78"
        },
        {
            "@type": "WorkflowRoute",
            "name": "Retrieve Existing Alerts -> Do Alerts Already Exist",
            "targetStep": "\/api\/3\/workflow_steps\/742a7ff8-ada6-473c-a5ea-42abce9c718e",
            "sourceStep": "\/api\/3\/workflow_steps\/4ba85980-8400-4c2d-9071-f4cd51e003af",
            "label": null,
            "isExecuted": false,
            "uuid": "8c363e8f-e363-4f3c-8ee1-8678315de502"
        },
        {
            "@type": "WorkflowRoute",
            "name": "Start -> Retrieve Existing Alerts",
            "targetStep": "\/api\/3\/workflow_steps\/4ba85980-8400-4c2d-9071-f4cd51e003af",
            "sourceStep": "\/api\/3\/workflow_steps\/5b56bab7-d578-4bb6-a9d2-b230d1ddf5ba",
            "label": null,
            "isExecuted": false,
            "uuid": "1a1e235d-e5e2-4a3a-af5b-56bb8dcaecb0"
        },
        {
            "@type": "WorkflowRoute",
            "name": "Are Any Alerts Still Open -> No New Alerts Needed",
            "targetStep": "\/api\/3\/workflow_steps\/ecab8fab-1aa6-4bed-bb87-a488c2ef2485",
            "sourceStep": "\/api\/3\/workflow_steps\/234b183f-d975-44c5-8463-487994f2073f",
            "label": "No",
            "isExecuted": false,
            "uuid": "b69de251-26d3-48ff-b13b-b08704f7b8fd"
        },
        {
            "@type": "WorkflowRoute",
            "name": "Do Alerts Already Exist -> Create and Link Alert",
            "targetStep": "\/api\/3\/workflow_steps\/588cae04-4e12-4153-b8cc-1636665b5e90",
            "sourceStep": "\/api\/3\/workflow_steps\/742a7ff8-ada6-473c-a5ea-42abce9c718e",
            "label": "No",
            "isExecuted": false,
            "uuid": "56f2e443-9912-4e44-a813-c0523379f970"
        },
        {
            "@type": "WorkflowRoute",
            "name": "Do Alerts Already Exist -> Retrieve Existing Open Alerts",
            "targetStep": "\/api\/3\/workflow_steps\/4075680e-91d6-4ef0-8805-17561b5deb5d",
            "sourceStep": "\/api\/3\/workflow_steps\/742a7ff8-ada6-473c-a5ea-42abce9c718e",
            "label": "Yes",
            "isExecuted": false,
            "uuid": "53427b8b-f5f2-4f4d-91e7-d34cac08d5db"
        },
        {
            "@type": "WorkflowRoute",
            "name": "Link Open Alerts to Hunt -> Create and Link Comments to Hunt",
            "targetStep": "\/api\/3\/workflow_steps\/d4daa3b1-d6e6-4464-8250-0c620e78076b",
            "sourceStep": "\/api\/3\/workflow_steps\/7b4d913f-97e6-4e32-8b67-22082165cde5",
            "label": null,
            "isExecuted": false,
            "uuid": "204c399e-1642-4cab-87d1-f85f3f075471"
        }
    ],
    "priority": null,
    "uuid": "b2eb92ae-1f03-4985-8aca-c50e66b060b8",
    "recordTags": [],
    "id": 1175,
    "createUser": "\/api\/3\/people\/3451141c-bac6-467c-8d72-85e0fab569ce",
    "createDate": 1633085063,
    "modifyUser": "\/api\/3\/people\/3451141c-bac6-467c-8d72-85e0fab569ce",
    "modifyDate": 1633085063,
    "owners": [],
    "isPrivate": false
}