{
    "@context": "\/api\/3\/contexts\/WorkflowCollection",
    "@type": "WorkflowCollection",
    "name": "13 - MITRE ATT&CK\u2122 - Credential Access",
    "description": "Playbooks designed to hunt Credential Dumping Techniques identified in the MITRE ATT&CK Framework",
    "visible": true,
    "image": null,
    "uuid": "067faede-4fee-4fa9-9400-9e6e876efbfb",
    "id": 95,
    "createUser": "\/api\/3\/people\/3451141c-bac6-467c-8d72-85e0fab569ce",
    "createDate": 1633085063,
    "modifyUser": "\/api\/3\/people\/3451141c-bac6-467c-8d72-85e0fab569ce",
    "modifyDate": 1633085063,
    "recordTags": []
}