{
    "@type": "Workflow",
    "triggerLimit": null,
    "name": "HUNTS - OS Credential Dumping (T1003)",
    "aliasName": null,
    "tag": "ATT&CK, Credential_Dumping, Credential_Access",
    "description": "Hunts for non-Windows processes accessing the lsass.exe process, which can be indicative of credential dumping",
    "isActive": false,
    "debug": false,
    "singleRecordExecution": false,
    "remoteExecutableFlag": false,
    "parameters": [],
    "synchronous": false,
    "lastModifyDate": 1633085062,
    "collection": "\/api\/3\/workflow_collections\/067faede-4fee-4fa9-9400-9e6e876efbfb",
    "versions": [],
    "triggerStep": "\/api\/3\/workflow_steps\/a9d82585-9736-4645-b43c-1ccd77724cfb",
    "steps": [
        {
            "@type": "WorkflowStep",
            "name": "LSASS Access Query",
            "description": null,
            "arguments": {
                "name": "ElasticSearch",
                "config": "8d03a01d-1cef-40a8-992a-63d8de2b339f",
                "params": {
                    "index": "logstash-beats-*",
                    "query": "@timestamp:{ {{vars.elasticHuntStart}} TO {{vars.elasticHuntEnd}} } AND event_type:\"sysmon\" AND event_id:\"10\" AND event_data.TargetImage:\"C:\\\\Windows\\\\system32\\\\lsass.exe\"",
                    "run_as_user": ""
                },
                "version": "2.2.0",
                "connector": "elasticsearch",
                "operation": "execute_lucene_query",
                "operationTitle": "Execute Lucene Query",
                "step_variables": []
            },
            "status": null,
            "top": "214",
            "left": "880",
            "stepType": "\/api\/3\/workflow_step_types\/0bfed618-0316-11e7-93ae-92361f002671",
            "uuid": "d39749a0-8014-495b-8800-25f1077efbfa",
            "id": 4498
        },
        {
            "@type": "WorkflowStep",
            "name": "Send data to enrichment playbook",
            "description": null,
            "arguments": {
                "for_each": {
                    "item": "{{vars.steps.Get_query_results.data.results}}",
                    "condition": ""
                },
                "arguments": {
                    "huntIRI": "{{vars.input.records[0]['@id']}}",
                    "hostname": "{{vars.item.host}}",
                    "siemUsed": "{{vars.siem}}",
                    "epochTime": "{{arrow.get(vars.item.UtcTime).timestamp}}",
                    "processID": "{{vars.item.SourceProcessId}}",
                    "splunkEnd": "{{vars.splunkHuntEnd}}",
                    "accessTime": "{{vars.item.UtcTime}}",
                    "processPath": "{{vars.item.SourceImage | replace( \"\\\\\", \"\\\\\\\\\" )}}",
                    "splunkStart": "{{vars.splunkHuntStart}}",
                    "sourceProcess": "{{vars.item.SourceImage | replace( \"\\\\\", \"\\\\\\\\\" )}}",
                    "targetProcess": "{{vars.item.TargetImage | replace( \"\\\\\", \"\\\\\\\\\" )}}"
                },
                "step_variables": [],
                "workflowReference": "\/api\/3\/workflows\/8255c796-e6ac-4b25-b505-8269f122d534"
            },
            "status": null,
            "top": "120",
            "left": "1440",
            "stepType": "\/api\/3\/workflow_step_types\/74932bdc-b8b6-4d24-88c4-1a4dfbc524f3",
            "uuid": "a69917fe-619f-4fb8-86a2-8886810a0636",
            "id": 4499
        },
        {
            "@type": "WorkflowStep",
            "name": "Splunk Query",
            "description": null,
            "arguments": {
                "name": "Splunk",
                "config": "55bf97af-75c2-45ca-ae75-f4d27220cc52",
                "params": {
                    "query": "index=\"sysmon\" EventCode=10  {{vars.splunkHuntStart}} {{vars.splunkHuntEnd}} TargetImage=\"C:\\\\Windows\\\\system32\\\\lsass.exe\" SourceImage!=\"C:\\\\Program Files (x86)\\\\McAfee\\\\Endpoint Security\\\\Web Control\\\\mfewc.exe\" SourceImage!=\"C:\\\\Program Files\\\\Endgame\\\\esensor.exe\" SourceImage!=\"C:\\\\Program Files\\\\McAfee\\\\Endpoint Security\\\\Endpoint Security Platform\\\\mfeesp.exe\" SourceImage!=\"C:\\\\Program Files\\\\McAfee\\\\Endpoint Security\\\\Threat Prevention\\\\mfetp.exe\" | dedup UtcTime, SourceProcessGUID| table host SourceImage TargetImage _time action SourceProcessGUID SourceProcessId vendor_product epoch_time process_exec UtcTime",
                    "exec_mode": "",
                    "auto_cancel": "",
                    "latest_time": "",
                    "earliest_time": "",
                    "additional_search_args": "{\"a\":\"B\"}"
                },
                "version": "1.5.0",
                "connector": "splunk",
                "operation": "invoke_search",
                "operationTitle": "Invoke Search",
                "step_variables": []
            },
            "status": null,
            "top": "120",
            "left": "880",
            "stepType": "\/api\/3\/workflow_step_types\/0bfed618-0316-11e7-93ae-92361f002671",
            "uuid": "b7bfc9d3-8dd3-4a2f-bc01-208211f52ded",
            "id": 4500
        },
        {
            "@type": "WorkflowStep",
            "name": "Send Elastic data to enrichment playbook",
            "description": null,
            "arguments": {
                "for_each": {
                    "item": "{{vars.steps.LSASS_Access_Query.data.hits.hits}}",
                    "condition": ""
                },
                "arguments": {
                    "huntIRI": "{{vars.input.records[0]['@id']}}",
                    "hostname": "{{vars.item._source.computer_name}}",
                    "siemUsed": "{{vars.siem}}",
                    "epochTime": "{{ arrow.get(vars.item._source.event_data.UtcTime).timestamp }}",
                    "processID": "{{ vars.item._source.event_data.SourceProcessId }}",
                    "splunkEnd": "",
                    "accessTime": "{{ vars.item._source.event_data.UtcTime}}",
                    "processPath": "{{ vars.item._source.event_data.SourceImage | replace( \"\\\\\", \"\\\\\\\\\" )}}",
                    "splunkStart": "",
                    "sourceProcess": "{{ vars.item._source.event_data.SourceImage | replace( \"\\\\\", \"\\\\\\\\\" )}}",
                    "targetProcess": "{{ vars.item._source.event_data.TargetImage | replace( \"\\\\\", \"\\\\\\\\\" )}}"
                },
                "step_variables": [],
                "workflowReference": "\/api\/3\/workflows\/8255c796-e6ac-4b25-b505-8269f122d534"
            },
            "status": null,
            "top": "214",
            "left": "1440",
            "stepType": "\/api\/3\/workflow_step_types\/74932bdc-b8b6-4d24-88c4-1a4dfbc524f3",
            "uuid": "8c47729b-a4d0-47f9-a786-ca850edfd5c3",
            "id": 4501
        },
        {
            "@type": "WorkflowStep",
            "name": "Set Elastic hunt times",
            "description": null,
            "arguments": {
                "siem": "Elastic",
                "elasticHuntEnd": "{% if vars.input.records[0].huntEnd %} {{ arrow.get(vars.input.records[0].huntEnd).format('YYYY-MM-DDTHH:mm:ss.SSSSSSSSSZ') }} {% else %} now {% endif %}",
                "elasticHuntStart": "{{ arrow.get(vars.input.records[0].huntStart).format('YYYY-MM-DDTHH:mm:ss.SSSSSSSSSZ') }}"
            },
            "status": null,
            "top": "214",
            "left": "600",
            "stepType": "\/api\/3\/workflow_step_types\/04d0cf46-b6a8-42c4-8683-60a7eaa69e8f",
            "uuid": "99d3b300-8986-4474-9ef9-9ae1f7c83610",
            "id": 4502
        },
        {
            "@type": "WorkflowStep",
            "name": "Start",
            "description": null,
            "arguments": {
                "route": "4aea13e4-15c3-46bb-b686-a5bbb60f358c",
                "title": "T1003 - Hunt for OS Credential Dumping",
                "resources": [
                    "hunt"
                ],
                "inputVariables": [
                    {
                        "name": "siem",
                        "type": "picklists",
                        "label": "SIEM",
                        "title": "Picklist",
                        "usable": true,
                        "_ignore": false,
                        "tooltip": "Choose your SIEM",
                        "dataType": "picklist",
                        "formType": "picklist",
                        "required": true,
                        "_expanded": true,
                        "collection": false,
                        "dataSource": {
                            "model": "picklists",
                            "query": {
                                "sort": [
                                    {
                                        "field": "orderIndex",
                                        "direction": "ASC"
                                    }
                                ],
                                "logic": "AND",
                                "filters": [
                                    {
                                        "field": "listName__name",
                                        "value": "SIEMs",
                                        "operator": "eq"
                                    }
                                ]
                            },
                            "displayConditions": {
                                "876c1483-416b-4d2f-8138-15769ae16d5c": {
                                    "conditions": null,
                                    "visibility": "visible"
                                },
                                "bcebcab1-3f93-468a-9f3f-91e5c511a0b5": {
                                    "conditions": null,
                                    "visibility": "visible"
                                }
                            }
                        },
                        "searchable": false,
                        "templateUrl": "app\/components\/form\/fields\/typeahead.html",
                        "_nameTouched": true,
                        "defaultValue": {
                            "id": 280,
                            "@id": "\/api\/3\/picklists\/876c1483-416b-4d2f-8138-15769ae16d5c",
                            "icon": null,
                            "@type": "Picklist",
                            "color": null,
                            "display": "Elastic",
                            "listName": "\/api\/3\/picklist_names\/98830189-afff-40e6-bed1-94012551dc67",
                            "itemValue": "Elastic",
                            "orderIndex": 1
                        },
                        "useModuleField": false,
                        "displayTemplate": "{{ itemValue }}",
                        "allowedEncryption": false,
                        "allowedGridColumn": true,
                        "useRecordFieldDefault": false
                    }
                ],
                "step_variables": {
                    "input": {
                        "params": {
                            "siem": "{{vars.request.data[\"siem\"]}}"
                        },
                        "records": "{{vars.input.records}}"
                    }
                },
                "_promptexpanded": true,
                "displayConditions": {
                    "hunt": {
                        "sort": [],
                        "limit": 30,
                        "logic": "AND",
                        "filters": []
                    }
                },
                "executeButtonText": "Execute",
                "noRecordExecution": false,
                "singleRecordExecution": false
            },
            "status": null,
            "top": "168",
            "left": "27",
            "stepType": "\/api\/3\/workflow_step_types\/f414d039-bb0d-4e59-9c39-a8f1e880b18a",
            "uuid": "a9d82585-9736-4645-b43c-1ccd77724cfb",
            "id": 4503
        },
        {
            "@type": "WorkflowStep",
            "name": "Select SIEM",
            "description": null,
            "arguments": {
                "conditions": [
                    {
                        "step_iri": "\/api\/3\/workflow_steps\/99d3b300-8986-4474-9ef9-9ae1f7c83610",
                        "condition": "{{ vars.input.params.siem.itemValue == \"Elastic\" }}"
                    },
                    {
                        "step_iri": "\/api\/3\/workflow_steps\/8b55a579-5a3e-4f59-b5a9-80f1fed20d2e",
                        "condition": "{{ vars.input.params.siem.itemValue == \"Splunk\" }}"
                    }
                ]
            },
            "status": null,
            "top": "168",
            "left": "309",
            "stepType": "\/api\/3\/workflow_step_types\/12254cf5-5db7-4b1a-8cb1-3af081924b28",
            "uuid": "4b12e47a-0832-4a09-8757-cef264f7f4ea",
            "id": 4504
        },
        {
            "@type": "WorkflowStep",
            "name": "Get query results",
            "description": null,
            "arguments": {
                "name": "Splunk",
                "config": "55bf97af-75c2-45ca-ae75-f4d27220cc52",
                "params": {
                    "sid": "{'value': \"{{vars.steps.Splunk_Query.data.sid}}\"}",
                    "additional_args": "{\"a\":\"B\"}"
                },
                "version": "1.4.0",
                "do_until": {
                    "delay": "1",
                    "retries": "300",
                    "condition": "{{\"results\" in vars.result.data}}"
                },
                "connector": "splunk",
                "operation": "get_results",
                "operationTitle": "Get Results for a Search",
                "step_variables": []
            },
            "status": null,
            "top": "120",
            "left": "1160",
            "stepType": "\/api\/3\/workflow_step_types\/0bfed618-0316-11e7-93ae-92361f002671",
            "uuid": "a586caa3-2864-402a-8fd8-64b3cc8ea8fd",
            "id": 4505
        },
        {
            "@type": "WorkflowStep",
            "name": "Set Splunk hunt times",
            "description": null,
            "arguments": {
                "siem": "Splunk",
                "splunkHuntEnd": "{% if vars.input.records[0].huntEnd %}latest={{vars.input.records[0].huntEnd}}{% endif %}",
                "splunkHuntStart": "{% if vars.input.records[0].huntStart %}earliest={{vars.input.records[0].huntStart}}{% endif %}"
            },
            "status": null,
            "top": "120",
            "left": "600",
            "stepType": "\/api\/3\/workflow_step_types\/04d0cf46-b6a8-42c4-8683-60a7eaa69e8f",
            "uuid": "8b55a579-5a3e-4f59-b5a9-80f1fed20d2e",
            "id": 4506
        },
        {
            "@type": "WorkflowStep",
            "name": "Deduplicate Comments",
            "description": null,
            "arguments": {
                "arguments": {
                    "hunt_iri": "{{vars.input.records[0]['@id']}}"
                },
                "step_variables": [],
                "workflowReference": "\/api\/3\/workflows\/3fd311be-a1c6-41c7-99a3-8794b33d8f8a"
            },
            "status": null,
            "top": "180",
            "left": "1734",
            "stepType": "\/api\/3\/workflow_step_types\/74932bdc-b8b6-4d24-88c4-1a4dfbc524f3",
            "uuid": "2eb32f01-da8c-44ab-8975-a499bfe45153",
            "id": 4507
        }
    ],
    "routes": [
        {
            "@type": "WorkflowRoute",
            "name": "LSASS Access Query -> Send Elastic data to enrichment playbook",
            "targetStep": "\/api\/3\/workflow_steps\/8c47729b-a4d0-47f9-a786-ca850edfd5c3",
            "sourceStep": "\/api\/3\/workflow_steps\/d39749a0-8014-495b-8800-25f1077efbfa",
            "label": null,
            "isExecuted": false,
            "uuid": "5ad6c0fa-2bb7-4b0d-a22b-0f7b67ee0b2e"
        },
        {
            "@type": "WorkflowRoute",
            "name": "Select SIEM -> Set Splunk hunt times",
            "targetStep": "\/api\/3\/workflow_steps\/8b55a579-5a3e-4f59-b5a9-80f1fed20d2e",
            "sourceStep": "\/api\/3\/workflow_steps\/4b12e47a-0832-4a09-8757-cef264f7f4ea",
            "label": "",
            "isExecuted": false,
            "uuid": "a9a15eb6-82e3-4b45-aed8-c87606a71379"
        },
        {
            "@type": "WorkflowRoute",
            "name": "Send data to enrichment playbook -> Deduplicate Comments",
            "targetStep": "\/api\/3\/workflow_steps\/2eb32f01-da8c-44ab-8975-a499bfe45153",
            "sourceStep": "\/api\/3\/workflow_steps\/a69917fe-619f-4fb8-86a2-8886810a0636",
            "label": null,
            "isExecuted": false,
            "uuid": "d636518d-da2c-4de4-b6e4-d8162b921e57"
        },
        {
            "@type": "WorkflowRoute",
            "name": "Set Splunk hunt times -> Splunk Query",
            "targetStep": "\/api\/3\/workflow_steps\/b7bfc9d3-8dd3-4a2f-bc01-208211f52ded",
            "sourceStep": "\/api\/3\/workflow_steps\/8b55a579-5a3e-4f59-b5a9-80f1fed20d2e",
            "label": null,
            "isExecuted": false,
            "uuid": "0c9692dc-190f-4acf-ba8b-264001224c36"
        },
        {
            "@type": "WorkflowRoute",
            "name": "Get query results -> Send data to enrichment playbook",
            "targetStep": "\/api\/3\/workflow_steps\/a69917fe-619f-4fb8-86a2-8886810a0636",
            "sourceStep": "\/api\/3\/workflow_steps\/a586caa3-2864-402a-8fd8-64b3cc8ea8fd",
            "label": null,
            "isExecuted": false,
            "uuid": "969e2735-a6d3-4552-8816-f0c045ccfad2"
        },
        {
            "@type": "WorkflowRoute",
            "name": "Copy  of Send data to enrichment playbook -> Deduplicate Comments",
            "targetStep": "\/api\/3\/workflow_steps\/2eb32f01-da8c-44ab-8975-a499bfe45153",
            "sourceStep": "\/api\/3\/workflow_steps\/8c47729b-a4d0-47f9-a786-ca850edfd5c3",
            "label": null,
            "isExecuted": false,
            "uuid": "52b6c61e-d412-47bc-a998-b2f0203e315e"
        },
        {
            "@type": "WorkflowRoute",
            "name": "Start -> Select SIEM",
            "targetStep": "\/api\/3\/workflow_steps\/4b12e47a-0832-4a09-8757-cef264f7f4ea",
            "sourceStep": "\/api\/3\/workflow_steps\/a9d82585-9736-4645-b43c-1ccd77724cfb",
            "label": null,
            "isExecuted": false,
            "uuid": "2c64bbf2-897c-4572-aec3-c644d63cc3cf"
        },
        {
            "@type": "WorkflowRoute",
            "name": "Set Elastic hunt times -> LSASS Access Query",
            "targetStep": "\/api\/3\/workflow_steps\/d39749a0-8014-495b-8800-25f1077efbfa",
            "sourceStep": "\/api\/3\/workflow_steps\/99d3b300-8986-4474-9ef9-9ae1f7c83610",
            "label": null,
            "isExecuted": false,
            "uuid": "4ee1d1a6-ed94-4f86-8da2-10fdb3d56b4c"
        },
        {
            "@type": "WorkflowRoute",
            "name": "Splunk Query -> Get query results",
            "targetStep": "\/api\/3\/workflow_steps\/a586caa3-2864-402a-8fd8-64b3cc8ea8fd",
            "sourceStep": "\/api\/3\/workflow_steps\/b7bfc9d3-8dd3-4a2f-bc01-208211f52ded",
            "label": null,
            "isExecuted": false,
            "uuid": "b6907dd5-2415-4f1f-a6ec-1715aeebad6d"
        },
        {
            "@type": "WorkflowRoute",
            "name": "Select SIEM -> Copy  of Set Splunk hunt times",
            "targetStep": "\/api\/3\/workflow_steps\/99d3b300-8986-4474-9ef9-9ae1f7c83610",
            "sourceStep": "\/api\/3\/workflow_steps\/4b12e47a-0832-4a09-8757-cef264f7f4ea",
            "label": "",
            "isExecuted": false,
            "uuid": "c80ab399-c676-4d21-9497-1f163f0f51c4"
        }
    ],
    "priority": null,
    "uuid": "7f4b3f20-02ae-4741-9807-af8d2307b95e",
    "recordTags": [],
    "id": 1173,
    "createUser": "\/api\/3\/people\/3451141c-bac6-467c-8d72-85e0fab569ce",
    "createDate": 1633085063,
    "modifyUser": "\/api\/3\/people\/3451141c-bac6-467c-8d72-85e0fab569ce",
    "modifyDate": 1633085063,
    "owners": [],
    "isPrivate": false
}