{
    "@type": "Workflow",
    "triggerLimit": null,
    "name": "HUNTS - OS Credential Dumping (T1003) Part2",
    "aliasName": null,
    "tag": "ATT&CK, Credential_Dumping, Credential_Access",
    "description": "Enriches LSASS.exe access information.",
    "isActive": false,
    "debug": false,
    "singleRecordExecution": false,
    "remoteExecutableFlag": false,
    "parameters": [
        "processPath",
        "processID",
        "hostname",
        "huntIRI",
        "sourceProcess",
        "targetProcess",
        "accessTime",
        "epochTime",
        "siemUsed"
    ],
    "synchronous": false,
    "lastModifyDate": 1633085062,
    "collection": "\/api\/3\/workflow_collections\/067faede-4fee-4fa9-9400-9e6e876efbfb",
    "versions": [],
    "triggerStep": "\/api\/3\/workflow_steps\/fe26b90c-2544-431c-a7e3-cc3348330036",
    "steps": [
        {
            "@type": "WorkflowStep",
            "name": "Start",
            "description": null,
            "arguments": {
                "step_variables": {
                    "input": {
                        "params": {
                            "huntIRI": "{{ vars.huntIRI }}",
                            "hostname": "{{ vars.hostname }}",
                            "siemUsed": "{{ vars.siemUsed }}",
                            "epochTime": "{{ vars.epochTime }}",
                            "processID": "{{ vars.processID }}",
                            "splunkEnd": "{{ vars.splunkEnd }}",
                            "accessTime": "{{ vars.accessTime }}",
                            "processPath": "{{ vars.processPath }}",
                            "splunkStart": "{{ vars.splunkStart }}",
                            "sourceProcess": "{{ vars.sourceProcess }}",
                            "targetProcess": "{{ vars.targetProcess }}",
                            "elasticHuntEnd": "{{ vars.elasticHuntEnd }}",
                            "elasticHuntStart": "{{ vars.elasticHuntStart }}"
                        }
                    }
                }
            },
            "status": null,
            "top": "160",
            "left": "9",
            "stepType": "\/api\/3\/workflow_step_types\/b348f017-9a94-471f-87f8-ce88b6a7ad62",
            "uuid": "fe26b90c-2544-431c-a7e3-cc3348330036",
            "id": 4508
        },
        {
            "@type": "WorkflowStep",
            "name": "Create Alerts from Elastic",
            "description": null,
            "arguments": {
                "arguments": {
                    "MD5": "{{ (vars.steps.Elastic_Query_for_Accessor_Info.data.hits.hits[0]._source.event_data.Hashes.split(\"MD5=\")[1].split(',')[0])}}",
                    "url": "",
                    "source": "{{vars.steps.Elastic_Query_for_Accessor_Info.data.hits.hits[0]._source.source_name}}",
                    "comment": "SIEM query identified process {{vars.steps.Elastic_Query_for_Accessor_Info.data.hits.hits[0]._source.image_path.split(\"\\\\\")[-1] }} attempting to access LSASS on host {{vars.steps.Elastic_Query_for_Accessor_Info.data.hits.hits[0]._source.beat.hostname}} at {{vars.input.params.accessTime}}.",
                    "huntIRI": "{{vars.input.params.huntIRI}}",
                    "service": "",
                    "filePath": "{{vars.steps.Elastic_Query_for_Accessor_Info.data.hits.hits[0]._source.image_path}}",
                    "hostName": "{{vars.steps.Elastic_Query_for_Accessor_Info.data.hits.hits[0]._source.beat.hostname}}",
                    "sourceIP": "",
                    "userName": "{{vars.steps.Elastic_Query_for_Accessor_Info.data.hits.hits[0]._source.username}}",
                    "alertName": "ATT&CK-Credential Access-LSASS accessed by {{vars.steps.Elastic_Query_for_Accessor_Info.data.hits.hits[0]._source.image_path.split(\"\\\\\")[-1] }}",
                    "epochTime": "{{vars.input.params.epochTime}}",
                    "eventName": "",
                    "eventTime": "{{vars.input.params.accessTime}}",
                    "processID": "{{vars.steps.Elastic_Query_for_Accessor_Info.data.hits.hits[0]._source.event_data.ProcessId}}",
                    "technique": "LSASS Access",
                    "sourceData": "{{vars.steps.Elastic_Query_for_Accessor_Info.data.hits.hits[0]}}",
                    "sourceTool": "{{vars.steps.Elastic_Query_for_Accessor_Info.data.hits.hits[0]._source.source_name}}",
                    "commandline": "{{vars.steps.Elastic_Query_for_Accessor_Info.data.hits.hits[0]._source.event_data.CommandLine}}",
                    "description": "An attempt to access lsass.exe by a non-standard process was observed. LSASS.exe stores Windows login credentials. Access of lsass.exe by non-standard processes may indicate that a process is attempting to dump or access credentials stored by the lsass process.",
                    "processGUID": "{{vars.steps.Elastic_Query_for_Accessor_Info.data.hits.hits[0]._source.event_data.ProcessGuid}}",
                    "processName": "{{vars.steps.Elastic_Query_for_Accessor_Info.data.hits.hits[0]._source.image_path.split(\"\\\\\")[-1] }}",
                    "registryKey": "",
                    "sourceImage": "{{vars.input.params.sourceProcess}}",
                    "targetImage": "{{vars.input.params.targetProcess}}",
                    "computerName": "{{vars.steps.Elastic_Query_for_Accessor_Info.data.hits.hits[0]._source.computer_name}}",
                    "destinationIP": "",
                    "mitre_tech_id": "T1003",
                    "parentProcess": "",
                    "scheduledTask": "",
                    "bitstransferid": "",
                    "parentProcessID": "",
                    "bytestransferred": "",
                    "registryKeyValue": "",
                    "parentCommandLine": "",
                    "decodedCommandLine": ""
                },
                "apply_async": false,
                "step_variables": [],
                "workflowReference": "\/api\/3\/workflows\/bf7d418b-7ff3-44c1-b473-90d0a03c4641"
            },
            "status": null,
            "top": "220",
            "left": "1409",
            "stepType": "\/api\/3\/workflow_step_types\/74932bdc-b8b6-4d24-88c4-1a4dfbc524f3",
            "uuid": "60db9c2e-4f34-4dfb-8c92-e168a4889cd0",
            "id": 4509
        },
        {
            "@type": "WorkflowStep",
            "name": "Create Alerts from Splunk",
            "description": null,
            "arguments": {
                "arguments": {
                    "MD5": "{{vars.steps.Query_Results_for_Accessor_Info.data.results[0].MD5}}",
                    "url": "",
                    "source": "{{vars.steps.Query_Results_for_Accessor_Info.data.results[0].EventChannel}}",
                    "comment": "SIEM query identified process {{vars.steps.Query_Results_for_Accessor_Info.data.results[0].process_exec}} attempting to access LSASS on host {{vars.steps.Query_Results_for_Accessor_Info.data.results[0].host}} at {{vars.input.params.accessTime}}.",
                    "huntIRI": "{{vars.input.params.huntIRI}}",
                    "service": "",
                    "filePath": "{{vars.input.params.processPath}}",
                    "hostName": "{{vars.steps.Query_Results_for_Accessor_Info.data.results[0].Computer}}",
                    "sourceIP": "",
                    "userName": "{{vars.steps.Query_Results_for_Accessor_Info.data.results[0].User}}",
                    "alertName": "ATT&CK-Credential Access-LSASS accessed by {{vars.steps.Query_Results_for_Accessor_Info.data.results[0].process_exec}}",
                    "epochTime": "{{vars.input.params.epochTime}}",
                    "eventName": "",
                    "eventTime": "{{vars.input.params.accessTime}}",
                    "processID": "{{vars.input.params.processID}}",
                    "technique": "LSASS Access",
                    "sourceData": "{{vars.steps.Query_Results_for_Accessor_Info.data.results[0]}}",
                    "sourceTool": "{{vars.steps.Query_Results_for_Accessor_Info.data.results[0].EventChannel}}",
                    "commandline": "{{vars.steps.Query_Results_for_Accessor_Info.data.results[0].cmdline}}",
                    "description": "An attempt to access lsass.exe by a non-standard process was observed. LSASS.exe stores Windows login credentials. Access of lsass.exe by non-standard processes may indicate that a process is attempting to dump or access credentials stored by the lsass process.",
                    "processGUID": "{{vars.steps.Query_Results_for_Accessor_Info.data.results[0].ProcessGuid}}",
                    "processName": "{{vars.steps.Query_Results_for_Accessor_Info.data.results[0].process_exec}}",
                    "registryKey": "",
                    "sourceImage": "{{vars.input.params.sourceProcess}}",
                    "targetImage": "{{vars.input.params.targetProcess}}",
                    "computerName": "{{vars.steps.Query_Results_for_Accessor_Info.data.results[0].Computer}}",
                    "destinationIP": "",
                    "mitre_tech_id": "T1003",
                    "parentProcess": "",
                    "scheduledTask": "",
                    "bitstransferid": "",
                    "parentProcessID": "",
                    "bytestransferred": "",
                    "registryKeyValue": "",
                    "parentCommandLine": "",
                    "decodedCommandLine": ""
                },
                "apply_async": false,
                "step_variables": [],
                "workflowReference": "\/api\/3\/workflows\/bf7d418b-7ff3-44c1-b473-90d0a03c4641"
            },
            "status": null,
            "top": "100",
            "left": "1413",
            "stepType": "\/api\/3\/workflow_step_types\/74932bdc-b8b6-4d24-88c4-1a4dfbc524f3",
            "uuid": "9a96c997-8fe3-4704-af32-3eb4fe2f99e1",
            "id": 4510
        },
        {
            "@type": "WorkflowStep",
            "name": "Query for Accessor Info",
            "description": null,
            "arguments": {
                "name": "Splunk",
                "config": "55bf97af-75c2-45ca-ae75-f4d27220cc52",
                "params": {
                    "query": "index=sysmon EventCode=1 (Image=\"{{vars.input.params.processPath}}\" AND ProcessId={{vars.input.params.processID}}) OR (ParentImage=\"{{vars.input.params.processPath}}\" AND ParentProcessId={{vars.input.params.processID}})  host=\"{{vars.input.params.hostname}}\" | head 1| table host Image MD5 User  process_exec vendor_product TimeCreated ProcessId cmdline UtcTime EventChannel ProcessGuid Computer",
                    "exec_mode": "",
                    "auto_cancel": "",
                    "latest_time": "",
                    "earliest_time": "",
                    "additional_search_args": "{\"A\":\"B\"}"
                },
                "version": "1.5.0",
                "connector": "splunk",
                "operation": "invoke_search",
                "operationTitle": "Invoke Search",
                "step_variables": []
            },
            "status": null,
            "top": "100",
            "left": "574",
            "stepType": "\/api\/3\/workflow_step_types\/0bfed618-0316-11e7-93ae-92361f002671",
            "uuid": "a8a592db-8917-43a2-9f47-e3570a24d0b5",
            "id": 4511
        },
        {
            "@type": "WorkflowStep",
            "name": "Query Results for Accessor Info",
            "description": null,
            "arguments": {
                "name": "Splunk",
                "config": "55bf97af-75c2-45ca-ae75-f4d27220cc52",
                "params": {
                    "sid": "{'value': \"{{vars.steps.Query_for_Accessor_Info.data.sid}}\"}",
                    "additional_args": "{\"A\":\"B\"}"
                },
                "version": "1.4.0",
                "do_until": {
                    "delay": "1",
                    "retries": "300",
                    "condition": "{{\"results\" in vars.result.data}}"
                },
                "connector": "splunk",
                "operation": "get_results",
                "operationTitle": "Get Results for a Search",
                "step_variables": []
            },
            "status": null,
            "top": "100",
            "left": "1140",
            "stepType": "\/api\/3\/workflow_step_types\/0bfed618-0316-11e7-93ae-92361f002671",
            "uuid": "710da175-4673-49f5-9e83-b42c6d3f21f0",
            "id": 4512
        },
        {
            "@type": "WorkflowStep",
            "name": "Wait 10 seconds for query to complete",
            "description": null,
            "arguments": {
                "delay": {
                    "days": 0,
                    "hours": 0,
                    "weeks": 0,
                    "minutes": 0,
                    "seconds": 10
                }
            },
            "status": null,
            "top": "100",
            "left": "854",
            "stepType": "\/api\/3\/workflow_step_types\/6832e556-b9c7-497a-babe-feda3bd27dbf",
            "uuid": "a5fbf83c-9ad1-45bb-a947-3803f7e83b23",
            "id": 4513
        },
        {
            "@type": "WorkflowStep",
            "name": "Which SIEM",
            "description": null,
            "arguments": {
                "conditions": [
                    {
                        "step_iri": "\/api\/3\/workflow_steps\/a8a592db-8917-43a2-9f47-e3570a24d0b5",
                        "condition": "{{ vars.input.params.siemUsed == \"Splunk\" }}"
                    },
                    {
                        "step_iri": "\/api\/3\/workflow_steps\/6ad7661c-c02e-477c-a9a7-a14ab9ad4bbb",
                        "condition": "{{ vars.input.params.siemUsed == \"Elastic\" }}"
                    }
                ]
            },
            "status": null,
            "top": "160",
            "left": "280",
            "stepType": "\/api\/3\/workflow_step_types\/12254cf5-5db7-4b1a-8cb1-3af081924b28",
            "uuid": "d464b547-f84e-440c-86ba-4cc79127a102",
            "id": 4514
        },
        {
            "@type": "WorkflowStep",
            "name": "Elastic Query for Accessor Info",
            "description": null,
            "arguments": {
                "name": "ElasticSearch",
                "config": "8d03a01d-1cef-40a8-992a-63d8de2b339f",
                "params": {
                    "index": "logstash-beats-*",
                    "query": "event_type:sysmon AND event_id:\"1\" AND ((image_path:\"{{vars.input.params.processPath}}\" AND event_data.ProcessId:\"{{vars.input.params.processID}}\") OR (parent_image_path:\"{{vars.input.params.processPath}}\" AND event_data.ParentProcessId:\"{{vars.input.params.processID}}\")) AND  computer_name:\"{{vars.input.params.hostname}}\"",
                    "run_as_user": ""
                },
                "version": "2.2.0",
                "connector": "elasticsearch",
                "operation": "execute_lucene_query",
                "operationTitle": "Execute Lucene Query",
                "step_variables": []
            },
            "status": null,
            "top": "220",
            "left": "571",
            "stepType": "\/api\/3\/workflow_step_types\/0bfed618-0316-11e7-93ae-92361f002671",
            "uuid": "6ad7661c-c02e-477c-a9a7-a14ab9ad4bbb",
            "id": 4515
        }
    ],
    "routes": [
        {
            "@type": "WorkflowRoute",
            "name": "Which SIEM -> Elastic Query for Accessor Info",
            "targetStep": "\/api\/3\/workflow_steps\/6ad7661c-c02e-477c-a9a7-a14ab9ad4bbb",
            "sourceStep": "\/api\/3\/workflow_steps\/d464b547-f84e-440c-86ba-4cc79127a102",
            "label": "",
            "isExecuted": false,
            "uuid": "1e22f605-975f-42d5-a575-3e53f9aeffe7"
        },
        {
            "@type": "WorkflowRoute",
            "name": "Query Results for Accessor Info -> Create Alerts from Splunk",
            "targetStep": "\/api\/3\/workflow_steps\/9a96c997-8fe3-4704-af32-3eb4fe2f99e1",
            "sourceStep": "\/api\/3\/workflow_steps\/710da175-4673-49f5-9e83-b42c6d3f21f0",
            "label": null,
            "isExecuted": false,
            "uuid": "be40cf1e-6f2b-4816-88cc-67b7463d78b2"
        },
        {
            "@type": "WorkflowRoute",
            "name": "Which SIEM -> Query for Accessor Info",
            "targetStep": "\/api\/3\/workflow_steps\/a8a592db-8917-43a2-9f47-e3570a24d0b5",
            "sourceStep": "\/api\/3\/workflow_steps\/d464b547-f84e-440c-86ba-4cc79127a102",
            "label": "",
            "isExecuted": false,
            "uuid": "5cc4da8a-d8c2-4f07-a13d-68a93c81d61e"
        },
        {
            "@type": "WorkflowRoute",
            "name": "Wait 10 seconds for query to complete -> Query Results for Accessor Info",
            "targetStep": "\/api\/3\/workflow_steps\/710da175-4673-49f5-9e83-b42c6d3f21f0",
            "sourceStep": "\/api\/3\/workflow_steps\/a5fbf83c-9ad1-45bb-a947-3803f7e83b23",
            "label": null,
            "isExecuted": false,
            "uuid": "4e30590c-3a45-49ee-ba64-1c50196b90b4"
        },
        {
            "@type": "WorkflowRoute",
            "name": "Start -> Which SIEM",
            "targetStep": "\/api\/3\/workflow_steps\/d464b547-f84e-440c-86ba-4cc79127a102",
            "sourceStep": "\/api\/3\/workflow_steps\/fe26b90c-2544-431c-a7e3-cc3348330036",
            "label": null,
            "isExecuted": false,
            "uuid": "82bf6d17-81b3-48e6-9da7-d3f3ba2e7647"
        },
        {
            "@type": "WorkflowRoute",
            "name": "Query for Accessor Info -> Wait 10 seconds for query to complete",
            "targetStep": "\/api\/3\/workflow_steps\/a5fbf83c-9ad1-45bb-a947-3803f7e83b23",
            "sourceStep": "\/api\/3\/workflow_steps\/a8a592db-8917-43a2-9f47-e3570a24d0b5",
            "label": null,
            "isExecuted": false,
            "uuid": "6d408353-bfcd-4951-b89b-a7a5e7bdfd46"
        },
        {
            "@type": "WorkflowRoute",
            "name": "Elastic Query for Accessor Info -> Create Alerts from Elastic",
            "targetStep": "\/api\/3\/workflow_steps\/60db9c2e-4f34-4dfb-8c92-e168a4889cd0",
            "sourceStep": "\/api\/3\/workflow_steps\/6ad7661c-c02e-477c-a9a7-a14ab9ad4bbb",
            "label": null,
            "isExecuted": false,
            "uuid": "6fb491f4-c6e5-4f35-833d-4778eb4cd378"
        }
    ],
    "priority": null,
    "uuid": "8255c796-e6ac-4b25-b505-8269f122d534",
    "recordTags": [],
    "id": 1174,
    "createUser": "\/api\/3\/people\/3451141c-bac6-467c-8d72-85e0fab569ce",
    "createDate": 1633085063,
    "modifyUser": "\/api\/3\/people\/3451141c-bac6-467c-8d72-85e0fab569ce",
    "modifyDate": 1633085063,
    "owners": [],
    "isPrivate": false
}