{
    "@type": "Workflow",
    "triggerLimit": null,
    "name": "HUNTS - Winlogon Helper DLL (T1547.004)",
    "aliasName": null,
    "tag": "ATT&CK, Persistence, Winlogon_Helper_DLL",
    "description": "Hunts for abnormal DLL loads and processes spawned by Winlogon",
    "isActive": false,
    "debug": false,
    "singleRecordExecution": false,
    "remoteExecutableFlag": false,
    "parameters": [],
    "synchronous": false,
    "lastModifyDate": 1633085062,
    "collection": "\/api\/3\/workflow_collections\/681d6397-fbd4-4929-bb55-202c131d3383",
    "versions": [],
    "triggerStep": "\/api\/3\/workflow_steps\/265a8018-e49b-4312-95c5-f8c6753a4d48",
    "steps": [
        {
            "@type": "WorkflowStep",
            "name": "Deduplicate comments",
            "description": null,
            "arguments": {
                "arguments": {
                    "hunt_iri": "{{vars.input.records[0]['@id']}}"
                },
                "step_variables": [],
                "workflowReference": "\/api\/3\/workflows\/3fd311be-a1c6-41c7-99a3-8794b33d8f8a"
            },
            "status": null,
            "top": "271",
            "left": "1810",
            "stepType": "\/api\/3\/workflow_step_types\/74932bdc-b8b6-4d24-88c4-1a4dfbc524f3",
            "uuid": "69e269a0-d9bf-4f16-913f-ee7c4b099163",
            "id": 4482
        },
        {
            "@type": "WorkflowStep",
            "name": "Retrieve key modification query results",
            "description": null,
            "arguments": {
                "name": "Splunk",
                "config": "9ab494b3-68d1-424f-9f76-0693bd787483",
                "params": {
                    "sid": "{'value':\"{{vars.steps.Query_for_Winlogon_helper_DLL_registry_key_modification.data.sid}}\"}",
                    "additional_args": "{\"A\":\"B\"}"
                },
                "version": "1.4.0",
                "do_until": {
                    "delay": "1",
                    "retries": "300",
                    "condition": "{{\"results\" in vars.result.data}}"
                },
                "connector": "splunk",
                "operation": "get_results",
                "operationTitle": "Get Results for a Search",
                "step_variables": []
            },
            "status": null,
            "top": "220",
            "left": "1240",
            "stepType": "\/api\/3\/workflow_step_types\/0bfed618-0316-11e7-93ae-92361f002671",
            "uuid": "82f5150d-682a-4395-b206-41b7a667e9f4",
            "id": 4483
        },
        {
            "@type": "WorkflowStep",
            "name": "Start",
            "description": null,
            "arguments": {
                "route": "ac8b50b6-cea7-44ab-99ae-d0bef22f4c2b",
                "title": "T1547.004 - Hunt for Winlogon Helper DLLs",
                "resources": [
                    "hunt"
                ],
                "inputVariables": [
                    {
                        "name": "siem",
                        "type": "picklists",
                        "label": "SIEM",
                        "title": "Picklist",
                        "usable": true,
                        "_ignore": false,
                        "tooltip": "Choose your SIEM",
                        "dataType": "picklist",
                        "formType": "picklist",
                        "required": true,
                        "_expanded": true,
                        "collection": false,
                        "dataSource": {
                            "model": "picklists",
                            "query": {
                                "sort": [
                                    {
                                        "field": "orderIndex",
                                        "direction": "ASC"
                                    }
                                ],
                                "logic": "AND",
                                "filters": [
                                    {
                                        "field": "listName__name",
                                        "value": "SIEMs",
                                        "operator": "eq"
                                    }
                                ]
                            },
                            "displayConditions": {
                                "876c1483-416b-4d2f-8138-15769ae16d5c": {
                                    "conditions": null,
                                    "visibility": "visible"
                                },
                                "bcebcab1-3f93-468a-9f3f-91e5c511a0b5": {
                                    "conditions": null,
                                    "visibility": "visible"
                                }
                            }
                        },
                        "searchable": false,
                        "templateUrl": "app\/components\/form\/fields\/typeahead.html",
                        "_nameTouched": true,
                        "defaultValue": {
                            "id": 280,
                            "@id": "\/api\/3\/picklists\/876c1483-416b-4d2f-8138-15769ae16d5c",
                            "icon": null,
                            "@type": "Picklist",
                            "color": null,
                            "display": "Elastic",
                            "listName": "\/api\/3\/picklist_names\/98830189-afff-40e6-bed1-94012551dc67",
                            "itemValue": "Elastic",
                            "orderIndex": 1
                        },
                        "useModuleField": false,
                        "displayTemplate": "{{ itemValue }}",
                        "allowedEncryption": false,
                        "allowedGridColumn": true,
                        "useRecordFieldDefault": false
                    }
                ],
                "step_variables": {
                    "input": {
                        "params": {
                            "siem": "{{vars.request.data[\"siem\"]}}"
                        },
                        "records": "{{vars.input.records}}"
                    }
                },
                "_promptexpanded": true,
                "displayConditions": {
                    "hunt": {
                        "sort": [],
                        "limit": 30,
                        "logic": "AND",
                        "filters": []
                    }
                },
                "executeButtonText": "Execute",
                "noRecordExecution": false,
                "singleRecordExecution": false
            },
            "status": null,
            "top": "368",
            "left": "9",
            "stepType": "\/api\/3\/workflow_step_types\/f414d039-bb0d-4e59-9c39-a8f1e880b18a",
            "uuid": "265a8018-e49b-4312-95c5-f8c6753a4d48",
            "id": 4484
        },
        {
            "@type": "WorkflowStep",
            "name": "Set Splunk hunt times",
            "description": null,
            "arguments": {
                "splunkHuntEnd": "{% if vars.input.records[0].huntEnd %}latest={{vars.input.records[0].huntEnd}}{% endif %}",
                "splunkHuntStart": "earliest={{vars.input.records[0].huntStart}}"
            },
            "status": null,
            "top": "270",
            "left": "668",
            "stepType": "\/api\/3\/workflow_step_types\/04d0cf46-b6a8-42c4-8683-60a7eaa69e8f",
            "uuid": "6f053422-f607-495d-9353-7d62996b5758",
            "id": 4485
        },
        {
            "@type": "WorkflowStep",
            "name": "Set Elasticsearch hunt times",
            "description": null,
            "arguments": {
                "elasticHuntEnd": "{% if vars.input.records[0].huntEnd %} {{ arrow.get(vars.input.records[0].huntEnd).format('YYYY-MM-DDTHH:mm:ss.SSSSSSSSSZ') }} {% else %} now {% endif %}",
                "elasticHuntStart": "{{ arrow.get(vars.input.records[0].huntStart).format('YYYY-MM-DDTHH:mm:ss.SSSSSSSSSZ') }}"
            },
            "status": null,
            "top": "460",
            "left": "666",
            "stepType": "\/api\/3\/workflow_step_types\/04d0cf46-b6a8-42c4-8683-60a7eaa69e8f",
            "uuid": "551f1736-874a-4671-b6d2-ab5f0d74ca30",
            "id": 4486
        },
        {
            "@type": "WorkflowStep",
            "name": "Query for Winlogon helper DLL registry key modification",
            "description": null,
            "arguments": {
                "name": "Splunk",
                "config": "9ab494b3-68d1-424f-9f76-0693bd787483",
                "params": {
                    "query": "index=sysmon EventCode=13 {{vars.splunkHuntStart}} {{vars.splunkHuntEnd}} TargetObject=\"HKLM\\\\SOFTWARE\\\\Microsoft\\\\Windows NT\\\\CurrentVersion\\\\Winlogon\\\\Shell\" OR TargetObject=\"HKLM\\\\SOFTWARE\\\\Microsoft\\\\Windows NT\\\\CurrentVersion\\\\Winlogon\\\\Userinit\" OR TargetObject=\"HKLM\\\\SOFTWARE\\\\Microsoft\\\\Windows NT\\\\CurrentVersion\\\\Winlogon\\\\Notify*\" OR TargetObject=\"HKLM\\\\SOFTWARE\\\\WOW6432Node\\\\Microsoft\\\\Windows NT\\\\CurrentVersion\\\\Winlogon\\\\Userinit\" OR TargetObject=\"HKLM\\\\SOFTWARE\\\\WOW6432Node\\\\Microsoft\\\\Windows NT\\\\CurrentVersion\\\\Winlogon\\\\Shell\" OR TargetObject=\"HKCU\\\\Software\\\\Microsoft\\\\Windows NT\\\\CurrentVersion\\\\Winlogon*\" | table host Image process_exec vendor_product TimeCreated ProcessId TargetObject Computer Details object_path UtcTime EventChannel Computer",
                    "exec_mode": "",
                    "auto_cancel": "",
                    "latest_time": "",
                    "earliest_time": "",
                    "additional_search_args": "{\"A\":\"B\"}"
                },
                "version": "1.5.0",
                "connector": "splunk",
                "operation": "invoke_search",
                "operationTitle": "Invoke Search",
                "step_variables": []
            },
            "status": null,
            "top": "220",
            "left": "960",
            "stepType": "\/api\/3\/workflow_step_types\/0bfed618-0316-11e7-93ae-92361f002671",
            "uuid": "fe7a586a-3342-428f-8c5b-ac5b00d96a9c",
            "id": 4487
        },
        {
            "@type": "WorkflowStep",
            "name": "Elastic Query for abnormal processes spawned by Winlogon",
            "description": null,
            "arguments": {
                "name": "ElasticSearch",
                "config": "8d03a01d-1cef-40a8-992a-63d8de2b339f",
                "params": {
                    "index": "logstash-beats-*",
                    "query": "event_type:sysmon AND event_id:1 AND @timestamp:{ {{vars.elasticHuntStart}} TO {{vars.elasticHuntEnd}} } AND  parent_image_path:\"C:\\\\Windows\\\\System32\\\\winlogon.exe\" NOT (image_path:\"C:\\\\Windows\\\\System32\\\\*\" OR image_path:\"C:\\\\Windows\\\\SysWOW64\\\\*\")",
                    "run_as_user": ""
                },
                "version": "2.2.0",
                "connector": "elasticsearch",
                "operation": "execute_lucene_query",
                "operationTitle": "Execute Lucene Query",
                "step_variables": []
            },
            "status": null,
            "top": "509",
            "left": "960",
            "stepType": "\/api\/3\/workflow_step_types\/0bfed618-0316-11e7-93ae-92361f002671",
            "uuid": "efdfe903-0883-433d-86bd-53dfb1a0706e",
            "id": 4488
        },
        {
            "@type": "WorkflowStep",
            "name": "Query for abnormal processes spawned by Winlogon",
            "description": null,
            "arguments": {
                "name": "Splunk",
                "config": "9ab494b3-68d1-424f-9f76-0693bd787483",
                "params": {
                    "query": "index=sysmon EventCode=1 {{vars.splunkHuntStart}} {{vars.splunkHuntEnd}} ParentImage=\"C:\\\\Windows\\\\System32\\\\winlogon.exe\" Image!=\"C:\\\\Windows\\\\System32\\\\*\" Image!=\"C:\\\\Windows\\\\SysWOW64\\\\*\" | table host Image MD5 ParentImage User CommandLine process_exec vendor_product TimeCreated ParentProcessId ProcessId ParentCommandLine ProcessGuid UtcTime EventChannel Computer",
                    "exec_mode": "",
                    "auto_cancel": "",
                    "latest_time": "",
                    "earliest_time": "",
                    "additional_search_args": "{\"A\":\"B\"}"
                },
                "version": "1.5.0",
                "connector": "splunk",
                "operation": "invoke_search",
                "operationTitle": "Invoke Search",
                "step_variables": []
            },
            "status": null,
            "top": "320",
            "left": "960",
            "stepType": "\/api\/3\/workflow_step_types\/0bfed618-0316-11e7-93ae-92361f002671",
            "uuid": "28603f33-ee0c-47a1-a010-995445ed27e5",
            "id": 4489
        },
        {
            "@type": "WorkflowStep",
            "name": "Copy  of Deduplicate comments",
            "description": null,
            "arguments": {
                "arguments": {
                    "hunt_iri": "{{vars.input.records[0]['@id']}}"
                },
                "step_variables": [],
                "workflowReference": "\/api\/3\/workflows\/3fd311be-a1c6-41c7-99a3-8794b33d8f8a"
            },
            "status": null,
            "top": "460",
            "left": "1531",
            "stepType": "\/api\/3\/workflow_step_types\/74932bdc-b8b6-4d24-88c4-1a4dfbc524f3",
            "uuid": "025b7fd3-b7d5-4ef9-b318-a7c215c2b92c",
            "id": 4490
        },
        {
            "@type": "WorkflowStep",
            "name": "Create and Link Alert",
            "description": null,
            "arguments": {
                "for_each": {
                    "item": "{{vars.steps.Retrieve_query_results.data.results}}",
                    "condition": ""
                },
                "arguments": {
                    "MD5": "{{vars.item.MD5}}",
                    "url": "",
                    "source": "{{vars.item.EventChannel}}",
                    "comment": "SIEM query indicated winlogon.exe spawned {{vars.item.process_exec}} on {{vars.item.host}} at {{vars.item.UtcTime}}.",
                    "huntIRI": "{{vars.input.records[0]['@id']}}",
                    "service": "",
                    "filePath": "{{vars.item.Image}}",
                    "hostName": "{{vars.item.host}}",
                    "sourceIP": "null",
                    "userName": "{{vars.item.User}}",
                    "alertName": "ATT&CK-Winlogon Helper DLL-{{vars.item.process_exec}} executed by Winlogon",
                    "epochTime": "{{ arrow.get(vars.item.UtcTime).timestamp }}",
                    "eventName": "",
                    "eventTime": "{{vars.item.UtcTime}}",
                    "processID": "{{vars.item.ProcessId}}",
                    "technique": "Winlogon Helper DLL (Child Process)",
                    "sourceData": "{{vars.item}}",
                    "sourceTool": "{{vars.item.vendor_product}}",
                    "commandline": "{{vars.item.CommandLine}}",
                    "description": "Winlogon.exe spawned an abnormal child process. This is unusual behavior in most networks and could be used by an adversary to achieve persistence. The process spawned by winlogon.exe should be evaluated to determine its legitimacy.",
                    "processGUID": "{{vars.item.ProcessGuid}}",
                    "processName": "{{vars.item.process_exec}}",
                    "registryKey": "",
                    "sourceImage": "",
                    "targetImage": "",
                    "computerName": "{{vars.item.Computer}}",
                    "destinationIP": "null",
                    "mitre_tech_id": "T1004",
                    "parentProcess": "{{vars.item.ParentImage}}",
                    "scheduledTask": "",
                    "bitstransferid": "",
                    "parentProcessID": "{{vars.item.ParentProcessId}}",
                    "bytestransferred": "",
                    "registryKeyValue": "",
                    "parentCommandLine": "{{vars.item.ParentCommandLine}}",
                    "decodedCommandLine": ""
                },
                "apply_async": false,
                "step_variables": [],
                "workflowReference": "\/api\/3\/workflows\/bf7d418b-7ff3-44c1-b473-90d0a03c4641"
            },
            "status": null,
            "top": "320",
            "left": "1520",
            "stepType": "\/api\/3\/workflow_step_types\/74932bdc-b8b6-4d24-88c4-1a4dfbc524f3",
            "uuid": "f03adad6-5b85-4cc8-86c3-7b5ed7e8cb21",
            "id": 4491
        },
        {
            "@type": "WorkflowStep",
            "name": "Retrieve query results",
            "description": null,
            "arguments": {
                "name": "Splunk",
                "config": "9ab494b3-68d1-424f-9f76-0693bd787483",
                "params": {
                    "sid": "{'value':\"{{vars.steps.Query_for_abnormal_processes_spawned_by_Winlogon.data.sid}}\"}",
                    "additional_args": "{\"A\":\"B\"}"
                },
                "version": "1.4.0",
                "do_until": {
                    "delay": "1",
                    "retries": "300",
                    "condition": "{{\"results\" in vars.result.data}}"
                },
                "connector": "splunk",
                "operation": "get_results",
                "operationTitle": "Get Results for a Search",
                "step_variables": []
            },
            "status": null,
            "top": "320",
            "left": "1240",
            "stepType": "\/api\/3\/workflow_step_types\/0bfed618-0316-11e7-93ae-92361f002671",
            "uuid": "bcfd9880-5fdf-4a78-b407-e42e975ea0a7",
            "id": 4492
        },
        {
            "@type": "WorkflowStep",
            "name": "Select SIEM",
            "description": null,
            "arguments": {
                "conditions": [
                    {
                        "option": "Splunk",
                        "step_iri": "\/api\/3\/workflow_steps\/6f053422-f607-495d-9353-7d62996b5758",
                        "condition": "{{ vars.input.params.siem.itemValue == \"Splunk\" }}"
                    },
                    {
                        "option": "Elasticsearch",
                        "step_iri": "\/api\/3\/workflow_steps\/551f1736-874a-4671-b6d2-ab5f0d74ca30",
                        "condition": "{{ vars.input.params.siem.itemValue == \"Elastic\" }}"
                    }
                ]
            },
            "status": null,
            "top": "369",
            "left": "300",
            "stepType": "\/api\/3\/workflow_step_types\/12254cf5-5db7-4b1a-8cb1-3af081924b28",
            "uuid": "6e07162f-57c1-4d9b-8fa6-3d0934b3ce36",
            "id": 4493
        },
        {
            "@type": "WorkflowStep",
            "name": "Elastic2 Create and Link Alert",
            "description": null,
            "arguments": {
                "for_each": {
                    "item": "{{vars.steps.Elastic_Query_for_abnormal_processes_spawned_by_Winlogon.data.hits.hits}}",
                    "condition": ""
                },
                "arguments": {
                    "MD5": "{{vars.item._source.event_data.Hashes.split(\"MD5=\")[1].split(',')[0]}}",
                    "url": "",
                    "source": "{{vars.item._source.source_name}}",
                    "comment": "SIEM query identified {{vars.item._source.image_path.split(\"\\\\\")[-1] }} spawned by Winlogon at {{vars.item._source.event_data.UtcTime}}",
                    "huntIRI": "{{vars.input.records[0]['@id']}}",
                    "service": "",
                    "filePath": "{{vars.item._source.image_path}}",
                    "hostName": "{{vars.item._source.beat.hostname}}",
                    "sourceIP": "",
                    "userName": "{{vars.item._source.username}}",
                    "alertName": "ATT&CK-Winlogon Helper DLL (Child Process)-{{vars.item._source.image_path.split(\"\\\\\")[-1] }}",
                    "epochTime": "{{ arrow.get(vars.item._source.event_data.UtcTime).timestamp }}",
                    "eventName": "",
                    "eventTime": "{{vars.item._source.event_data.UtcTime}}",
                    "processID": "{{vars.item._source.event_data.ProcessId}}",
                    "technique": "Winlogon Helper DLL (Child Process)",
                    "sourceData": "{{vars.item}}",
                    "sourceTool": "{{vars.item._source.source_name}}",
                    "commandline": "{{vars.item._source.event_data.CommandLine}}",
                    "description": "Winlogon.exe spawned an abnormal child process. This is unusual behavior in most networks and could be used by an adversary to achieve persistence. The process spawned by winlogon.exe should be evaluated to determine its legitimacy.",
                    "processGUID": "{{vars.item._source.event_data.ProcessGuid}}",
                    "processName": "{{vars.item._source.image_path.split(\"\\\\\")[-1] }}",
                    "registryKey": "",
                    "sourceImage": "",
                    "targetImage": "",
                    "computerName": "{{vars.item._source.computer_name}}",
                    "destinationIP": "",
                    "mitre_tech_id": "T1004",
                    "parentProcess": "{{vars.item._source.parent_image_path}}",
                    "scheduledTask": "",
                    "bitstransferid": "",
                    "parentProcessID": "{{vars.item._source.event_data.ParentProcessId}}",
                    "bytestransferred": "",
                    "registryKeyValue": "",
                    "parentCommandLine": "{{vars.item._source.event_data.ParentCommandLine}}",
                    "decodedCommandLine": ""
                },
                "apply_async": false,
                "step_variables": [],
                "workflowReference": "\/api\/3\/workflows\/bf7d418b-7ff3-44c1-b473-90d0a03c4641"
            },
            "status": null,
            "top": "509",
            "left": "1240",
            "stepType": "\/api\/3\/workflow_step_types\/74932bdc-b8b6-4d24-88c4-1a4dfbc524f3",
            "uuid": "ce8f01be-25ed-4cab-a41a-4e4c72093394",
            "id": 4494
        },
        {
            "@type": "WorkflowStep",
            "name": "Copy of Create and Link Alert",
            "description": null,
            "arguments": {
                "for_each": {
                    "item": "{{vars.steps.Retrieve_key_modification_query_results.data.results}}",
                    "condition": ""
                },
                "arguments": {
                    "MD5": "",
                    "url": "",
                    "source": "{{vars.item.EventChannel}}",
                    "comment": "SIEM query indicated Winlogon helper DLL key value {{vars.item.Details}} was added to key {{vars.item.TargetObject}} on {{vars.item.host}} at {{vars.item.UtcTime}}.",
                    "huntIRI": "{{vars.input.records[0]['@id']}}",
                    "service": "",
                    "filePath": "",
                    "hostName": "{{vars.item.host}}",
                    "sourceIP": "null",
                    "userName": "",
                    "alertName": "ATT&CK-Winlogon Helper DLL-{{vars.item.process_exec}} was used to change a Winlogon Registry key",
                    "epochTime": "{{ arrow.get(vars.item.UtcTime).timestamp }}",
                    "eventName": "",
                    "eventTime": "{{vars.item.UtcTime}}",
                    "processID": "{{vars.item.ProcessId}}",
                    "technique": "Winlogon Helper DLL (Key Add\/Mod)",
                    "sourceData": "{{vars.item}}",
                    "sourceTool": "{{vars.item.vendor_product}}",
                    "commandline": "{{vars.item.Details}}",
                    "description": "A Winlogon DLL helper registry key was modified\/added. This is potentially unusual behavior in most networks and could be used by an adversary to achieve persistence. The added\/modified registry key value should be evaluated to determine its legitimacy.",
                    "processGUID": "{{vars.item.ProcessGuid}}",
                    "processName": "{{vars.item.process_exec}}",
                    "registryKey": "{{vars.item.TargetObject}}",
                    "sourceImage": "",
                    "targetImage": "",
                    "computerName": "{{vars.item.Computer}}",
                    "destinationIP": "null",
                    "mitre_tech_id": "T1004",
                    "parentProcess": "",
                    "scheduledTask": "",
                    "bitstransferid": "",
                    "parentProcessID": "",
                    "bytestransferred": "",
                    "registryKeyValue": "",
                    "parentCommandLine": "",
                    "decodedCommandLine": ""
                },
                "apply_async": false,
                "step_variables": [],
                "workflowReference": "\/api\/3\/workflows\/bf7d418b-7ff3-44c1-b473-90d0a03c4641"
            },
            "status": null,
            "top": "220",
            "left": "1520",
            "stepType": "\/api\/3\/workflow_step_types\/74932bdc-b8b6-4d24-88c4-1a4dfbc524f3",
            "uuid": "ff504859-fc18-462c-b047-60edacfc69e2",
            "id": 4495
        },
        {
            "@type": "WorkflowStep",
            "name": "Elastic1 Create and Link Alert",
            "description": null,
            "arguments": {
                "for_each": {
                    "item": "{{vars.steps.Elastic_Query_for_Winlogon_helper_DLL_registry_key_modification.data.hits.hits}}",
                    "condition": ""
                },
                "arguments": {
                    "MD5": "",
                    "url": "",
                    "source": "{{vars.item._source.source_name}}",
                    "comment": "SIEM query indicated Winlogon helper DLL key value {{vars.item._source.event_data.Details}} was added to key {{vars.item._source.event_data.TargetObject}} on {{vars.item._source.beat.hostname}} at {{vars.item._source.event_data.UtcTime}}.",
                    "huntIRI": "{{vars.input.records[0]['@id']}}",
                    "service": "",
                    "filePath": "{{vars.item._source.image_path}}",
                    "hostName": "{{vars.item._source.beat.hostname}}",
                    "sourceIP": "",
                    "userName": "{{vars.item._source.username}}",
                    "alertName": "ATT&CK-Winlogon Helper DLL-Winlogon Registry Key value modified to {{vars.item._source.event_data.Details}}",
                    "epochTime": "{{ arrow.get(vars.item._source.event_data.UtcTime).timestamp }}",
                    "eventName": "",
                    "eventTime": "{{vars.item._source.event_data.UtcTime}}",
                    "processID": "{{vars.item._source.event_data.ProcessId}}",
                    "technique": "Winlogon Helper DLL (Key Add\/Mod)",
                    "sourceData": "{{vars.item}}",
                    "sourceTool": "{{vars.item._source.source_name}}",
                    "commandline": "{{vars.item._source.event_data.CommandLine}}",
                    "description": "A Winlogon DLL helper registry key was modified\/added. This is potentially unusual behavior in most networks and could be used by an adversary to achieve persistence. The added\/modified registry key value should be evaluated to determine its legitimacy.",
                    "processGUID": "{{vars.item._source.event_data.ProcessGuid}}",
                    "processName": "{{vars.item._source.image_path.split(\"\\\\\")[-1] }}",
                    "registryKey": "{{vars.item._source.event_data.TargetObject}}",
                    "sourceImage": "",
                    "targetImage": "",
                    "computerName": "{{vars.item._source.computer_name}}",
                    "destinationIP": "",
                    "mitre_tech_id": "T1004",
                    "parentProcess": "{{vars.item._source.parent_image_path}}",
                    "scheduledTask": "",
                    "bitstransferid": "",
                    "parentProcessID": "{{vars.item._source.event_data.ParentProcessId}}",
                    "bytestransferred": "",
                    "registryKeyValue": "{{vars.item._source.event_data.Details}}",
                    "parentCommandLine": "{{vars.item._source.event_data.ParentCommandLine}}",
                    "decodedCommandLine": ""
                },
                "apply_async": false,
                "step_variables": [],
                "workflowReference": "\/api\/3\/workflows\/bf7d418b-7ff3-44c1-b473-90d0a03c4641"
            },
            "status": null,
            "top": "420",
            "left": "1240",
            "stepType": "\/api\/3\/workflow_step_types\/74932bdc-b8b6-4d24-88c4-1a4dfbc524f3",
            "uuid": "aa441fa7-b4e1-4f70-91cc-863a23434763",
            "id": 4496
        },
        {
            "@type": "WorkflowStep",
            "name": "Elastic Query for Winlogon helper DLL registry key modification",
            "description": null,
            "arguments": {
                "name": "ElasticSearch",
                "config": "8d03a01d-1cef-40a8-992a-63d8de2b339f",
                "params": {
                    "index": "logstash-beats-*",
                    "query": "event_type:sysmon AND event_id:13 AND @timestamp:{ {{vars.elasticHuntStart}} TO {{vars.elasticHuntEnd}} } AND (event_data.TargetObject:\"HKLM\\\\SOFTWARE\\\\Microsoft\\\\Windows NT\\\\CurrentVersion\\\\Winlogon\\\\Shell\" OR event_data.TargetObject:\"HKLM\\\\SOFTWARE\\\\Microsoft\\\\Windows NT\\\\CurrentVersion\\\\Winlogon\\\\Userinit\" OR event_data.TargetObject:\"HKLM\\\\SOFTWARE\\\\Microsoft\\\\Windows NT\\\\CurrentVersion\\\\Winlogon\\\\Notify\" OR event_data.TargetObject:\"HKLM\\\\SOFTWARE\\\\WOW6432Node\\\\Microsoft\\\\Windows NT\\\\CurrentVersion\\\\Winlogon\\\\Userinit\" OR event_data.TargetObject:\"HKLM\\\\SOFTWARE\\\\WOW6432Node\\\\Microsoft\\\\Windows NT\\\\CurrentVersion\\\\Winlogon\\\\Shell\" OR event_data.TargetObject:\"HKCU\\\\Software\\\\Microsoft\\\\Windows NT\\\\CurrentVersion\\\\Winlogon\")",
                    "run_as_user": ""
                },
                "version": "2.2.0",
                "connector": "elasticsearch",
                "operation": "execute_lucene_query",
                "operationTitle": "Execute Lucene Query",
                "step_variables": []
            },
            "status": null,
            "top": "420",
            "left": "960",
            "stepType": "\/api\/3\/workflow_step_types\/0bfed618-0316-11e7-93ae-92361f002671",
            "uuid": "46651cdf-0de2-41c7-b787-16c7c97b4597",
            "id": 4497
        }
    ],
    "routes": [
        {
            "@type": "WorkflowRoute",
            "name": "Query for use of attrib to hide files -> Copy  of Query for use of attrib to hide files",
            "targetStep": "\/api\/3\/workflow_steps\/bcfd9880-5fdf-4a78-b407-e42e975ea0a7",
            "sourceStep": "\/api\/3\/workflow_steps\/28603f33-ee0c-47a1-a010-995445ed27e5",
            "label": null,
            "isExecuted": false,
            "uuid": "d1b5b0f2-eddb-4830-89c2-ff9f14025b02"
        },
        {
            "@type": "WorkflowRoute",
            "name": "Elastic1 Create and Link Alert -> Copy  of Deduplicate comments",
            "targetStep": "\/api\/3\/workflow_steps\/025b7fd3-b7d5-4ef9-b318-a7c215c2b92c",
            "sourceStep": "\/api\/3\/workflow_steps\/aa441fa7-b4e1-4f70-91cc-863a23434763",
            "label": null,
            "isExecuted": false,
            "uuid": "6d898992-edd7-4ee1-b7a6-e2e7673b22c4"
        },
        {
            "@type": "WorkflowRoute",
            "name": "Select SIEM -> Set Elasticsearch hunt times",
            "targetStep": "\/api\/3\/workflow_steps\/551f1736-874a-4671-b6d2-ab5f0d74ca30",
            "sourceStep": "\/api\/3\/workflow_steps\/6e07162f-57c1-4d9b-8fa6-3d0934b3ce36",
            "label": "Elasticsearch",
            "isExecuted": false,
            "uuid": "62e29417-6e1b-4720-8220-0bfba03cb9c5"
        },
        {
            "@type": "WorkflowRoute",
            "name": "Retrieve key modification query results -> Copy  of Create and Link Alert",
            "targetStep": "\/api\/3\/workflow_steps\/ff504859-fc18-462c-b047-60edacfc69e2",
            "sourceStep": "\/api\/3\/workflow_steps\/82f5150d-682a-4395-b206-41b7a667e9f4",
            "label": null,
            "isExecuted": false,
            "uuid": "29b88b84-ad1e-406c-8d4c-cea8253430f0"
        },
        {
            "@type": "WorkflowRoute",
            "name": "Copy  of Create and Link Alert -> Deduplicate comments",
            "targetStep": "\/api\/3\/workflow_steps\/69e269a0-d9bf-4f16-913f-ee7c4b099163",
            "sourceStep": "\/api\/3\/workflow_steps\/ff504859-fc18-462c-b047-60edacfc69e2",
            "label": null,
            "isExecuted": false,
            "uuid": "e4649abe-ded7-4ce5-8b39-033eb5f89b5d"
        },
        {
            "@type": "WorkflowRoute",
            "name": "Set Elasticsearch hunt times -> Elastic Query for abnormal processes spawned by Winlogon",
            "targetStep": "\/api\/3\/workflow_steps\/efdfe903-0883-433d-86bd-53dfb1a0706e",
            "sourceStep": "\/api\/3\/workflow_steps\/551f1736-874a-4671-b6d2-ab5f0d74ca30",
            "label": null,
            "isExecuted": false,
            "uuid": "1528d62c-b0c8-4fa5-81b8-f319379a2676"
        },
        {
            "@type": "WorkflowRoute",
            "name": "Start -> Select SIEM",
            "targetStep": "\/api\/3\/workflow_steps\/6e07162f-57c1-4d9b-8fa6-3d0934b3ce36",
            "sourceStep": "\/api\/3\/workflow_steps\/265a8018-e49b-4312-95c5-f8c6753a4d48",
            "label": null,
            "isExecuted": false,
            "uuid": "aef1454e-ccb6-4b80-bfcb-a1b41182f77f"
        },
        {
            "@type": "WorkflowRoute",
            "name": "Set Splunk hunt times -> Query for abnormal processes spawned by Winlogon",
            "targetStep": "\/api\/3\/workflow_steps\/28603f33-ee0c-47a1-a010-995445ed27e5",
            "sourceStep": "\/api\/3\/workflow_steps\/6f053422-f607-495d-9353-7d62996b5758",
            "label": null,
            "isExecuted": false,
            "uuid": "f1961913-3554-405b-8785-4950146ebeed"
        },
        {
            "@type": "WorkflowRoute",
            "name": "Retrieve query results -> Create and Link Alert",
            "targetStep": "\/api\/3\/workflow_steps\/f03adad6-5b85-4cc8-86c3-7b5ed7e8cb21",
            "sourceStep": "\/api\/3\/workflow_steps\/bcfd9880-5fdf-4a78-b407-e42e975ea0a7",
            "label": null,
            "isExecuted": false,
            "uuid": "75101061-4a27-48c6-8dcc-4e2cceeeeaa6"
        },
        {
            "@type": "WorkflowRoute",
            "name": "Create and Link Alert -> Deduplicate comments",
            "targetStep": "\/api\/3\/workflow_steps\/69e269a0-d9bf-4f16-913f-ee7c4b099163",
            "sourceStep": "\/api\/3\/workflow_steps\/f03adad6-5b85-4cc8-86c3-7b5ed7e8cb21",
            "label": null,
            "isExecuted": false,
            "uuid": "88d9934d-9539-4c86-abc1-79b7c74c586f"
        },
        {
            "@type": "WorkflowRoute",
            "name": "Set Splunk hunt times -> Query for Winlogon helper DLL registry key modification",
            "targetStep": "\/api\/3\/workflow_steps\/fe7a586a-3342-428f-8c5b-ac5b00d96a9c",
            "sourceStep": "\/api\/3\/workflow_steps\/6f053422-f607-495d-9353-7d62996b5758",
            "label": null,
            "isExecuted": false,
            "uuid": "43417d61-ad10-411a-801b-f5a21deabc37"
        },
        {
            "@type": "WorkflowRoute",
            "name": "Elastic2 Create and Link Alert -> Copy  of Deduplicate comments",
            "targetStep": "\/api\/3\/workflow_steps\/025b7fd3-b7d5-4ef9-b318-a7c215c2b92c",
            "sourceStep": "\/api\/3\/workflow_steps\/ce8f01be-25ed-4cab-a41a-4e4c72093394",
            "label": null,
            "isExecuted": false,
            "uuid": "74ba6273-9a1b-41c4-8324-768736488ca6"
        },
        {
            "@type": "WorkflowRoute",
            "name": "Select SIEM -> Set Splunk hunt times",
            "targetStep": "\/api\/3\/workflow_steps\/6f053422-f607-495d-9353-7d62996b5758",
            "sourceStep": "\/api\/3\/workflow_steps\/6e07162f-57c1-4d9b-8fa6-3d0934b3ce36",
            "label": "Splunk",
            "isExecuted": false,
            "uuid": "bbe20f7b-bfb6-4f67-be7c-f8016d42e479"
        },
        {
            "@type": "WorkflowRoute",
            "name": "Set Elasticsearch hunt times -> Elastic Query for Winlogon helper DLL registry key modification",
            "targetStep": "\/api\/3\/workflow_steps\/46651cdf-0de2-41c7-b787-16c7c97b4597",
            "sourceStep": "\/api\/3\/workflow_steps\/551f1736-874a-4671-b6d2-ab5f0d74ca30",
            "label": null,
            "isExecuted": false,
            "uuid": "71c33ff4-82a4-417f-8ca9-6e59f47217c7"
        },
        {
            "@type": "WorkflowRoute",
            "name": "Elastic Query for abnormal processes spawned by Winlogon -> Copy  of Elastic1 Create and Link Alert",
            "targetStep": "\/api\/3\/workflow_steps\/ce8f01be-25ed-4cab-a41a-4e4c72093394",
            "sourceStep": "\/api\/3\/workflow_steps\/efdfe903-0883-433d-86bd-53dfb1a0706e",
            "label": null,
            "isExecuted": false,
            "uuid": "efc11ea8-ee76-4bb0-b659-78e981d0338b"
        },
        {
            "@type": "WorkflowRoute",
            "name": "Elastic Query for Winlogon helper DLL registry key modification -> Copy  of Copy  of Create and Link Alert",
            "targetStep": "\/api\/3\/workflow_steps\/aa441fa7-b4e1-4f70-91cc-863a23434763",
            "sourceStep": "\/api\/3\/workflow_steps\/46651cdf-0de2-41c7-b787-16c7c97b4597",
            "label": null,
            "isExecuted": false,
            "uuid": "520bf643-720d-473b-a5eb-1fb10ec510d8"
        },
        {
            "@type": "WorkflowRoute",
            "name": "Query for Netsh helper DLL registry key modification -> Copy  of Retrieve key creation query results",
            "targetStep": "\/api\/3\/workflow_steps\/82f5150d-682a-4395-b206-41b7a667e9f4",
            "sourceStep": "\/api\/3\/workflow_steps\/fe7a586a-3342-428f-8c5b-ac5b00d96a9c",
            "label": null,
            "isExecuted": false,
            "uuid": "3039219b-5d90-4c6c-936d-d32e5370adf2"
        }
    ],
    "priority": null,
    "uuid": "99ed0cfe-3182-42ef-b293-7bc857fe5a0c",
    "recordTags": [],
    "id": 1172,
    "createUser": "\/api\/3\/people\/3451141c-bac6-467c-8d72-85e0fab569ce",
    "createDate": 1633085063,
    "modifyUser": "\/api\/3\/people\/3451141c-bac6-467c-8d72-85e0fab569ce",
    "modifyDate": 1633085063,
    "owners": [],
    "isPrivate": false
}