{
    "@context": "\/api\/3\/contexts\/Role",
    "@id": "\/api\/3\/roles\/21d7a7c6-9d68-438f-b732-e8950c5f745b",
    "@type": "Role",
    "description": "Essentially the root user, use carefully",
    "name": "Full App Permissions",
    "modulePermissions": [
        {
            "@id": "\/api\/3\/module_permissions\/07d37612-01bf-3eec-b249-41c20d756144",
            "@type": "ModulePermission",
            "canCreate": false,
            "canExecute": false,
            "canRead": true,
            "canUpdate": false,
            "canDelete": false,
            "fieldPermissions": [],
            "module": "security",
            "uuid": "07d37612-01bf-3eec-b249-41c20d756144"
        },
        {
            "@id": "\/api\/3\/module_permissions\/695ecef7-526e-301e-86cb-bd33b16a22b2",
            "@type": "ModulePermission",
            "canCreate": false,
            "canExecute": false,
            "canRead": true,
            "canUpdate": false,
            "canDelete": false,
            "fieldPermissions": [],
            "module": "application",
            "uuid": "695ecef7-526e-301e-86cb-bd33b16a22b2"
        },
        {
            "@id": "\/api\/3\/module_permissions\/26003baf-7512-3f82-b6d7-136a6b5f6df6",
            "@type": "ModulePermission",
            "canCreate": true,
            "canExecute": true,
            "canRead": true,
            "canUpdate": true,
            "canDelete": true,
            "fieldPermissions": [],
            "module": "workflows",
            "uuid": "26003baf-7512-3f82-b6d7-136a6b5f6df6"
        },
        {
            "@id": "\/api\/3\/module_permissions\/48c756d4-8a13-351f-8651-7c6882417d9a",
            "@type": "ModulePermission",
            "canCreate": true,
            "canExecute": false,
            "canRead": true,
            "canUpdate": true,
            "canDelete": true,
            "fieldPermissions": [],
            "module": "rules",
            "uuid": "48c756d4-8a13-351f-8651-7c6882417d9a"
        },
        {
            "@id": "\/api\/3\/module_permissions\/d6129dec-8823-3304-8dfe-819118073d1f",
            "@type": "ModulePermission",
            "canCreate": true,
            "canExecute": false,
            "canRead": true,
            "canUpdate": true,
            "canDelete": true,
            "fieldPermissions": [],
            "module": "files",
            "uuid": "d6129dec-8823-3304-8dfe-819118073d1f"
        },
        {
            "@id": "\/api\/3\/module_permissions\/7dd2887f-ea95-394d-a447-238dfba473d3",
            "@type": "ModulePermission",
            "canCreate": true,
            "canExecute": false,
            "canRead": true,
            "canUpdate": true,
            "canDelete": false,
            "fieldPermissions": [],
            "module": "activities",
            "uuid": "7dd2887f-ea95-394d-a447-238dfba473d3"
        },
        {
            "@id": "\/api\/3\/module_permissions\/79d6f9f4-ba69-3d78-b6bd-9d8a5533f328",
            "@type": "ModulePermission",
            "canCreate": true,
            "canExecute": false,
            "canRead": true,
            "canUpdate": true,
            "canDelete": true,
            "fieldPermissions": [],
            "module": "reporting",
            "uuid": "79d6f9f4-ba69-3d78-b6bd-9d8a5533f328"
        },
        {
            "@id": "\/api\/3\/module_permissions\/d2f3ecae-ed18-310b-ac1d-eaa8a7479a25",
            "@type": "ModulePermission",
            "canCreate": true,
            "canExecute": false,
            "canRead": true,
            "canUpdate": true,
            "canDelete": true,
            "fieldPermissions": [],
            "module": "dashboard",
            "uuid": "d2f3ecae-ed18-310b-ac1d-eaa8a7479a25"
        },
        {
            "@id": "\/api\/3\/module_permissions\/c34e0eba-f88b-359f-89a1-6664d99761fc",
            "@type": "ModulePermission",
            "canCreate": true,
            "canExecute": true,
            "canRead": true,
            "canUpdate": true,
            "canDelete": true,
            "fieldPermissions": [],
            "module": "connectors",
            "uuid": "c34e0eba-f88b-359f-89a1-6664d99761fc"
        },
        {
            "@id": "\/api\/3\/module_permissions\/49800097-23a8-3743-b582-250a5f05078b",
            "@type": "ModulePermission",
            "canCreate": true,
            "canExecute": false,
            "canRead": true,
            "canUpdate": true,
            "canDelete": true,
            "fieldPermissions": [],
            "module": "alerts",
            "uuid": "49800097-23a8-3743-b582-250a5f05078b"
        },
        {
            "@id": "\/api\/3\/module_permissions\/b5cd948c-c337-3510-8d07-36a8f66116db",
            "@type": "ModulePermission",
            "canCreate": true,
            "canExecute": false,
            "canRead": true,
            "canUpdate": true,
            "canDelete": true,
            "fieldPermissions": [],
            "module": "appliances",
            "uuid": "b5cd948c-c337-3510-8d07-36a8f66116db"
        },
        {
            "@id": "\/api\/3\/module_permissions\/7479197d-fc37-3b0c-b92f-0d7d275cb495",
            "@type": "ModulePermission",
            "canCreate": true,
            "canExecute": false,
            "canRead": true,
            "canUpdate": true,
            "canDelete": true,
            "fieldPermissions": [],
            "module": "assets",
            "uuid": "7479197d-fc37-3b0c-b92f-0d7d275cb495"
        },
        {
            "@id": "\/api\/3\/module_permissions\/46782967-4c25-3340-9fa4-337a347ef273",
            "@type": "ModulePermission",
            "canCreate": true,
            "canExecute": false,
            "canRead": true,
            "canUpdate": true,
            "canDelete": true,
            "fieldPermissions": [],
            "module": "attachments",
            "uuid": "46782967-4c25-3340-9fa4-337a347ef273"
        },
        {
            "@id": "\/api\/3\/module_permissions\/17042d70-d358-35c3-99fe-42b25ea14418",
            "@type": "ModulePermission",
            "canCreate": true,
            "canExecute": false,
            "canRead": true,
            "canUpdate": true,
            "canDelete": true,
            "fieldPermissions": [],
            "module": "comments",
            "uuid": "17042d70-d358-35c3-99fe-42b25ea14418"
        },
        {
            "@id": "\/api\/3\/module_permissions\/a75bd992-bfc5-3f74-9828-460a150aef7a",
            "@type": "ModulePermission",
            "canCreate": true,
            "canExecute": false,
            "canRead": true,
            "canUpdate": true,
            "canDelete": true,
            "fieldPermissions": [],
            "module": "companies",
            "uuid": "a75bd992-bfc5-3f74-9828-460a150aef7a"
        },
        {
            "@id": "\/api\/3\/module_permissions\/6089398b-4b76-3176-b2aa-b8c3e71e2113",
            "@type": "ModulePermission",
            "canCreate": true,
            "canExecute": false,
            "canRead": true,
            "canUpdate": true,
            "canDelete": true,
            "fieldPermissions": [],
            "module": "events",
            "uuid": "6089398b-4b76-3176-b2aa-b8c3e71e2113"
        },
        {
            "@id": "\/api\/3\/module_permissions\/75a5d974-1df3-3dd2-8a11-628c80292777",
            "@type": "ModulePermission",
            "canCreate": true,
            "canExecute": false,
            "canRead": true,
            "canUpdate": true,
            "canDelete": true,
            "fieldPermissions": [],
            "module": "incidents",
            "uuid": "75a5d974-1df3-3dd2-8a11-628c80292777"
        },
        {
            "@id": "\/api\/3\/module_permissions\/894f2385-95b9-34dd-b03d-cb65477960d4",
            "@type": "ModulePermission",
            "canCreate": true,
            "canExecute": false,
            "canRead": true,
            "canUpdate": true,
            "canDelete": true,
            "fieldPermissions": [],
            "module": "indicators",
            "uuid": "894f2385-95b9-34dd-b03d-cb65477960d4"
        },
        {
            "@id": "\/api\/3\/module_permissions\/978cf99d-8755-3536-b4f0-7d905ae1efdd",
            "@type": "ModulePermission",
            "canCreate": true,
            "canExecute": false,
            "canRead": true,
            "canUpdate": true,
            "canDelete": true,
            "fieldPermissions": [],
            "module": "notes",
            "uuid": "978cf99d-8755-3536-b4f0-7d905ae1efdd"
        },
        {
            "@id": "\/api\/3\/module_permissions\/e49488fc-efcc-397e-9c1c-2035f3dd1fb7",
            "@type": "ModulePermission",
            "canCreate": true,
            "canExecute": false,
            "canRead": true,
            "canUpdate": true,
            "canDelete": true,
            "fieldPermissions": [],
            "module": "people",
            "uuid": "e49488fc-efcc-397e-9c1c-2035f3dd1fb7"
        },
        {
            "@id": "\/api\/3\/module_permissions\/22121623-3631-3e20-9d24-a0907bbd883c",
            "@type": "ModulePermission",
            "canCreate": true,
            "canExecute": false,
            "canRead": true,
            "canUpdate": true,
            "canDelete": true,
            "fieldPermissions": [],
            "module": "scans",
            "uuid": "22121623-3631-3e20-9d24-a0907bbd883c"
        },
        {
            "@id": "\/api\/3\/module_permissions\/aa686f58-76b2-3f0a-9b89-b39ad88eec94",
            "@type": "ModulePermission",
            "canCreate": true,
            "canExecute": false,
            "canRead": true,
            "canUpdate": true,
            "canDelete": true,
            "fieldPermissions": [],
            "module": "system_assigned_queues",
            "uuid": "aa686f58-76b2-3f0a-9b89-b39ad88eec94"
        },
        {
            "@id": "\/api\/3\/module_permissions\/d721a9b5-701f-34b6-8532-0f9ba608fb5f",
            "@type": "ModulePermission",
            "canCreate": true,
            "canExecute": false,
            "canRead": true,
            "canUpdate": true,
            "canDelete": true,
            "fieldPermissions": [],
            "module": "tasks",
            "uuid": "d721a9b5-701f-34b6-8532-0f9ba608fb5f"
        },
        {
            "@id": "\/api\/3\/module_permissions\/3e49cbf0-4336-33f5-8308-0b82aba0e1e5",
            "@type": "ModulePermission",
            "canCreate": true,
            "canExecute": false,
            "canRead": true,
            "canUpdate": true,
            "canDelete": true,
            "fieldPermissions": [],
            "module": "vulnerabilities",
            "uuid": "3e49cbf0-4336-33f5-8308-0b82aba0e1e5"
        },
        {
            "@id": "\/api\/3\/module_permissions\/6f146116-49dc-39d9-9094-95c7ff0a8593",
            "@type": "ModulePermission",
            "canCreate": true,
            "canExecute": false,
            "canRead": true,
            "canUpdate": true,
            "canDelete": true,
            "fieldPermissions": [],
            "module": "emails",
            "uuid": "6f146116-49dc-39d9-9094-95c7ff0a8593"
        },
        {
            "@id": "\/api\/3\/module_permissions\/20daecfa-9091-340c-829c-c8c4c3ad65ef",
            "@type": "ModulePermission",
            "canCreate": true,
            "canExecute": false,
            "canRead": true,
            "canUpdate": true,
            "canDelete": true,
            "fieldPermissions": [],
            "module": "schedules",
            "uuid": "20daecfa-9091-340c-829c-c8c4c3ad65ef"
        },
        {
            "@id": "\/api\/3\/module_permissions\/5607418f-5274-353b-9d91-228430d26bb5",
            "@type": "ModulePermission",
            "canCreate": true,
            "canExecute": false,
            "canRead": true,
            "canUpdate": true,
            "canDelete": true,
            "fieldPermissions": [],
            "module": "approvals",
            "uuid": "5607418f-5274-353b-9d91-228430d26bb5"
        },
        {
            "@id": "\/api\/3\/module_permissions\/46e2128a-e09a-381d-8c7b-f52387009a85",
            "@type": "ModulePermission",
            "canCreate": true,
            "canExecute": false,
            "canRead": true,
            "canUpdate": true,
            "canDelete": true,
            "fieldPermissions": [],
            "module": "routers",
            "uuid": "46e2128a-e09a-381d-8c7b-f52387009a85"
        },
        {
            "@id": "\/api\/3\/module_permissions\/8beb7c9c-125b-3595-aa0d-fbc6569bdb79",
            "@type": "ModulePermission",
            "canCreate": true,
            "canExecute": false,
            "canRead": true,
            "canUpdate": true,
            "canDelete": true,
            "fieldPermissions": [],
            "module": "tenants",
            "uuid": "8beb7c9c-125b-3595-aa0d-fbc6569bdb79"
        },
        {
            "@id": "\/api\/3\/module_permissions\/cd7832dc-c459-3a4d-9585-0fef2a2b1834",
            "@type": "ModulePermission",
            "canCreate": true,
            "canExecute": false,
            "canRead": true,
            "canUpdate": true,
            "canDelete": true,
            "fieldPermissions": [],
            "module": "agents",
            "uuid": "cd7832dc-c459-3a4d-9585-0fef2a2b1834"
        },
        {
            "@id": "\/api\/3\/module_permissions\/9dc61227-ee1c-3468-a83f-8c4c5eaf520d",
            "@type": "ModulePermission",
            "canCreate": true,
            "canExecute": false,
            "canRead": true,
            "canUpdate": true,
            "canDelete": true,
            "fieldPermissions": [],
            "module": "sla_template",
            "uuid": "9dc61227-ee1c-3468-a83f-8c4c5eaf520d"
        },
        {
            "@id": "\/api\/3\/module_permissions\/a6929e71-e76b-366f-bda8-bd7b0d98e8ce",
            "@type": "ModulePermission",
            "canCreate": true,
            "canExecute": false,
            "canRead": true,
            "canUpdate": true,
            "canDelete": true,
            "fieldPermissions": [],
            "module": "saved_reports",
            "uuid": "a6929e71-e76b-366f-bda8-bd7b0d98e8ce"
        },
        {
            "@id": "\/api\/3\/module_permissions\/bc853d9c-53d8-36c7-9925-d7111fe16d13",
            "@type": "ModulePermission",
            "canCreate": true,
            "canExecute": true,
            "canRead": true,
            "canUpdate": true,
            "canDelete": true,
            "fieldPermissions": [],
            "module": "widgets",
            "uuid": "bc853d9c-53d8-36c7-9925-d7111fe16d13"
        },
        {
            "@id": "\/api\/3\/module_permissions\/2e0a4c69-6f42-306a-8e63-76a31bee4736",
            "@type": "ModulePermission",
            "canCreate": true,
            "canExecute": false,
            "canRead": true,
            "canUpdate": true,
            "canDelete": true,
            "fieldPermissions": [],
            "module": "email_templates",
            "uuid": "2e0a4c69-6f42-306a-8e63-76a31bee4736"
        },
        {
            "@id": "\/api\/3\/module_permissions\/f89a1ac4-3edd-330f-bc11-93ac826a2baa",
            "@type": "ModulePermission",
            "canCreate": true,
            "canExecute": true,
            "canRead": true,
            "canUpdate": true,
            "canDelete": true,
            "fieldPermissions": [],
            "module": "announcements",
            "uuid": "f89a1ac4-3edd-330f-bc11-93ac826a2baa"
        },
        {
            "@id": "\/api\/3\/module_permissions\/52c6763c-9603-34b5-9f43-9d50b0bb6178",
            "@type": "ModulePermission",
            "canCreate": true,
            "canExecute": true,
            "canRead": true,
            "canUpdate": true,
            "canDelete": true,
            "fieldPermissions": [],
            "module": "warrooms",
            "uuid": "52c6763c-9603-34b5-9f43-9d50b0bb6178"
        },
        {
            "@id": "\/api\/3\/module_permissions\/9ccbc7ac-09e9-4ae0-83a4-1355fbfb2e35",
            "@type": "ModulePermission",
            "canCreate": false,
            "canExecute": false,
            "canRead": false,
            "canUpdate": false,
            "canDelete": false,
            "fieldPermissions": [],
            "module": "mitre_groups",
            "uuid": "9ccbc7ac-09e9-4ae0-83a4-1355fbfb2e35"
        },
        {
            "@id": "\/api\/3\/module_permissions\/cdd2bbaf-7c7f-4a65-af4f-5c4cf9c0aae8",
            "@type": "ModulePermission",
            "canCreate": false,
            "canExecute": false,
            "canRead": false,
            "canUpdate": false,
            "canDelete": false,
            "fieldPermissions": [],
            "module": "mitre_mitigations",
            "uuid": "cdd2bbaf-7c7f-4a65-af4f-5c4cf9c0aae8"
        },
        {
            "@id": "\/api\/3\/module_permissions\/50156dc8-4a87-40b2-9366-ab6c708a4570",
            "@type": "ModulePermission",
            "canCreate": false,
            "canExecute": false,
            "canRead": false,
            "canUpdate": false,
            "canDelete": false,
            "fieldPermissions": [],
            "module": "mitre_software",
            "uuid": "50156dc8-4a87-40b2-9366-ab6c708a4570"
        },
        {
            "@id": "\/api\/3\/module_permissions\/1df10a72-08e6-4835-bc42-563a805a0468",
            "@type": "ModulePermission",
            "canCreate": false,
            "canExecute": false,
            "canRead": false,
            "canUpdate": false,
            "canDelete": false,
            "fieldPermissions": [],
            "module": "mitre_sub_techniques",
            "uuid": "1df10a72-08e6-4835-bc42-563a805a0468"
        },
        {
            "@id": "\/api\/3\/module_permissions\/a241b21b-6877-4f8b-8685-5e8538e33584",
            "@type": "ModulePermission",
            "canCreate": false,
            "canExecute": false,
            "canRead": false,
            "canUpdate": false,
            "canDelete": false,
            "fieldPermissions": [],
            "module": "mitre_tactics",
            "uuid": "a241b21b-6877-4f8b-8685-5e8538e33584"
        },
        {
            "@id": "\/api\/3\/module_permissions\/131c0ab9-fa2f-4df8-9ead-4894d2c61c8f",
            "@type": "ModulePermission",
            "canCreate": false,
            "canExecute": false,
            "canRead": false,
            "canUpdate": false,
            "canDelete": false,
            "fieldPermissions": [],
            "module": "mitre_techniques",
            "uuid": "131c0ab9-fa2f-4df8-9ead-4894d2c61c8f"
        },
        {
            "@id": "\/api\/3\/module_permissions\/c5ac7ab4-d5fd-3ba0-88b0-c4f71b2aa1dd",
            "@type": "ModulePermission",
            "canCreate": false,
            "canExecute": false,
            "canRead": false,
            "canUpdate": false,
            "canDelete": false,
            "fieldPermissions": [],
            "module": "mitreattack",
            "uuid": "c5ac7ab4-d5fd-3ba0-88b0-c4f71b2aa1dd"
        }
    ],
    "uuid": "21d7a7c6-9d68-438f-b732-e8950c5f745b"
}