{
    "@context": "\/api\/3\/contexts\/Role",
    "@id": "\/api\/3\/roles\/035fe251-fc8d-412d-88ca-8815e03c21cb",
    "@type": "Role",
    "description": "Permissions on all modules that represent Mitre ATT&CK content such as Groups, Tactics and Techniques",
    "name": "Mitre Admin",
    "modulePermissions": [
        {
            "@id": "\/api\/3\/module_permissions\/2ab32644-e7e1-4d03-8cd0-d8b06c94f572",
            "@type": "ModulePermission",
            "canCreate": false,
            "canExecute": false,
            "canRead": false,
            "canUpdate": false,
            "canDelete": false,
            "fieldPermissions": [],
            "module": "agents",
            "uuid": "2ab32644-e7e1-4d03-8cd0-d8b06c94f572"
        },
        {
            "@id": "\/api\/3\/module_permissions\/efa8aa69-e73f-4ed8-9e6b-b12065e4cdf2",
            "@type": "ModulePermission",
            "canCreate": false,
            "canExecute": false,
            "canRead": false,
            "canUpdate": false,
            "canDelete": false,
            "fieldPermissions": [],
            "module": "alerts",
            "uuid": "efa8aa69-e73f-4ed8-9e6b-b12065e4cdf2"
        },
        {
            "@id": "\/api\/3\/module_permissions\/3e32eb56-2405-4b8e-9cbe-3e80f38fe42f",
            "@type": "ModulePermission",
            "canCreate": false,
            "canExecute": false,
            "canRead": false,
            "canUpdate": false,
            "canDelete": false,
            "fieldPermissions": [],
            "module": "announcements",
            "uuid": "3e32eb56-2405-4b8e-9cbe-3e80f38fe42f"
        },
        {
            "@id": "\/api\/3\/module_permissions\/84144fac-97e2-4cb1-ba48-c746d54fd558",
            "@type": "ModulePermission",
            "canCreate": false,
            "canExecute": false,
            "canRead": false,
            "canUpdate": false,
            "canDelete": false,
            "fieldPermissions": [],
            "module": "appliances",
            "uuid": "84144fac-97e2-4cb1-ba48-c746d54fd558"
        },
        {
            "@id": "\/api\/3\/module_permissions\/99c8ef54-dbb0-4903-82f8-24e1f26f42e1",
            "@type": "ModulePermission",
            "canCreate": false,
            "canExecute": false,
            "canRead": true,
            "canUpdate": false,
            "canDelete": false,
            "fieldPermissions": [],
            "module": "application",
            "uuid": "99c8ef54-dbb0-4903-82f8-24e1f26f42e1"
        },
        {
            "@id": "\/api\/3\/module_permissions\/f2cb58a9-a42a-4d0c-bc35-97ed1cbf5410",
            "@type": "ModulePermission",
            "canCreate": false,
            "canExecute": false,
            "canRead": false,
            "canUpdate": false,
            "canDelete": false,
            "fieldPermissions": [],
            "module": "approvals",
            "uuid": "f2cb58a9-a42a-4d0c-bc35-97ed1cbf5410"
        },
        {
            "@id": "\/api\/3\/module_permissions\/f47650a8-423f-422c-8659-7bf52ace0aec",
            "@type": "ModulePermission",
            "canCreate": false,
            "canExecute": false,
            "canRead": false,
            "canUpdate": false,
            "canDelete": false,
            "fieldPermissions": [],
            "module": "assets",
            "uuid": "f47650a8-423f-422c-8659-7bf52ace0aec"
        },
        {
            "@id": "\/api\/3\/module_permissions\/6777d8dd-426a-4506-a04d-10403513a2d2",
            "@type": "ModulePermission",
            "canCreate": false,
            "canExecute": false,
            "canRead": false,
            "canUpdate": false,
            "canDelete": false,
            "fieldPermissions": [],
            "module": "attachments",
            "uuid": "6777d8dd-426a-4506-a04d-10403513a2d2"
        },
        {
            "@id": "\/api\/3\/module_permissions\/342217ca-ed43-4a4c-82bd-7c40820c9556",
            "@type": "ModulePermission",
            "canCreate": false,
            "canExecute": false,
            "canRead": false,
            "canUpdate": false,
            "canDelete": false,
            "fieldPermissions": [],
            "module": "activities",
            "uuid": "342217ca-ed43-4a4c-82bd-7c40820c9556"
        },
        {
            "@id": "\/api\/3\/module_permissions\/35b59702-a790-4551-8e45-5c2e1821014d",
            "@type": "ModulePermission",
            "canCreate": false,
            "canExecute": false,
            "canRead": false,
            "canUpdate": false,
            "canDelete": false,
            "fieldPermissions": [],
            "module": "comments",
            "uuid": "35b59702-a790-4551-8e45-5c2e1821014d"
        },
        {
            "@id": "\/api\/3\/module_permissions\/8785ed08-500a-4db0-9701-b144518c868f",
            "@type": "ModulePermission",
            "canCreate": false,
            "canExecute": false,
            "canRead": false,
            "canUpdate": false,
            "canDelete": false,
            "fieldPermissions": [],
            "module": "companies",
            "uuid": "8785ed08-500a-4db0-9701-b144518c868f"
        },
        {
            "@id": "\/api\/3\/module_permissions\/06cdea1c-7c56-4644-8d9b-3527cc99fc1e",
            "@type": "ModulePermission",
            "canCreate": false,
            "canExecute": false,
            "canRead": false,
            "canUpdate": false,
            "canDelete": false,
            "fieldPermissions": [],
            "module": "connectors",
            "uuid": "06cdea1c-7c56-4644-8d9b-3527cc99fc1e"
        },
        {
            "@id": "\/api\/3\/module_permissions\/f894474c-6327-4d8a-a1f2-80a5d7e15e2f",
            "@type": "ModulePermission",
            "canCreate": false,
            "canExecute": false,
            "canRead": false,
            "canUpdate": false,
            "canDelete": false,
            "fieldPermissions": [],
            "module": "dashboard",
            "uuid": "f894474c-6327-4d8a-a1f2-80a5d7e15e2f"
        },
        {
            "@id": "\/api\/3\/module_permissions\/2b033133-a5bd-4707-9c23-7447dfdaee75",
            "@type": "ModulePermission",
            "canCreate": false,
            "canExecute": false,
            "canRead": false,
            "canUpdate": false,
            "canDelete": false,
            "fieldPermissions": [],
            "module": "email_templates",
            "uuid": "2b033133-a5bd-4707-9c23-7447dfdaee75"
        },
        {
            "@id": "\/api\/3\/module_permissions\/7b5f0913-2bc7-4106-935e-ff3837e06d5f",
            "@type": "ModulePermission",
            "canCreate": false,
            "canExecute": false,
            "canRead": false,
            "canUpdate": false,
            "canDelete": false,
            "fieldPermissions": [],
            "module": "emails",
            "uuid": "7b5f0913-2bc7-4106-935e-ff3837e06d5f"
        },
        {
            "@id": "\/api\/3\/module_permissions\/e10ba4de-dee7-449c-8bcd-a50c1b9d1116",
            "@type": "ModulePermission",
            "canCreate": false,
            "canExecute": false,
            "canRead": false,
            "canUpdate": false,
            "canDelete": false,
            "fieldPermissions": [],
            "module": "events",
            "uuid": "e10ba4de-dee7-449c-8bcd-a50c1b9d1116"
        },
        {
            "@id": "\/api\/3\/module_permissions\/1657ec65-b7f1-4389-a3e6-1a5cfc47212c",
            "@type": "ModulePermission",
            "canCreate": false,
            "canExecute": false,
            "canRead": false,
            "canUpdate": false,
            "canDelete": false,
            "fieldPermissions": [],
            "module": "files",
            "uuid": "1657ec65-b7f1-4389-a3e6-1a5cfc47212c"
        },
        {
            "@id": "\/api\/3\/module_permissions\/221d87d1-4ccf-4c68-97c9-3ca19268770d",
            "@type": "ModulePermission",
            "canCreate": false,
            "canExecute": false,
            "canRead": false,
            "canUpdate": false,
            "canDelete": false,
            "fieldPermissions": [],
            "module": "incidents",
            "uuid": "221d87d1-4ccf-4c68-97c9-3ca19268770d"
        },
        {
            "@id": "\/api\/3\/module_permissions\/b73773e4-c5cc-4974-9797-7a5ba29fb695",
            "@type": "ModulePermission",
            "canCreate": false,
            "canExecute": false,
            "canRead": false,
            "canUpdate": false,
            "canDelete": false,
            "fieldPermissions": [],
            "module": "indicators",
            "uuid": "b73773e4-c5cc-4974-9797-7a5ba29fb695"
        },
        {
            "@id": "\/api\/3\/module_permissions\/129ab41c-d49b-4510-82cb-1993452e775d",
            "@type": "ModulePermission",
            "canCreate": false,
            "canExecute": false,
            "canRead": false,
            "canUpdate": false,
            "canDelete": false,
            "fieldPermissions": [],
            "module": "mitreattack",
            "uuid": "129ab41c-d49b-4510-82cb-1993452e775d"
        },
        {
            "@id": "\/api\/3\/module_permissions\/c0ef4eba-7339-449e-8f00-dcce4db7830f",
            "@type": "ModulePermission",
            "canCreate": false,
            "canExecute": false,
            "canRead": false,
            "canUpdate": false,
            "canDelete": false,
            "fieldPermissions": [],
            "module": "notes",
            "uuid": "c0ef4eba-7339-449e-8f00-dcce4db7830f"
        },
        {
            "@id": "\/api\/3\/module_permissions\/e6d6ae70-50e7-4e88-8a86-a2c930ca0ec5",
            "@type": "ModulePermission",
            "canCreate": false,
            "canExecute": false,
            "canRead": false,
            "canUpdate": false,
            "canDelete": false,
            "fieldPermissions": [],
            "module": "people",
            "uuid": "e6d6ae70-50e7-4e88-8a86-a2c930ca0ec5"
        },
        {
            "@id": "\/api\/3\/module_permissions\/a4a59542-8558-4f2b-b0fe-2c9c9a2dddb8",
            "@type": "ModulePermission",
            "canCreate": false,
            "canExecute": false,
            "canRead": false,
            "canUpdate": false,
            "canDelete": false,
            "fieldPermissions": [],
            "module": "workflows",
            "uuid": "a4a59542-8558-4f2b-b0fe-2c9c9a2dddb8"
        },
        {
            "@id": "\/api\/3\/module_permissions\/5a66b15a-832e-4250-af5c-f76823a3f0ff",
            "@type": "ModulePermission",
            "canCreate": false,
            "canExecute": false,
            "canRead": false,
            "canUpdate": false,
            "canDelete": false,
            "fieldPermissions": [],
            "module": "reporting",
            "uuid": "5a66b15a-832e-4250-af5c-f76823a3f0ff"
        },
        {
            "@id": "\/api\/3\/module_permissions\/4fb54317-66af-41c5-bcda-de33adca547f",
            "@type": "ModulePermission",
            "canCreate": false,
            "canExecute": false,
            "canRead": false,
            "canUpdate": false,
            "canDelete": false,
            "fieldPermissions": [],
            "module": "routers",
            "uuid": "4fb54317-66af-41c5-bcda-de33adca547f"
        },
        {
            "@id": "\/api\/3\/module_permissions\/c3da8155-f98f-4401-86bd-39e19774cc07",
            "@type": "ModulePermission",
            "canCreate": false,
            "canExecute": false,
            "canRead": false,
            "canUpdate": false,
            "canDelete": false,
            "fieldPermissions": [],
            "module": "rules",
            "uuid": "c3da8155-f98f-4401-86bd-39e19774cc07"
        },
        {
            "@id": "\/api\/3\/module_permissions\/061d2b1b-e084-4fb0-9bec-4ff6ce2ab9d9",
            "@type": "ModulePermission",
            "canCreate": false,
            "canExecute": false,
            "canRead": false,
            "canUpdate": false,
            "canDelete": false,
            "fieldPermissions": [],
            "module": "sla_template",
            "uuid": "061d2b1b-e084-4fb0-9bec-4ff6ce2ab9d9"
        },
        {
            "@id": "\/api\/3\/module_permissions\/ea55779f-0398-4a9b-a1a0-dc1c5405bc31",
            "@type": "ModulePermission",
            "canCreate": false,
            "canExecute": false,
            "canRead": false,
            "canUpdate": false,
            "canDelete": false,
            "fieldPermissions": [],
            "module": "saved_reports",
            "uuid": "ea55779f-0398-4a9b-a1a0-dc1c5405bc31"
        },
        {
            "@id": "\/api\/3\/module_permissions\/5fac7322-ff1f-4f01-bb3f-17a6aa43800c",
            "@type": "ModulePermission",
            "canCreate": false,
            "canExecute": false,
            "canRead": false,
            "canUpdate": false,
            "canDelete": false,
            "fieldPermissions": [],
            "module": "scans",
            "uuid": "5fac7322-ff1f-4f01-bb3f-17a6aa43800c"
        },
        {
            "@id": "\/api\/3\/module_permissions\/804e81be-a7a9-4789-8469-5ba75fdab095",
            "@type": "ModulePermission",
            "canCreate": false,
            "canExecute": false,
            "canRead": false,
            "canUpdate": false,
            "canDelete": false,
            "fieldPermissions": [],
            "module": "schedules",
            "uuid": "804e81be-a7a9-4789-8469-5ba75fdab095"
        },
        {
            "@id": "\/api\/3\/module_permissions\/dd1793e4-ec0b-4a1c-8f75-b2442fd342ce",
            "@type": "ModulePermission",
            "canCreate": false,
            "canExecute": false,
            "canRead": false,
            "canUpdate": false,
            "canDelete": false,
            "fieldPermissions": [],
            "module": "security",
            "uuid": "dd1793e4-ec0b-4a1c-8f75-b2442fd342ce"
        },
        {
            "@id": "\/api\/3\/module_permissions\/a13b0e6b-748d-4735-98ff-5f405aa536f7",
            "@type": "ModulePermission",
            "canCreate": false,
            "canExecute": false,
            "canRead": false,
            "canUpdate": false,
            "canDelete": false,
            "fieldPermissions": [],
            "module": "system_assigned_queues",
            "uuid": "a13b0e6b-748d-4735-98ff-5f405aa536f7"
        },
        {
            "@id": "\/api\/3\/module_permissions\/674c3628-79c0-4b8a-9111-77bbb2483fa7",
            "@type": "ModulePermission",
            "canCreate": false,
            "canExecute": false,
            "canRead": false,
            "canUpdate": false,
            "canDelete": false,
            "fieldPermissions": [],
            "module": "tasks",
            "uuid": "674c3628-79c0-4b8a-9111-77bbb2483fa7"
        },
        {
            "@id": "\/api\/3\/module_permissions\/dfde7ecd-5785-4cbf-9719-89103458183f",
            "@type": "ModulePermission",
            "canCreate": false,
            "canExecute": false,
            "canRead": false,
            "canUpdate": false,
            "canDelete": false,
            "fieldPermissions": [],
            "module": "tenants",
            "uuid": "dfde7ecd-5785-4cbf-9719-89103458183f"
        },
        {
            "@id": "\/api\/3\/module_permissions\/139a6d80-d559-4ec8-814b-d593fa76a809",
            "@type": "ModulePermission",
            "canCreate": false,
            "canExecute": false,
            "canRead": false,
            "canUpdate": false,
            "canDelete": false,
            "fieldPermissions": [],
            "module": "vulnerabilities",
            "uuid": "139a6d80-d559-4ec8-814b-d593fa76a809"
        },
        {
            "@id": "\/api\/3\/module_permissions\/eab9f477-b65a-4a1e-b840-aedd50be167c",
            "@type": "ModulePermission",
            "canCreate": false,
            "canExecute": false,
            "canRead": false,
            "canUpdate": false,
            "canDelete": false,
            "fieldPermissions": [],
            "module": "warrooms",
            "uuid": "eab9f477-b65a-4a1e-b840-aedd50be167c"
        },
        {
            "@id": "\/api\/3\/module_permissions\/15cde62c-738c-479c-bbf2-cbe4efc58099",
            "@type": "ModulePermission",
            "canCreate": false,
            "canExecute": false,
            "canRead": false,
            "canUpdate": false,
            "canDelete": false,
            "fieldPermissions": [],
            "module": "widgets",
            "uuid": "15cde62c-738c-479c-bbf2-cbe4efc58099"
        },
        {
            "@id": "\/api\/3\/module_permissions\/edb5d00b-fe0c-4795-852c-8b4e4ef24e9d",
            "@type": "ModulePermission",
            "canCreate": true,
            "canExecute": true,
            "canRead": true,
            "canUpdate": true,
            "canDelete": true,
            "fieldPermissions": [],
            "module": "mitre_software",
            "uuid": "edb5d00b-fe0c-4795-852c-8b4e4ef24e9d"
        },
        {
            "@id": "\/api\/3\/module_permissions\/8623abf5-1d4d-4d01-90b8-f63aaf4e4aa3",
            "@type": "ModulePermission",
            "canCreate": true,
            "canExecute": true,
            "canRead": true,
            "canUpdate": true,
            "canDelete": true,
            "fieldPermissions": [],
            "module": "mitre_groups",
            "uuid": "8623abf5-1d4d-4d01-90b8-f63aaf4e4aa3"
        },
        {
            "@id": "\/api\/3\/module_permissions\/5c6a264a-61f2-4e2e-b46c-aa0a81047bdd",
            "@type": "ModulePermission",
            "canCreate": true,
            "canExecute": true,
            "canRead": true,
            "canUpdate": true,
            "canDelete": true,
            "fieldPermissions": [],
            "module": "mitre_mitigations",
            "uuid": "5c6a264a-61f2-4e2e-b46c-aa0a81047bdd"
        },
        {
            "@id": "\/api\/3\/module_permissions\/1b5b7076-c2c7-48d3-8cb0-2c2b2c60d0af",
            "@type": "ModulePermission",
            "canCreate": true,
            "canExecute": true,
            "canRead": true,
            "canUpdate": true,
            "canDelete": true,
            "fieldPermissions": [],
            "module": "mitre_tactics",
            "uuid": "1b5b7076-c2c7-48d3-8cb0-2c2b2c60d0af"
        },
        {
            "@id": "\/api\/3\/module_permissions\/e0c9011e-f94e-45e0-8a59-66fca9cde8bf",
            "@type": "ModulePermission",
            "canCreate": true,
            "canExecute": true,
            "canRead": true,
            "canUpdate": true,
            "canDelete": true,
            "fieldPermissions": [],
            "module": "mitre_techniques",
            "uuid": "e0c9011e-f94e-45e0-8a59-66fca9cde8bf"
        },
        {
            "@id": "\/api\/3\/module_permissions\/968581d5-eaac-4731-8d94-639b159fe97d",
            "@type": "ModulePermission",
            "canCreate": true,
            "canExecute": true,
            "canRead": true,
            "canUpdate": true,
            "canDelete": true,
            "fieldPermissions": [],
            "module": "mitre_sub_techniques",
            "uuid": "968581d5-eaac-4731-8d94-639b159fe97d"
        }
    ],
    "uuid": "035fe251-fc8d-412d-88ca-8815e03c21cb"
}