{
    "@context": "\/api\/3\/contexts\/WorkflowCollection",
    "@type": "WorkflowCollection",
    "name": "13 - MITRE ATT&CK\u2122 - Link Techniques to Alerts and Incidents",
    "description": null,
    "visible": true,
    "image": null,
    "uuid": "c862c8b5-f841-44a5-983f-551625ca7d6d",
    "id": 100,
    "createUser": "\/api\/3\/people\/3451141c-bac6-467c-8d72-85e0fab569ce",
    "createDate": 1633085066,
    "modifyUser": "\/api\/3\/people\/3451141c-bac6-467c-8d72-85e0fab569ce",
    "modifyDate": 1633085066,
    "recordTags": []
}