{
    "@type": "Workflow",
    "triggerLimit": null,
    "name": "Link ATT&CK technique to Alert",
    "aliasName": null,
    "tag": null,
    "description": null,
    "isActive": false,
    "debug": false,
    "singleRecordExecution": false,
    "remoteExecutableFlag": false,
    "parameters": [],
    "synchronous": false,
    "lastModifyDate": 1633085062,
    "collection": "\/api\/3\/workflow_collections\/c862c8b5-f841-44a5-983f-551625ca7d6d",
    "versions": [],
    "triggerStep": "\/api\/3\/workflow_steps\/09f2cdf1-a3c0-4014-81a3-26e0d8e7a599",
    "steps": [
        {
            "@type": "WorkflowStep",
            "name": "Is it a subtechnique",
            "description": null,
            "arguments": {
                "conditions": [
                    {
                        "step_iri": "\/api\/3\/workflow_steps\/31c5fc8a-7084-4a32-aa98-90af36ca8224",
                        "condition": "{{ \".\" in vars.input.records[0].mitreattackid }}",
                        "step_name": "Find subtechnique"
                    },
                    {
                        "default": true,
                        "step_iri": "\/api\/3\/workflow_steps\/8e7a8e38-e62f-4b39-abf9-fedaf9a1cbed",
                        "step_name": "Find technique"
                    }
                ]
            },
            "status": null,
            "top": "165",
            "left": "300",
            "stepType": "\/api\/3\/workflow_step_types\/12254cf5-5db7-4b1a-8cb1-3af081924b28",
            "uuid": "8c6385cd-1a93-4385-b6bf-3776358ed25e",
            "id": 4774
        },
        {
            "@type": "WorkflowStep",
            "name": "Find subtechnique",
            "description": null,
            "arguments": {
                "query": {
                    "sort": [],
                    "limit": 30,
                    "logic": "AND",
                    "filters": [
                        {
                            "type": "primitive",
                            "field": "mitreId",
                            "value": "{{vars.input.records[0].mitreattackid}}",
                            "operator": "eq",
                            "_operator": "eq"
                        }
                    ]
                },
                "module": "mitre_sub_techniques?$limit=30",
                "step_variables": []
            },
            "status": null,
            "top": "300",
            "left": "125",
            "stepType": "\/api\/3\/workflow_step_types\/b593663d-7d13-40ce-a3a3-96dece928770",
            "uuid": "31c5fc8a-7084-4a32-aa98-90af36ca8224",
            "id": 4775
        },
        {
            "@type": "WorkflowStep",
            "name": "Link subtechnique to alert",
            "description": null,
            "arguments": {
                "when": "{{vars.steps.Find_subtechnique | length > 0}}",
                "resource": {
                    "__link": {
                        "mitre_sub_techniques": "{{vars.steps.Find_subtechnique}}"
                    }
                },
                "_showJson": false,
                "operation": "Append",
                "collection": "{{vars.input.records[0]['@id']}}",
                "__recommend": [],
                "collectionType": "\/api\/3\/alerts",
                "fieldOperation": {
                    "recordTags": "Overwrite"
                },
                "step_variables": []
            },
            "status": null,
            "top": "435",
            "left": "125",
            "stepType": "\/api\/3\/workflow_step_types\/b593663d-7d13-40ce-a3a3-96dece928722",
            "uuid": "87b51bfe-5048-4a38-8988-f3a4f851b89d",
            "id": 4776
        },
        {
            "@type": "WorkflowStep",
            "name": "Find technique",
            "description": null,
            "arguments": {
                "query": {
                    "sort": [],
                    "limit": 30,
                    "logic": "AND",
                    "filters": [
                        {
                            "type": "primitive",
                            "field": "mitreId",
                            "value": "{{vars.input.records[0].mitreattackid}}",
                            "operator": "eq",
                            "_operator": "eq"
                        }
                    ]
                },
                "module": "mitre_techniques?$limit=30",
                "step_variables": []
            },
            "status": null,
            "top": "300",
            "left": "475",
            "stepType": "\/api\/3\/workflow_step_types\/b593663d-7d13-40ce-a3a3-96dece928770",
            "uuid": "8e7a8e38-e62f-4b39-abf9-fedaf9a1cbed",
            "id": 4777
        },
        {
            "@type": "WorkflowStep",
            "name": "Start",
            "description": null,
            "arguments": {
                "resource": "alerts",
                "resources": [
                    "alerts"
                ],
                "step_variables": {
                    "input": {
                        "params": [],
                        "records": [
                            "{{vars.input.records[0]}}"
                        ]
                    }
                },
                "fieldbasedtrigger": {
                    "sort": [],
                    "limit": 30,
                    "logic": "AND",
                    "filters": [
                        {
                            "type": "primitive",
                            "field": "mitreattackid",
                            "value": "false",
                            "operator": "isnull",
                            "_operator": "isnull"
                        }
                    ]
                }
            },
            "status": null,
            "top": "30",
            "left": "300",
            "stepType": "\/api\/3\/workflow_step_types\/ea155646-3821-4542-9702-b246da430a8d",
            "uuid": "09f2cdf1-a3c0-4014-81a3-26e0d8e7a599",
            "id": 4778
        },
        {
            "@type": "WorkflowStep",
            "name": "Link technique to alert",
            "description": null,
            "arguments": {
                "when": "{{vars.steps.Find_technique | length > 0}}",
                "resource": {
                    "__link": {
                        "mitre_techniques": "{{vars.steps.Find_technique}}"
                    }
                },
                "_showJson": false,
                "operation": "Append",
                "collection": "{{vars.input.records[0]['@id']}}",
                "__recommend": [],
                "collectionType": "\/api\/3\/alerts",
                "fieldOperation": {
                    "recordTags": "Append"
                },
                "step_variables": []
            },
            "status": null,
            "top": "435",
            "left": "475",
            "stepType": "\/api\/3\/workflow_step_types\/b593663d-7d13-40ce-a3a3-96dece928722",
            "uuid": "129dcde8-1633-4e7f-97a1-9bad6dcd7409",
            "id": 4779
        }
    ],
    "routes": [
        {
            "@type": "WorkflowRoute",
            "name": "Is it a subtechnique -> Find subtechnique",
            "targetStep": "\/api\/3\/workflow_steps\/31c5fc8a-7084-4a32-aa98-90af36ca8224",
            "sourceStep": "\/api\/3\/workflow_steps\/8c6385cd-1a93-4385-b6bf-3776358ed25e",
            "label": null,
            "isExecuted": false,
            "uuid": "70495b4f-4d8d-4571-b150-5625e8407dc0"
        },
        {
            "@type": "WorkflowRoute",
            "name": "Start -> Is it a subtechnique",
            "targetStep": "\/api\/3\/workflow_steps\/8c6385cd-1a93-4385-b6bf-3776358ed25e",
            "sourceStep": "\/api\/3\/workflow_steps\/09f2cdf1-a3c0-4014-81a3-26e0d8e7a599",
            "label": null,
            "isExecuted": false,
            "uuid": "998302bd-f82b-40a5-a83e-4d81737f44d2"
        },
        {
            "@type": "WorkflowRoute",
            "name": "Find technique -> Link technique to Alert2",
            "targetStep": "\/api\/3\/workflow_steps\/129dcde8-1633-4e7f-97a1-9bad6dcd7409",
            "sourceStep": "\/api\/3\/workflow_steps\/8e7a8e38-e62f-4b39-abf9-fedaf9a1cbed",
            "label": null,
            "isExecuted": false,
            "uuid": "9cab40aa-cc02-4c87-9c0a-519a16d5caf5"
        },
        {
            "@type": "WorkflowRoute",
            "name": "Find subtechnique -> Link subtechnique to alert",
            "targetStep": "\/api\/3\/workflow_steps\/87b51bfe-5048-4a38-8988-f3a4f851b89d",
            "sourceStep": "\/api\/3\/workflow_steps\/31c5fc8a-7084-4a32-aa98-90af36ca8224",
            "label": null,
            "isExecuted": false,
            "uuid": "ec255efc-0771-41dd-ab99-a67f5f336240"
        },
        {
            "@type": "WorkflowRoute",
            "name": "Is it a subtechnique -> Find technique",
            "targetStep": "\/api\/3\/workflow_steps\/8e7a8e38-e62f-4b39-abf9-fedaf9a1cbed",
            "sourceStep": "\/api\/3\/workflow_steps\/8c6385cd-1a93-4385-b6bf-3776358ed25e",
            "label": null,
            "isExecuted": false,
            "uuid": "93d16aea-ba53-48fa-bfc8-8c7310c791e7"
        }
    ],
    "priority": null,
    "uuid": "3cd8c0dc-d217-41ad-83f2-a650876289be",
    "recordTags": [],
    "id": 1194,
    "createUser": "\/api\/3\/people\/3451141c-bac6-467c-8d72-85e0fab569ce",
    "createDate": 1633085066,
    "modifyUser": "\/api\/3\/people\/3451141c-bac6-467c-8d72-85e0fab569ce",
    "modifyDate": 1633085066,
    "owners": [],
    "isPrivate": false
}