{
    "@type": "Workflow",
    "triggerLimit": null,
    "name": "Link ATT&CK technique to Incident",
    "aliasName": null,
    "tag": null,
    "description": null,
    "isActive": false,
    "debug": false,
    "singleRecordExecution": false,
    "remoteExecutableFlag": false,
    "parameters": [],
    "synchronous": false,
    "lastModifyDate": 1633085062,
    "collection": "\/api\/3\/workflow_collections\/c862c8b5-f841-44a5-983f-551625ca7d6d",
    "versions": [],
    "triggerStep": "\/api\/3\/workflow_steps\/b25abf02-9ecc-49c9-b3a5-4f5c6789c282",
    "steps": [
        {
            "@type": "WorkflowStep",
            "name": "Link subtechnique to incident",
            "description": null,
            "arguments": {
                "when": "{{vars.steps.Find_subtechnique | length > 0}}",
                "resource": {
                    "__link": {
                        "mitresubtechniques": "{{vars.steps.Find_subtechnique}}"
                    }
                },
                "_showJson": false,
                "operation": "Append",
                "collection": "{{vars.input.records[0]['@id']}}",
                "__recommend": [],
                "collectionType": "\/api\/3\/incidents",
                "fieldOperation": {
                    "recordTags": "Overwrite"
                },
                "step_variables": []
            },
            "status": null,
            "top": "435",
            "left": "475",
            "stepType": "\/api\/3\/workflow_step_types\/b593663d-7d13-40ce-a3a3-96dece928722",
            "uuid": "697e5b54-532b-4c19-85a5-4d678629369f",
            "id": 4780
        },
        {
            "@type": "WorkflowStep",
            "name": "Find subtechnique",
            "description": null,
            "arguments": {
                "query": {
                    "sort": [],
                    "limit": 30,
                    "logic": "AND",
                    "filters": [
                        {
                            "type": "primitive",
                            "field": "mitreId",
                            "value": "{{vars.input.records[0].mitreattackid}}",
                            "operator": "eq",
                            "_operator": "eq"
                        }
                    ]
                },
                "module": "mitre_sub_techniques?$limit=30",
                "step_variables": []
            },
            "status": null,
            "top": "300",
            "left": "475",
            "stepType": "\/api\/3\/workflow_step_types\/b593663d-7d13-40ce-a3a3-96dece928770",
            "uuid": "725724fe-a9b5-44ec-ae72-c2bbd4e59d57",
            "id": 4781
        },
        {
            "@type": "WorkflowStep",
            "name": "Is it a subtechnique",
            "description": null,
            "arguments": {
                "conditions": [
                    {
                        "step_iri": "\/api\/3\/workflow_steps\/725724fe-a9b5-44ec-ae72-c2bbd4e59d57",
                        "condition": "{{ \".\" in vars.input.records[0].mitreattackid }}",
                        "step_name": "Find subtechnique"
                    },
                    {
                        "default": true,
                        "step_iri": "\/api\/3\/workflow_steps\/5371a00b-d12e-4401-a2f6-b5806644dd7e",
                        "step_name": "Find technique"
                    }
                ]
            },
            "status": null,
            "top": "165",
            "left": "300",
            "stepType": "\/api\/3\/workflow_step_types\/12254cf5-5db7-4b1a-8cb1-3af081924b28",
            "uuid": "569768a5-84c5-49c5-933a-350a1fd75ee5",
            "id": 4782
        },
        {
            "@type": "WorkflowStep",
            "name": "Find technique",
            "description": null,
            "arguments": {
                "query": {
                    "sort": [],
                    "limit": 30,
                    "logic": "AND",
                    "filters": [
                        {
                            "type": "primitive",
                            "field": "mitreId",
                            "value": "{{vars.input.records[0].mitreattackid}}",
                            "operator": "eq",
                            "_operator": "eq"
                        }
                    ]
                },
                "module": "mitre_techniques?$limit=30",
                "step_variables": []
            },
            "status": null,
            "top": "300",
            "left": "125",
            "stepType": "\/api\/3\/workflow_step_types\/b593663d-7d13-40ce-a3a3-96dece928770",
            "uuid": "5371a00b-d12e-4401-a2f6-b5806644dd7e",
            "id": 4783
        },
        {
            "@type": "WorkflowStep",
            "name": "Start",
            "description": null,
            "arguments": {
                "resource": "incidents",
                "resources": [
                    "incidents"
                ],
                "step_variables": {
                    "input": {
                        "params": [],
                        "records": [
                            "{{vars.input.records[0]}}"
                        ]
                    }
                },
                "fieldbasedtrigger": {
                    "sort": [],
                    "limit": 30,
                    "logic": "AND",
                    "filters": [
                        {
                            "type": "primitive",
                            "field": "mitreattackid",
                            "value": "false",
                            "operator": "isnull",
                            "_operator": "isnull"
                        }
                    ]
                }
            },
            "status": null,
            "top": "30",
            "left": "300",
            "stepType": "\/api\/3\/workflow_step_types\/ea155646-3821-4542-9702-b246da430a8d",
            "uuid": "b25abf02-9ecc-49c9-b3a5-4f5c6789c282",
            "id": 4784
        },
        {
            "@type": "WorkflowStep",
            "name": "Link technique to incident",
            "description": null,
            "arguments": {
                "when": "{{vars.steps.Find_technique | length > 0}}",
                "resource": {
                    "__link": {
                        "mitretechniques": "{{vars.steps.Find_technique}}"
                    }
                },
                "_showJson": false,
                "operation": "Append",
                "collection": "{{vars.input.records[0]['@id']}}",
                "__recommend": [],
                "collectionType": "\/api\/3\/incidents",
                "fieldOperation": {
                    "recordTags": "Overwrite"
                },
                "step_variables": []
            },
            "status": null,
            "top": "435",
            "left": "125",
            "stepType": "\/api\/3\/workflow_step_types\/b593663d-7d13-40ce-a3a3-96dece928722",
            "uuid": "1ade1db0-588f-4f44-b4e0-1e8ff1657383",
            "id": 4785
        }
    ],
    "routes": [
        {
            "@type": "WorkflowRoute",
            "name": "Is it a subtechnique -> Find subtechnique",
            "targetStep": "\/api\/3\/workflow_steps\/725724fe-a9b5-44ec-ae72-c2bbd4e59d57",
            "sourceStep": "\/api\/3\/workflow_steps\/569768a5-84c5-49c5-933a-350a1fd75ee5",
            "label": null,
            "isExecuted": false,
            "uuid": "feaeeff7-b9df-4415-ac9f-3809cb4b51dd"
        },
        {
            "@type": "WorkflowRoute",
            "name": "Find technique -> Link technique to alert",
            "targetStep": "\/api\/3\/workflow_steps\/1ade1db0-588f-4f44-b4e0-1e8ff1657383",
            "sourceStep": "\/api\/3\/workflow_steps\/5371a00b-d12e-4401-a2f6-b5806644dd7e",
            "label": null,
            "isExecuted": false,
            "uuid": "456aa15d-79d7-4a18-a6c8-1b9f2a75ac85"
        },
        {
            "@type": "WorkflowRoute",
            "name": "Start -> Is it a subtechnique",
            "targetStep": "\/api\/3\/workflow_steps\/569768a5-84c5-49c5-933a-350a1fd75ee5",
            "sourceStep": "\/api\/3\/workflow_steps\/b25abf02-9ecc-49c9-b3a5-4f5c6789c282",
            "label": null,
            "isExecuted": false,
            "uuid": "c39d54cc-642e-4cfb-b6cf-dbe51e7a7159"
        },
        {
            "@type": "WorkflowRoute",
            "name": "Find subtechnique -> Link subtechnique to alert",
            "targetStep": "\/api\/3\/workflow_steps\/697e5b54-532b-4c19-85a5-4d678629369f",
            "sourceStep": "\/api\/3\/workflow_steps\/725724fe-a9b5-44ec-ae72-c2bbd4e59d57",
            "label": null,
            "isExecuted": false,
            "uuid": "a9249e31-c126-4b5e-b135-3a51b0d8cbd4"
        },
        {
            "@type": "WorkflowRoute",
            "name": "Is it a subtechnique -> Find technique",
            "targetStep": "\/api\/3\/workflow_steps\/5371a00b-d12e-4401-a2f6-b5806644dd7e",
            "sourceStep": "\/api\/3\/workflow_steps\/569768a5-84c5-49c5-933a-350a1fd75ee5",
            "label": null,
            "isExecuted": false,
            "uuid": "40010726-d28f-4904-a844-4e35e9b5d592"
        }
    ],
    "priority": null,
    "uuid": "8a65986a-cee8-4e43-bb19-2390684defc7",
    "recordTags": [],
    "id": 1195,
    "createUser": "\/api\/3\/people\/3451141c-bac6-467c-8d72-85e0fab569ce",
    "createDate": 1633085066,
    "modifyUser": "\/api\/3\/people\/3451141c-bac6-467c-8d72-85e0fab569ce",
    "modifyDate": 1633085066,
    "owners": [],
    "isPrivate": false
}