{
    "@context": "\/api\/3\/contexts\/SystemViewTemplate",
    "@type": "SystemViewTemplate",
    "type": "rows",
    "config": {
        "rows": [
            {
                "columns": [
                    {
                        "widgets": [
                            {
                                "type": "primaryDetail",
                                "config": {
                                    "wid": "edfe7804-7b0a-4358-bb18-2901edcbc9ae",
                                    "idField": "mitreId",
                                    "picklistFieldReadOnly": false,
                                    "titleFieldReadOnly": false,
                                    "titleFieldLinky": true,
                                    "featuredRelationship": {
                                        "field": null,
                                        "preText": "Under Investigation In",
                                        "query": null,
                                        "statusField": null,
                                        "sort": []
                                    },
                                    "titleField": "name"
                                }
                            }
                        ]
                    }
                ],
                "wid": "b6d95972-872e-4392-a65b-e813bf112d61"
            },
            {
                "columns": [
                    {
                        "widgets": [
                            {
                                "type": "editableFormGroup",
                                "config": {
                                    "wid": "eaa9ac5a-9cdd-493a-9ad9-2a8dca25a252",
                                    "rows": [
                                        {
                                            "columns": [
                                                {
                                                    "fields": [
                                                        {
                                                            "name": "description",
                                                            "highlightMode": true,
                                                            "linky": true,
                                                            "readOnly": true
                                                        }
                                                    ]
                                                }
                                            ]
                                        }
                                    ]
                                }
                            }
                        ],
                        "style": "col-lg-9"
                    },
                    {
                        "widgets": [
                            {
                                "type": "editableFormGroup",
                                "config": {
                                    "wid": "89c05d9b-11b6-4cc0-b5f7-8280dd0ad82e",
                                    "rows": [
                                        {
                                            "columns": [
                                                {
                                                    "fields": [
                                                        {
                                                            "name": "version",
                                                            "highlightMode": true,
                                                            "linky": true,
                                                            "readOnly": false
                                                        },
                                                        {
                                                            "name": "created",
                                                            "highlightMode": true,
                                                            "linky": true,
                                                            "readOnly": false
                                                        },
                                                        {
                                                            "name": "lastModified",
                                                            "highlightMode": true,
                                                            "linky": true,
                                                            "readOnly": false
                                                        }
                                                    ]
                                                }
                                            ]
                                        }
                                    ]
                                }
                            }
                        ],
                        "style": "col-lg-3"
                    }
                ],
                "wid": "bedb9039-0819-49b2-817a-deeaafb1458f",
                "_collapsed": false,
                "collapsible": false,
                "collapsibleIndex": 0
            },
            {
                "columns": [
                    {
                        "widgets": [
                            {
                                "type": "tabs",
                                "config": {
                                    "tabs": [
                                        {
                                            "title": "Related Records",
                                            "widget": {
                                                "type": "relationship.subtab",
                                                "config": {
                                                    "excludes": [
                                                        "notes",
                                                        "comments",
                                                        "userOwners",
                                                        "attachments"
                                                    ],
                                                    "wid": "9a3c8f7a-e126-4d86-acbf-bc0a5f5269a3"
                                                }
                                            },
                                            "show": true,
                                            "icon": "fa fa-none"
                                        }
                                    ],
                                    "wid": "18ea57c7-19b0-4b96-a505-32e2e4699986"
                                }
                            }
                        ],
                        "style": "col-lg-12"
                    }
                ],
                "wid": "f7ec6c1e-e211-4960-8528-c43d314968c4",
                "_collapsed": false
            }
        ],
        "actionButtons": [],
        "wid": "49ad68ea-35be-4337-a7b2-6be9a3fbb20f"
    },
    "uuid": "modules-mitre_mitigations-detail"
}