{
    "@context": "\/api\/3\/contexts\/SystemViewTemplate",
    "@type": "SystemViewTemplate",
    "type": "rows",
    "config": {
        "rows": [
            {
                "columns": [
                    {
                        "widgets": [
                            {
                                "type": "grid",
                                "config": []
                            }
                        ]
                    }
                ]
            }
        ]
    },
    "uuid": "modules-mitre_mitigations-list"
}