{
    "@context": "\/api\/3\/contexts\/StagingModelMetadata",
    "@id": "\/api\/3\/staging_model_metadatas\/f9131c46-6742-45c8-b353-fe174ed47df8",
    "@type": "StagingModelMetadata",
    "type": "mitre_mitigations",
    "parentType": null,
    "tableName": "mitre_mitigations",
    "ownable": false,
    "userOwnable": false,
    "trackable": false,
    "taggable": true,
    "peerReplicable": false,
    "defaultSort": [],
    "uniqueConstraint": [],
    "indexable": true,
    "writable": true,
    "attributes": [
        {
            "@id": "\/api\/3\/attribute_metadatas\/50836829-b689-4f87-aa1f-3a5b24e0a9ce",
            "@type": "AttributeMetadata",
            "type": "string",
            "name": "mitreId",
            "length": null,
            "orderIndex": 1,
            "formType": "text",
            "dataSource": null,
            "searchable": false,
            "peerReplicable": true,
            "system": false,
            "encrypted": false,
            "gridColumn": false,
            "collection": false,
            "inversedField": null,
            "ownsRelationship": false,
            "validation": {
                "required": false,
                "minlength": 0,
                "maxlength": 10485761
            },
            "bulkAction": {
                "allow": false,
                "buttonText": "",
                "buttonIcon": "",
                "buttonClass": "btn btn-default btn-sm"
            },
            "dataSourceFilters": null,
            "defaultValue": "",
            "tooltip": null,
            "visibility": true,
            "htmlEscape": null,
            "orphanRemoval": null,
            "readable": null,
            "writeable": true,
            "identifier": null,
            "unique": false,
            "recommend": false,
            "sattrib": "\/api\/3\/staging_model_metadatas\/f9131c46-6742-45c8-b353-fe174ed47df8",
            "uuid": "50836829-b689-4f87-aa1f-3a5b24e0a9ce",
            "displayName": "{{ mitreId }}",
            "descriptions": {
                "singular": "Mitre ID"
            }
        },
        {
            "@id": "\/api\/3\/attribute_metadatas\/f6ea06e6-de29-4936-9ddd-8c7f0bb12dcf",
            "@type": "AttributeMetadata",
            "type": "string",
            "name": "name",
            "length": null,
            "orderIndex": 2,
            "formType": "text",
            "dataSource": null,
            "searchable": false,
            "peerReplicable": true,
            "system": false,
            "encrypted": false,
            "gridColumn": false,
            "collection": false,
            "inversedField": null,
            "ownsRelationship": false,
            "validation": {
                "required": false,
                "minlength": 0,
                "maxlength": 10485761
            },
            "bulkAction": {
                "allow": false,
                "buttonText": "",
                "buttonIcon": "",
                "buttonClass": "btn btn-default btn-sm"
            },
            "dataSourceFilters": null,
            "defaultValue": "",
            "tooltip": null,
            "visibility": true,
            "htmlEscape": null,
            "orphanRemoval": null,
            "readable": null,
            "writeable": true,
            "identifier": null,
            "unique": false,
            "recommend": false,
            "sattrib": "\/api\/3\/staging_model_metadatas\/f9131c46-6742-45c8-b353-fe174ed47df8",
            "uuid": "f6ea06e6-de29-4936-9ddd-8c7f0bb12dcf",
            "displayName": "{{ name }}",
            "descriptions": {
                "singular": "Name"
            }
        },
        {
            "@id": "\/api\/3\/attribute_metadatas\/7dd93c0e-0f61-4f49-808a-7027d00c1e06",
            "@type": "AttributeMetadata",
            "type": "string",
            "name": "description",
            "length": null,
            "orderIndex": 3,
            "formType": "html",
            "dataSource": null,
            "searchable": true,
            "peerReplicable": true,
            "system": false,
            "encrypted": false,
            "gridColumn": false,
            "collection": false,
            "inversedField": null,
            "ownsRelationship": false,
            "validation": {
                "required": false,
                "minlength": 0,
                "maxlength": 10485761
            },
            "bulkAction": {
                "allow": false,
                "buttonText": "",
                "buttonIcon": "",
                "buttonClass": "btn btn-default btn-sm"
            },
            "dataSourceFilters": null,
            "defaultValue": "",
            "tooltip": null,
            "visibility": true,
            "htmlEscape": null,
            "orphanRemoval": null,
            "readable": null,
            "writeable": true,
            "identifier": null,
            "unique": false,
            "recommend": false,
            "sattrib": "\/api\/3\/staging_model_metadatas\/f9131c46-6742-45c8-b353-fe174ed47df8",
            "uuid": "7dd93c0e-0f61-4f49-808a-7027d00c1e06",
            "displayName": "{{ description }}",
            "descriptions": {
                "singular": "Description"
            }
        },
        {
            "@id": "\/api\/3\/attribute_metadatas\/420ab517-9665-4c81-acef-8200772a41ba",
            "@type": "AttributeMetadata",
            "type": "string",
            "name": "version",
            "length": null,
            "orderIndex": 4,
            "formType": "text",
            "dataSource": null,
            "searchable": false,
            "peerReplicable": true,
            "system": false,
            "encrypted": false,
            "gridColumn": false,
            "collection": false,
            "inversedField": null,
            "ownsRelationship": false,
            "validation": {
                "required": false,
                "minlength": 0,
                "maxlength": 10485761
            },
            "bulkAction": {
                "allow": false,
                "buttonText": "",
                "buttonIcon": "",
                "buttonClass": "btn btn-default btn-sm"
            },
            "dataSourceFilters": null,
            "defaultValue": "",
            "tooltip": null,
            "visibility": true,
            "htmlEscape": null,
            "orphanRemoval": null,
            "readable": null,
            "writeable": true,
            "identifier": null,
            "unique": false,
            "recommend": false,
            "sattrib": "\/api\/3\/staging_model_metadatas\/f9131c46-6742-45c8-b353-fe174ed47df8",
            "uuid": "420ab517-9665-4c81-acef-8200772a41ba",
            "displayName": "{{ version }}",
            "descriptions": {
                "singular": "Version"
            }
        },
        {
            "@id": "\/api\/3\/attribute_metadatas\/12050e05-02c2-44a7-acee-5ab4746ab729",
            "@type": "AttributeMetadata",
            "type": "integer",
            "name": "created",
            "length": null,
            "orderIndex": 5,
            "formType": "datetime",
            "dataSource": null,
            "searchable": true,
            "peerReplicable": true,
            "system": false,
            "encrypted": false,
            "gridColumn": false,
            "collection": false,
            "inversedField": null,
            "ownsRelationship": false,
            "validation": {
                "required": false,
                "minlength": 0,
                "maxlength": 10485761
            },
            "bulkAction": {
                "allow": false,
                "buttonText": "",
                "buttonIcon": "",
                "buttonClass": "btn btn-default btn-sm"
            },
            "dataSourceFilters": null,
            "defaultValue": null,
            "tooltip": null,
            "visibility": true,
            "htmlEscape": null,
            "orphanRemoval": null,
            "readable": null,
            "writeable": true,
            "identifier": null,
            "unique": false,
            "recommend": false,
            "sattrib": "\/api\/3\/staging_model_metadatas\/f9131c46-6742-45c8-b353-fe174ed47df8",
            "uuid": "12050e05-02c2-44a7-acee-5ab4746ab729",
            "displayName": "{{ created }}",
            "descriptions": {
                "singular": "Created"
            }
        },
        {
            "@id": "\/api\/3\/attribute_metadatas\/5d394133-8852-4f5e-9689-45e6c7968fdc",
            "@type": "AttributeMetadata",
            "type": "integer",
            "name": "lastModified",
            "length": null,
            "orderIndex": 6,
            "formType": "datetime",
            "dataSource": null,
            "searchable": true,
            "peerReplicable": true,
            "system": false,
            "encrypted": false,
            "gridColumn": false,
            "collection": false,
            "inversedField": null,
            "ownsRelationship": false,
            "validation": {
                "required": false,
                "minlength": 0,
                "maxlength": 10485761
            },
            "bulkAction": {
                "allow": false,
                "buttonText": "",
                "buttonIcon": "",
                "buttonClass": "btn btn-default btn-sm"
            },
            "dataSourceFilters": null,
            "defaultValue": null,
            "tooltip": null,
            "visibility": true,
            "htmlEscape": null,
            "orphanRemoval": null,
            "readable": null,
            "writeable": true,
            "identifier": null,
            "unique": false,
            "recommend": false,
            "sattrib": "\/api\/3\/staging_model_metadatas\/f9131c46-6742-45c8-b353-fe174ed47df8",
            "uuid": "5d394133-8852-4f5e-9689-45e6c7968fdc",
            "displayName": "{{ lastModified }}",
            "descriptions": {
                "singular": "last Modified"
            }
        },
        {
            "@id": "\/api\/3\/attribute_metadatas\/182b6c85-bce3-48c6-a385-22d13b62d90a",
            "@type": "AttributeMetadata",
            "type": "mitre_techniques",
            "name": "techniques",
            "length": null,
            "orderIndex": 7,
            "formType": "manyToMany",
            "dataSource": {
                "model": "mitre_techniques"
            },
            "searchable": false,
            "peerReplicable": true,
            "system": false,
            "encrypted": false,
            "gridColumn": false,
            "collection": true,
            "inversedField": "mitigations",
            "ownsRelationship": false,
            "validation": {
                "required": false,
                "minlength": 0,
                "maxlength": 10485761,
                "_enableRange": false
            },
            "bulkAction": [],
            "dataSourceFilters": null,
            "defaultValue": null,
            "tooltip": null,
            "visibility": true,
            "htmlEscape": null,
            "orphanRemoval": null,
            "readable": null,
            "writeable": true,
            "identifier": null,
            "unique": false,
            "recommend": false,
            "sattrib": "\/api\/3\/staging_model_metadatas\/f9131c46-6742-45c8-b353-fe174ed47df8",
            "uuid": "182b6c85-bce3-48c6-a385-22d13b62d90a",
            "displayName": "{{ techniques }}",
            "descriptions": {
                "singular": "Techniques"
            }
        }
    ],
    "system": false,
    "module": "mitre_mitigations",
    "uuid": "f9131c46-6742-45c8-b353-fe174ed47df8",
    "displayName": "{{ name }}",
    "descriptions": {
        "singular": "Mitigation",
        "plural": "Mitigations"
    }
}