{
    "@context": "\/api\/3\/contexts\/StagingModelMetadata",
    "@id": "\/api\/3\/staging_model_metadatas\/0b1c3030-a0ef-4a9d-904c-7210c3f31ffe",
    "@type": "StagingModelMetadata",
    "type": "mitre_groups",
    "parentType": null,
    "tableName": "mitre_groups",
    "ownable": false,
    "userOwnable": false,
    "trackable": false,
    "taggable": true,
    "peerReplicable": false,
    "defaultSort": [],
    "uniqueConstraint": [],
    "indexable": true,
    "writable": true,
    "attributes": [
        {
            "@id": "\/api\/3\/attribute_metadatas\/564fc021-abe1-4687-b213-1c7045ddefb2",
            "@type": "AttributeMetadata",
            "type": "string",
            "name": "mitreId",
            "length": null,
            "orderIndex": 1,
            "formType": "text",
            "dataSource": null,
            "searchable": false,
            "peerReplicable": true,
            "system": false,
            "encrypted": false,
            "gridColumn": false,
            "collection": false,
            "inversedField": null,
            "ownsRelationship": false,
            "validation": {
                "required": false,
                "minlength": 0,
                "maxlength": 10485761
            },
            "bulkAction": {
                "allow": false,
                "buttonText": "",
                "buttonIcon": "",
                "buttonClass": "btn btn-default btn-sm"
            },
            "dataSourceFilters": null,
            "defaultValue": "",
            "tooltip": null,
            "visibility": true,
            "htmlEscape": null,
            "orphanRemoval": null,
            "readable": null,
            "writeable": true,
            "identifier": null,
            "unique": false,
            "recommend": false,
            "sattrib": "\/api\/3\/staging_model_metadatas\/0b1c3030-a0ef-4a9d-904c-7210c3f31ffe",
            "uuid": "564fc021-abe1-4687-b213-1c7045ddefb2",
            "displayName": "{{ mitreId }}",
            "descriptions": {
                "singular": "Mitre ID"
            }
        },
        {
            "@id": "\/api\/3\/attribute_metadatas\/c81739f4-16b3-4e46-9703-b68f1722e0d6",
            "@type": "AttributeMetadata",
            "type": "string",
            "name": "name",
            "length": null,
            "orderIndex": 4,
            "formType": "text",
            "dataSource": null,
            "searchable": false,
            "peerReplicable": true,
            "system": false,
            "encrypted": false,
            "gridColumn": false,
            "collection": false,
            "inversedField": null,
            "ownsRelationship": false,
            "validation": {
                "required": false,
                "minlength": 0,
                "maxlength": 10485761
            },
            "bulkAction": {
                "allow": false,
                "buttonText": "",
                "buttonIcon": "",
                "buttonClass": "btn btn-default btn-sm"
            },
            "dataSourceFilters": null,
            "defaultValue": "",
            "tooltip": null,
            "visibility": true,
            "htmlEscape": null,
            "orphanRemoval": null,
            "readable": null,
            "writeable": true,
            "identifier": null,
            "unique": false,
            "recommend": false,
            "sattrib": "\/api\/3\/staging_model_metadatas\/0b1c3030-a0ef-4a9d-904c-7210c3f31ffe",
            "uuid": "c81739f4-16b3-4e46-9703-b68f1722e0d6",
            "displayName": "{{ name }}",
            "descriptions": {
                "singular": "Name"
            }
        },
        {
            "@id": "\/api\/3\/attribute_metadatas\/53462c9c-3b04-4c11-a70f-e3b3ee98a3c1",
            "@type": "AttributeMetadata",
            "type": "string",
            "name": "description",
            "length": null,
            "orderIndex": 7,
            "formType": "richtext",
            "dataSource": null,
            "searchable": true,
            "peerReplicable": true,
            "system": false,
            "encrypted": false,
            "gridColumn": false,
            "collection": false,
            "inversedField": null,
            "ownsRelationship": false,
            "validation": {
                "required": false,
                "minlength": 0,
                "maxlength": 10485761,
                "_enableRange": false
            },
            "bulkAction": {
                "allow": false,
                "buttonText": "",
                "buttonIcon": "",
                "buttonClass": "btn btn-default btn-sm"
            },
            "dataSourceFilters": null,
            "defaultValue": null,
            "tooltip": null,
            "visibility": true,
            "htmlEscape": null,
            "orphanRemoval": null,
            "readable": null,
            "writeable": true,
            "identifier": null,
            "unique": false,
            "recommend": false,
            "sattrib": "\/api\/3\/staging_model_metadatas\/0b1c3030-a0ef-4a9d-904c-7210c3f31ffe",
            "uuid": "53462c9c-3b04-4c11-a70f-e3b3ee98a3c1",
            "displayName": "{{ description }}",
            "descriptions": {
                "singular": "Description"
            }
        },
        {
            "@id": "\/api\/3\/attribute_metadatas\/44ffe201-9d54-4d6d-a617-1586a5da5944",
            "@type": "AttributeMetadata",
            "type": "string",
            "name": "notes",
            "length": null,
            "orderIndex": 9,
            "formType": "richtext",
            "dataSource": null,
            "searchable": true,
            "peerReplicable": true,
            "system": false,
            "encrypted": false,
            "gridColumn": false,
            "collection": false,
            "inversedField": null,
            "ownsRelationship": false,
            "validation": {
                "required": false,
                "minlength": 0,
                "maxlength": 10485761,
                "_enableRange": false
            },
            "bulkAction": {
                "allow": false,
                "buttonText": "",
                "buttonIcon": "",
                "buttonClass": "btn btn-default btn-sm"
            },
            "dataSourceFilters": null,
            "defaultValue": null,
            "tooltip": null,
            "visibility": true,
            "htmlEscape": null,
            "orphanRemoval": null,
            "readable": null,
            "writeable": true,
            "identifier": null,
            "unique": false,
            "recommend": false,
            "sattrib": "\/api\/3\/staging_model_metadatas\/0b1c3030-a0ef-4a9d-904c-7210c3f31ffe",
            "uuid": "44ffe201-9d54-4d6d-a617-1586a5da5944",
            "displayName": "{{ notes }}",
            "descriptions": {
                "singular": "My Notes"
            }
        },
        {
            "@id": "\/api\/3\/attribute_metadatas\/cfdbc2b6-88bf-43a1-b858-88b0b33e3b5d",
            "@type": "AttributeMetadata",
            "type": "string",
            "name": "version",
            "length": null,
            "orderIndex": 10,
            "formType": "text",
            "dataSource": null,
            "searchable": false,
            "peerReplicable": true,
            "system": false,
            "encrypted": false,
            "gridColumn": false,
            "collection": false,
            "inversedField": null,
            "ownsRelationship": false,
            "validation": {
                "required": false,
                "minlength": 0,
                "maxlength": 10485761,
                "_enableRange": false
            },
            "bulkAction": {
                "allow": false,
                "buttonText": "",
                "buttonIcon": "",
                "buttonClass": "btn btn-default btn-sm"
            },
            "dataSourceFilters": null,
            "defaultValue": "",
            "tooltip": null,
            "visibility": true,
            "htmlEscape": null,
            "orphanRemoval": null,
            "readable": null,
            "writeable": true,
            "identifier": null,
            "unique": false,
            "recommend": false,
            "sattrib": "\/api\/3\/staging_model_metadatas\/0b1c3030-a0ef-4a9d-904c-7210c3f31ffe",
            "uuid": "cfdbc2b6-88bf-43a1-b858-88b0b33e3b5d",
            "displayName": "{{ version }}",
            "descriptions": {
                "singular": "Version"
            }
        },
        {
            "@id": "\/api\/3\/attribute_metadatas\/f7e5cd5d-d6ed-41b1-9917-e79adc8a1830",
            "@type": "AttributeMetadata",
            "type": "string",
            "name": "contributors",
            "length": null,
            "orderIndex": 11,
            "formType": "textarea",
            "dataSource": null,
            "searchable": true,
            "peerReplicable": true,
            "system": false,
            "encrypted": false,
            "gridColumn": false,
            "collection": false,
            "inversedField": null,
            "ownsRelationship": false,
            "validation": {
                "required": false,
                "minlength": 0,
                "maxlength": 10485761
            },
            "bulkAction": {
                "allow": false,
                "buttonText": "",
                "buttonIcon": "",
                "buttonClass": "btn btn-default btn-sm"
            },
            "dataSourceFilters": null,
            "defaultValue": null,
            "tooltip": null,
            "visibility": true,
            "htmlEscape": null,
            "orphanRemoval": null,
            "readable": null,
            "writeable": true,
            "identifier": null,
            "unique": false,
            "recommend": false,
            "sattrib": "\/api\/3\/staging_model_metadatas\/0b1c3030-a0ef-4a9d-904c-7210c3f31ffe",
            "uuid": "f7e5cd5d-d6ed-41b1-9917-e79adc8a1830",
            "displayName": "{{ contributors }}",
            "descriptions": {
                "singular": "Contributors"
            }
        },
        {
            "@id": "\/api\/3\/attribute_metadatas\/c7c21d24-f282-4164-bdde-bf73569cc2a5",
            "@type": "AttributeMetadata",
            "type": "string",
            "name": "url",
            "length": null,
            "orderIndex": 5,
            "formType": "text",
            "dataSource": null,
            "searchable": false,
            "peerReplicable": true,
            "system": false,
            "encrypted": false,
            "gridColumn": false,
            "collection": false,
            "inversedField": null,
            "ownsRelationship": false,
            "validation": {
                "required": false,
                "minlength": 0,
                "maxlength": 10485761
            },
            "bulkAction": {
                "allow": false,
                "buttonText": "",
                "buttonIcon": "",
                "buttonClass": "btn btn-default btn-sm"
            },
            "dataSourceFilters": null,
            "defaultValue": "",
            "tooltip": null,
            "visibility": true,
            "htmlEscape": null,
            "orphanRemoval": null,
            "readable": null,
            "writeable": true,
            "identifier": null,
            "unique": false,
            "recommend": false,
            "sattrib": "\/api\/3\/staging_model_metadatas\/0b1c3030-a0ef-4a9d-904c-7210c3f31ffe",
            "uuid": "c7c21d24-f282-4164-bdde-bf73569cc2a5",
            "displayName": "{{ url }}",
            "descriptions": {
                "singular": "URL"
            }
        },
        {
            "@id": "\/api\/3\/attribute_metadatas\/76f3f1d5-f49d-4db2-8d77-b49b05a8968a",
            "@type": "AttributeMetadata",
            "type": "mitre_techniques",
            "name": "techniques",
            "length": null,
            "orderIndex": 12,
            "formType": "manyToMany",
            "dataSource": {
                "model": "mitre_techniques"
            },
            "searchable": false,
            "peerReplicable": true,
            "system": false,
            "encrypted": false,
            "gridColumn": false,
            "collection": true,
            "inversedField": "groups",
            "ownsRelationship": true,
            "validation": {
                "required": false,
                "minlength": 0,
                "maxlength": 10485761
            },
            "bulkAction": [],
            "dataSourceFilters": null,
            "defaultValue": null,
            "tooltip": null,
            "visibility": true,
            "htmlEscape": null,
            "orphanRemoval": null,
            "readable": null,
            "writeable": true,
            "identifier": null,
            "unique": false,
            "recommend": false,
            "sattrib": "\/api\/3\/staging_model_metadatas\/0b1c3030-a0ef-4a9d-904c-7210c3f31ffe",
            "uuid": "76f3f1d5-f49d-4db2-8d77-b49b05a8968a",
            "displayName": "{{ techniques }}",
            "descriptions": {
                "singular": "Techniques"
            }
        },
        {
            "@id": "\/api\/3\/attribute_metadatas\/7e4e41d9-d1dd-4d96-bfcf-5e8cad79b1b3",
            "@type": "AttributeMetadata",
            "type": "mitre_software",
            "name": "software",
            "length": null,
            "orderIndex": 13,
            "formType": "manyToMany",
            "dataSource": {
                "model": "mitre_software"
            },
            "searchable": false,
            "peerReplicable": true,
            "system": false,
            "encrypted": false,
            "gridColumn": false,
            "collection": true,
            "inversedField": "groups",
            "ownsRelationship": true,
            "validation": {
                "required": false,
                "minlength": 0,
                "maxlength": 10485761
            },
            "bulkAction": [],
            "dataSourceFilters": null,
            "defaultValue": null,
            "tooltip": null,
            "visibility": true,
            "htmlEscape": null,
            "orphanRemoval": null,
            "readable": null,
            "writeable": true,
            "identifier": null,
            "unique": false,
            "recommend": false,
            "sattrib": "\/api\/3\/staging_model_metadatas\/0b1c3030-a0ef-4a9d-904c-7210c3f31ffe",
            "uuid": "7e4e41d9-d1dd-4d96-bfcf-5e8cad79b1b3",
            "displayName": "{{ software }}",
            "descriptions": {
                "singular": "Software"
            }
        },
        {
            "@id": "\/api\/3\/attribute_metadatas\/0a0508cc-f1e4-4aa8-a36f-6ce403e00081",
            "@type": "AttributeMetadata",
            "type": "integer",
            "name": "lastModified",
            "length": null,
            "orderIndex": 3,
            "formType": "datetime",
            "dataSource": null,
            "searchable": true,
            "peerReplicable": true,
            "system": false,
            "encrypted": false,
            "gridColumn": false,
            "collection": false,
            "inversedField": null,
            "ownsRelationship": false,
            "validation": {
                "required": false,
                "minlength": 0,
                "maxlength": 10485761
            },
            "bulkAction": {
                "allow": false,
                "buttonText": "",
                "buttonIcon": "",
                "buttonClass": "btn btn-default btn-sm"
            },
            "dataSourceFilters": null,
            "defaultValue": null,
            "tooltip": null,
            "visibility": true,
            "htmlEscape": null,
            "orphanRemoval": null,
            "readable": null,
            "writeable": true,
            "identifier": null,
            "unique": false,
            "recommend": false,
            "sattrib": "\/api\/3\/staging_model_metadatas\/0b1c3030-a0ef-4a9d-904c-7210c3f31ffe",
            "uuid": "0a0508cc-f1e4-4aa8-a36f-6ce403e00081",
            "displayName": "{{ lastModified }}",
            "descriptions": {
                "singular": "Last Modified"
            }
        },
        {
            "@id": "\/api\/3\/attribute_metadatas\/a5b8e7b3-9a47-487f-a104-45c927a98a36",
            "@type": "AttributeMetadata",
            "type": "integer",
            "name": "created",
            "length": null,
            "orderIndex": 14,
            "formType": "datetime",
            "dataSource": null,
            "searchable": true,
            "peerReplicable": true,
            "system": false,
            "encrypted": false,
            "gridColumn": false,
            "collection": false,
            "inversedField": null,
            "ownsRelationship": false,
            "validation": {
                "required": false,
                "minlength": 0,
                "maxlength": 10485761
            },
            "bulkAction": {
                "allow": false,
                "buttonText": "",
                "buttonIcon": "",
                "buttonClass": "btn btn-default btn-sm"
            },
            "dataSourceFilters": null,
            "defaultValue": null,
            "tooltip": null,
            "visibility": true,
            "htmlEscape": null,
            "orphanRemoval": null,
            "readable": null,
            "writeable": true,
            "identifier": null,
            "unique": false,
            "recommend": false,
            "sattrib": "\/api\/3\/staging_model_metadatas\/0b1c3030-a0ef-4a9d-904c-7210c3f31ffe",
            "uuid": "a5b8e7b3-9a47-487f-a104-45c927a98a36",
            "displayName": "{{ created }}",
            "descriptions": {
                "singular": "Created"
            }
        },
        {
            "@id": "\/api\/3\/attribute_metadatas\/eaa8a943-13d7-45ed-b1fb-bca9ebac4dc7",
            "@type": "AttributeMetadata",
            "type": "string",
            "name": "aliases",
            "length": null,
            "orderIndex": 2,
            "formType": "text",
            "dataSource": null,
            "searchable": false,
            "peerReplicable": true,
            "system": false,
            "encrypted": false,
            "gridColumn": false,
            "collection": false,
            "inversedField": null,
            "ownsRelationship": false,
            "validation": {
                "required": false,
                "minlength": 0,
                "maxlength": 10485761,
                "_enableRange": false
            },
            "bulkAction": {
                "allow": false,
                "buttonText": "",
                "buttonIcon": "",
                "buttonClass": "btn btn-default btn-sm"
            },
            "dataSourceFilters": null,
            "defaultValue": "",
            "tooltip": null,
            "visibility": true,
            "htmlEscape": null,
            "orphanRemoval": null,
            "readable": null,
            "writeable": true,
            "identifier": null,
            "unique": false,
            "recommend": false,
            "sattrib": "\/api\/3\/staging_model_metadatas\/0b1c3030-a0ef-4a9d-904c-7210c3f31ffe",
            "uuid": "eaa8a943-13d7-45ed-b1fb-bca9ebac4dc7",
            "displayName": "{{ aliases }}",
            "descriptions": {
                "singular": "Associated Groups"
            }
        }
    ],
    "system": false,
    "module": "mitre_groups",
    "uuid": "0b1c3030-a0ef-4a9d-904c-7210c3f31ffe",
    "displayName": "{{ name }}",
    "descriptions": {
        "singular": "Group",
        "plural": "Groups"
    }
}